name,serving_size,calories,proteins,carbohydrate,fat,sugar_g,sodium_mg,fiber_g,energy_percentage_dv,protein_percentage_dv,carbohydrate_percentage_dv,fat_percentage_dv,sodium_percentage_dv,Lemak jenuh,Natrium,Protein,Karbohidrat total,Energi,Lemak total,Serat pangan,name_clean,food_category
"Ikan sunu, asin, mentah",20.30 g,199.0,34.1,7.1,3.8,0.0,377.0,0.0,9.26,56.83,2.18,5.67,25.13,0.0,0.0,0.0,0.0,0.0,0.0,0.0,"ikan sunu, asin, mentah",High protein
"Soto pekalongan, masakan",1.30 g,94.0,3.0,5.1,6.8,0.0,0.0,0.3,4.37,5.0,1.57,10.15,0.0,0.0,0.0,0.0,0.0,0.0,0.0,0.0,"soto pekalongan, masakan",Low Carb
Marie duo,1 g,15.0,1.0,14.0,3.5,5.0,85.0,1.0,4.19,1.67,4.31,5.22,5.67,10.0,6.0,0.0,0.0,0.0,0.0,0.0,marie duo,Low Sugar
"Kaparende, sayur",1.30 g,38.0,2.4,2.6,2.0,0.0,170.0,1.5,1.77,4.0,0.8,2.99,11.33,0.0,0.0,0.0,0.0,0.0,0.0,0.0,"kaparende, sayur",Low Carb
Kacang lebui / iris,3.60 g,346.0,16.5,66.6,1.5,0.0,17.0,37.3,16.09,27.5,20.49,2.24,1.13,0.0,0.0,0.0,0.0,0.0,0.0,0.0,kacang lebui / iris,High protein
The coffe bean & tea leaf pure vanilla ice blended drink,15 g,410.0,15.0,70.0,9.0,63.0,0.0,0.0,19.07,25.0,21.54,13.43,0.0,0.0,0.0,25.0,22.0,20.0,0.0,0.0,the coffe bean & tea leaf pure vanilla ice blended drink,High protein
Dairy queen banana split,4 g,520.0,9.0,92.0,14.0,72.0,0.0,4.0,24.19,15.0,28.31,20.9,0.0,0.0,0.0,0.0,29.0,25.0,21.0,0.0,dairy queen banana split,Snack
"Gembili, ubi, segar",1 g,131.0,1.1,31.3,0.2,0.0,10.0,1.1,6.09,1.83,9.63,0.3,0.67,0.0,0.0,0.0,0.0,0.0,0.0,0.0,"gembili, ubi, segar",Low Sugar
Baked lotus paste mooncake with two egg yolks,0.85 g,223.0,4.05,20.5,13.79,0.0,0.0,0.85,10.37,6.75,6.31,20.58,0.0,0.0,0.0,7.0,0.0,11.0,21.0,0.0,baked lotus paste mooncake with two egg yolks,Low Sugar
Cumi-cumi,0.90 g,75.0,16.1,0.1,0.7,0.0,37.0,0.0,3.49,26.83,0.03,1.04,2.47,0.0,0.0,0.0,0.0,0.0,0.0,0.0,cumi-cumi,High protein
"Kunyit, segar",1.30 g,69.0,2.0,9.1,2.7,0.0,6.0,0.6,3.21,3.33,2.8,4.03,0.4,0.0,0.0,0.0,0.0,0.0,0.0,0.0,"kunyit, segar",Low Carb
The coffe bean & tea leaf black forest ice blended drink,12 g,490.0,12.0,89.0,10.0,76.0,0.0,0.0,22.79,20.0,27.38,14.93,0.0,0.0,0.0,20.0,28.0,23.0,0.0,0.0,the coffe bean & tea leaf black forest ice blended drink,Snack
Coklat silverqueen almond,4 g,170.0,4.0,14.0,11.0,11.0,0.0,0.0,7.91,6.67,4.31,16.42,0.0,0.0,0.0,7.0,0.0,8.0,17.0,0.0,coklat silverqueen almond,Snack
"Daun gedi besar, segar",2.40 g,58.0,2.9,10.0,0.7,0.0,30.0,3.3,2.7,4.83,3.08,1.04,2.0,0.0,0.0,0.0,0.0,0.0,0.0,0.0,"daun gedi besar, segar",Low Carb
Kopi hitam tanpa gula,0.28 g,2.0,0.28,0.09,0.05,0.0,0.0,0.0,0.09,0.47,0.03,0.07,0.0,0.0,0.0,1.0,0.0,1.0,1.0,0.0,kopi hitam tanpa gula,Low Carb
Tumis keumamah,4.30 g,300.0,14.5,15.5,20.0,0.0,0.0,4.5,13.95,24.17,4.77,29.85,0.0,0.0,0.0,0.0,0.0,0.0,0.0,0.0,tumis keumamah,Low Sugar
Regal Biskuit Marie,1 g,70.0,1.0,12.0,2.0,0.0,45.0,0.0,3.26,1.67,3.69,2.99,3.0,0.0,3.0,0.0,4.0,4.0,0.0,0.0,regal biskuit marie,Low Sugar
Teh hijau daun kering,5.60 g,300.0,28.3,53.6,4.8,0.0,60.0,9.6,13.95,47.17,16.49,7.16,4.0,0.0,0.0,0.0,0.0,0.0,0.0,0.0,teh hijau daun kering,High protein
Susu ultra milk rasa coklat 200 ml,6 g,160.0,6.0,24.0,4.0,0.0,45.0,0.0,7.44,10.0,7.38,5.97,3.0,15.0,0.0,10.0,0.0,8.0,0.0,0.0,susu ultra milk rasa coklat 200 ml,Low Sugar
Frisian flag putih (kental manis),1 g,140.0,1.0,23.0,4.0,19.0,0.0,0.0,6.51,1.67,7.08,5.97,0.0,0.0,0.0,0.0,8.0,7.0,6.0,0.0,frisian flag putih (kental manis),Healthy
Sedaap Kecap Manis,1 g,70.0,1.0,16.0,0.0,13.0,290.0,0.0,3.26,1.67,4.92,0.0,19.33,0.0,20.0,0.0,5.0,4.0,0.0,0.0,sedaap kecap manis,Healthy
Outback steackhouse slow roasted prime rib,46 g,700.0,46.0,0.0,57.0,0.0,0.0,0.0,32.56,76.67,0.0,85.07,0.0,0.0,0.0,77.0,0.0,33.0,86.0,0.0,outback steackhouse slow roasted prime rib,High protein
Es krim Diamond vanilla,2 g,110.0,2.0,12.0,6.0,9.0,0.0,0.0,5.12,3.33,3.69,8.96,0.0,0.0,0.0,0.0,4.0,6.0,9.0,0.0,es krim diamond vanilla,Healthy
"Genjer, segar",0.40 g,35.0,1.7,7.7,0.2,0.0,64.0,2.5,1.63,2.83,2.37,0.3,4.27,0.0,0.0,0.0,0.0,0.0,0.0,0.0,"genjer, segar",Low Carb
"Taoge kacang kedelai, segar",1 g,76.0,9.0,6.4,2.6,0.0,5.0,0.7,3.53,15.0,1.97,3.88,0.33,0.0,0.0,0.0,0.0,0.0,0.0,0.0,"taoge kacang kedelai, segar",Low Carb
Renggi Goreng,0.60 g,471.0,4.7,64.1,21.8,0.0,126.0,6.4,21.91,7.83,19.72,32.54,8.4,0.0,0.0,0.0,0.0,0.0,0.0,0.0,renggi goreng,Low Sugar
Saus Char siu (chinese BBQ),0 g,60.0,0.0,14.0,0.0,13.0,0.0,0.0,2.79,0.0,4.31,0.0,0.0,0.0,0.0,0.0,5.0,3.0,0.0,0.0,saus char siu (chinese bbq),Healthy
"Daun kedongdong, segar",1.80 g,59.0,3.5,13.4,0.3,0.0,12.0,10.7,2.74,5.83,4.12,0.45,0.8,0.0,0.0,0.0,0.0,0.0,0.0,0.0,"daun kedongdong, segar",Low Sugar
Semur jengkol,2.20 g,212.0,6.0,29.1,10.0,0.0,0.0,0.0,9.86,10.0,8.95,14.93,0.0,0.0,0.0,0.0,0.0,0.0,0.0,0.0,semur jengkol,Low Sugar
Chatime taro milk tea,2 g,399.0,2.0,70.0,12.0,54.5,0.0,0.0,18.56,3.33,21.54,17.91,0.0,0.0,0.0,0.0,22.0,19.0,18.0,0.0,chatime taro milk tea,Snack
Biokul natural set yogurt,5 g,70.0,5.0,10.0,1.0,3.0,0.0,0.0,3.26,8.33,3.08,1.49,0.0,0.0,0.0,9.0,4.0,4.0,0.0,0.0,biokul natural set yogurt,Low Carb
Kambose,0.70 g,164.0,3.0,32.6,2.4,0.0,0.0,4.3,7.63,5.0,10.03,3.58,0.0,0.0,0.0,0.0,0.0,0.0,0.0,0.0,kambose,Low Sugar
Sarden ABC saus tomat,12 g,100.0,12.0,9.0,2.0,2.0,0.0,0.0,4.65,20.0,2.77,2.99,0.0,0.0,0.0,20.0,0.0,5.0,3.0,0.0,sarden abc saus tomat,Low Carb
"Parede baleh, masakan",1.50 g,87.0,10.5,5.5,2.5,0.0,416.0,0.0,4.05,17.5,1.69,3.73,27.73,0.0,0.0,0.0,0.0,0.0,0.0,0.0,"parede baleh, masakan",Low Carb
Nasi gurih,1.30 g,190.0,4.7,26.0,7.5,0.0,296.0,0.7,8.84,7.83,8.0,11.19,19.73,0.0,0.0,0.0,0.0,0.0,0.0,0.0,nasi gurih,Low Sugar
You C100 Orange water,0 g,160.0,0.0,40.0,0.0,40.0,0.0,0.0,7.44,0.0,12.31,0.0,0.0,0.0,0.0,0.0,13.0,8.0,0.0,0.0,you c100 orange water,Snack
Diamond Milk Susu UHT Full Cream,6 g,120.0,6.0,10.0,6.0,0.0,100.0,0.0,5.58,10.0,3.08,8.96,6.67,0.0,7.0,10.0,0.0,0.0,9.0,0.0,diamond milk susu uht full cream,Low Carb
Kacang tolo / tunggak,3.60 g,331.0,24.4,56.6,1.9,0.0,15.0,1.6,15.4,40.67,17.42,2.84,1.0,0.0,0.0,0.0,0.0,0.0,0.0,0.0,kacang tolo / tunggak,High protein
"Babi, daging, kurus, segar",0.90 g,371.0,14.1,0.0,35.0,0.0,97.0,0.0,17.26,23.5,0.0,52.24,6.47,0.0,0.0,0.0,0.0,0.0,0.0,0.0,"babi, daging, kurus, segar",Low Carb
Keripik tempe abadi besar,2.80 g,556.0,15.8,39.8,37.1,0.0,0.0,3.5,25.86,26.33,12.25,55.37,0.0,0.0,0.0,0.0,0.0,0.0,0.0,0.0,keripik tempe abadi besar,High protein
Sunduk lawang,1 g,181.0,1.9,32.4,1.3,0.0,0.0,0.0,8.42,3.17,9.97,1.94,0.0,0.0,0.0,0.0,0.0,0.0,0.0,0.0,sunduk lawang,Low Sugar
"Jengkol, segar",0.90 g,192.0,5.4,40.7,0.3,0.0,60.0,1.5,8.93,9.0,12.52,0.45,4.0,0.0,0.0,0.0,0.0,0.0,0.0,0.0,"jengkol, segar",Low Sugar
"Ketan putih, matang",0.20 g,163.0,3.0,35.7,0.4,0.0,8.0,0.2,7.58,5.0,10.98,0.6,0.53,0.0,0.0,0.0,0.0,0.0,0.0,0.0,"ketan putih, matang",Low Sugar
Susu Ultra Milk Rasa coklat 1000 ml,8 g,45.0,8.0,30.0,5.0,24.0,55.0,0.0,9.3,13.33,9.23,7.46,3.67,20.0,0.0,14.0,0.0,10.0,0.0,0.0,susu ultra milk rasa coklat 1000 ml,Healthy
"Jagung kuning, tepung",1.20 g,355.0,9.2,73.7,3.9,0.0,11.0,7.2,16.51,15.33,22.68,5.82,0.73,0.0,0.0,0.0,0.0,0.0,0.0,0.0,"jagung kuning, tepung",Low Sugar
Padamaran,0.80 g,171.0,3.9,18.8,8.9,0.0,0.0,0.0,7.95,6.5,5.78,13.28,0.0,0.0,0.0,0.0,0.0,0.0,0.0,0.0,padamaran,Low Sugar
"Beras tumbuk merah, mentah",1 g,352.0,7.3,76.2,0.9,0.0,10.0,0.8,16.37,12.17,23.45,1.34,0.67,0.0,0.0,0.0,0.0,0.0,0.0,0.0,"beras tumbuk merah, mentah",Low Sugar
Karawila,0.30 g,25.0,2.3,3.5,0.2,0.0,8.0,2.1,1.16,3.83,1.08,0.3,0.53,0.0,0.0,0.0,0.0,0.0,0.0,0.0,karawila,Low Carb
"Ikan teri nasi, kering, mentah",32.40 g,144.0,32.5,0.0,0.6,0.0,312.0,0.0,6.7,54.17,0.0,0.9,20.8,0.0,0.0,0.0,0.0,0.0,0.0,0.0,"ikan teri nasi, kering, mentah",High protein
Nutrisari Yuzu Orange,0 g,45.0,0.0,10.0,0.0,9.0,20.0,0.0,2.09,0.0,3.08,0.0,1.33,0.0,0.0,0.0,0.0,0.0,0.0,0.0,nutrisari yuzu orange,Low Carb
"Sate pusut, masakan",2.80 g,274.0,12.9,13.6,18.6,0.0,609.0,0.0,12.74,21.5,4.18,27.76,40.6,0.0,0.0,0.0,0.0,0.0,0.0,0.0,"sate pusut, masakan",Low Sugar
Kue bangen,2.20 g,442.0,3.3,74.2,14.7,0.0,0.0,0.0,20.56,5.5,22.83,21.94,0.0,0.0,0.0,0.0,0.0,0.0,0.0,0.0,kue bangen,Low Sugar
Burger Carl's Jr the big carl,3 g,920.0,47.0,56.0,58.0,12.0,0.0,3.0,42.79,78.33,17.23,86.57,0.0,0.0,0.0,79.0,0.0,43.0,87.0,0.0,burger carl's jr the big carl,High protein
Coklat manis batang,4.10 g,527.0,2.0,62.7,29.8,0.0,6.0,6.5,24.51,3.33,19.29,44.48,0.4,0.0,0.0,0.0,0.0,0.0,0.0,0.0,coklat manis batang,Low Sugar
Moon tahu,0.80 g,128.0,8.0,1.3,10.0,0.0,393.0,0.2,5.95,13.33,0.4,14.93,26.2,0.0,0.0,0.0,0.0,0.0,0.0,0.0,moon tahu,Low Carb
Bakwan,2.10 g,280.0,8.2,39.0,10.2,0.0,0.0,3.4,13.02,13.67,12.0,15.22,0.0,0.0,0.0,0.0,0.0,0.0,0.0,0.0,bakwan,Low Sugar
Roti boong,1 g,341.0,5.5,43.3,16.2,0.0,161.0,0.0,15.86,9.17,13.32,24.18,10.73,0.0,0.0,0.0,0.0,0.0,0.0,0.0,roti boong,Low Sugar
nestle honey star sereal,1 g,110.0,1.0,25.0,1.0,0.0,10.0,0.0,5.12,1.67,7.69,1.49,0.67,0.0,0.0,2.0,8.0,6.0,0.0,0.0,nestle honey star sereal,Low Sugar
Es krim Wall's oreo chocolate,1 g,140.0,2.0,21.0,4.0,15.0,0.0,1.0,6.51,3.33,6.46,5.97,0.0,0.0,0.0,0.0,7.0,7.0,6.0,0.0,es krim wall's oreo chocolate,Healthy
Minyak hati hiu,0 g,902.0,0.0,0.0,100.0,0.0,0.0,0.0,41.95,0.0,0.0,149.25,0.0,0.0,0.0,0.0,0.0,0.0,0.0,0.0,minyak hati hiu,Low Carb
Onde-onde,0.60 g,336.0,4.0,57.9,9.8,0.0,0.0,0.0,15.63,6.67,17.82,14.63,0.0,0.0,0.0,0.0,0.0,0.0,0.0,0.0,onde-onde,Low Sugar
Sarimi isi 2 ayam bawang,3 g,510.0,13.0,70.0,20.0,3.0,0.0,3.0,23.72,21.67,21.54,29.85,0.0,0.0,0.0,22.0,0.0,24.0,30.0,0.0,sarimi isi 2 ayam bawang,Low Sugar
Mie Kuah Gaga 100 Xtra Pedas  Jalapeno,9 g,120.0,9.0,43.0,13.0,2.0,1320.0,0.0,15.35,15.0,13.23,19.4,88.0,0.0,88.0,0.0,0.0,16.0,20.0,0.0,mie kuah gaga 100 xtra pedas  jalapeno,Low Sugar
Kin bulgarian style yogurt strawberry,4 g,35.0,4.0,29.0,3.5,27.0,50.0,0.0,7.91,6.67,8.92,5.22,3.33,0.0,0.0,7.0,9.0,8.0,0.0,0.0,kin bulgarian style yogurt strawberry,Healthy
"Lumai / leunca, segar",0.50 g,38.0,1.1,7.6,0.3,0.0,2.0,2.0,1.77,1.83,2.34,0.45,0.13,0.0,0.0,0.0,0.0,0.0,0.0,0.0,"lumai / leunca, segar",Low Carb
Keripik tempe abadi prima,2.60 g,540.0,16.7,42.0,33.9,0.0,0.0,2.2,25.12,27.83,12.92,50.6,0.0,0.0,0.0,0.0,0.0,0.0,0.0,0.0,keripik tempe abadi prima,High protein
Hokben Chicken karaage,25 g,340.0,25.0,15.0,20.5,0.0,0.0,0.0,15.81,41.67,4.62,30.6,0.0,0.0,0.0,42.0,0.0,16.0,31.0,0.0,hokben chicken karaage,High protein
Kwaci,3.70 g,515.0,30.6,13.8,42.1,0.0,124.0,13.6,23.95,51.0,4.25,62.84,8.27,0.0,0.0,0.0,0.0,0.0,0.0,0.0,kwaci,High protein
Sawo duren,0.60 g,64.0,1.0,8.0,3.1,0.0,13.0,0.8,2.98,1.67,2.46,4.63,0.87,0.0,0.0,0.0,0.0,0.0,0.0,0.0,sawo duren,Low Carb
Subway Turkey breast sandwich,5 g,280.0,18.0,46.0,3.5,7.0,0.0,5.0,13.02,30.0,14.15,5.22,0.0,0.0,0.0,30.0,15.0,0.0,0.0,17.0,subway turkey breast sandwich,High protein
Qtela Tempe,4 g,110.0,4.0,8.0,7.0,0.0,0.0,0.0,5.12,6.67,2.46,10.45,0.0,0.0,0.0,7.0,0.0,6.0,11.0,0.0,qtela tempe,Low Carb
"Telur burung maleo, segar",0.80 g,436.0,26.5,0.4,36.3,0.0,77.0,0.0,20.28,44.17,0.12,54.18,5.13,0.0,0.0,0.0,0.0,0.0,0.0,0.0,"telur burung maleo, segar",High protein
Marie salut cokelat,1 g,90.0,1.0,13.0,3.5,6.0,35.0,0.0,4.19,1.67,4.0,5.22,2.33,0.0,0.0,0.0,4.0,5.0,6.0,0.0,marie salut cokelat,Healthy
Nabati HANSEL,2 g,70.0,2.0,7.0,4.0,5.0,30.0,0.0,3.26,3.33,2.15,5.97,2.0,15.0,0.0,4.0,0.0,0.0,6.0,0.0,nabati hansel,Low Carb
Kacang panjang biji,0.40 g,357.0,17.3,68.6,1.5,0.0,16.0,10.6,16.6,28.83,21.11,2.24,1.07,0.0,0.0,0.0,0.0,0.0,0.0,0.0,kacang panjang biji,High protein
Koro roay,3 g,344.0,12.5,69.4,2.1,0.0,18.0,7.5,16.0,20.83,21.35,3.13,1.2,0.0,0.0,0.0,0.0,0.0,0.0,0.0,koro roay,Low Sugar
Bolu peca,0.90 g,197.0,3.3,35.6,4.6,0.0,0.0,0.0,9.16,5.5,10.95,6.87,0.0,0.0,0.0,0.0,0.0,0.0,0.0,0.0,bolu peca,Low Sugar
air putih / air mineral / air minum,0 g,0.0,0.0,0.0,0.0,0.0,0.0,0.0,0.0,0.0,0.0,0.0,0.0,0.0,0.0,0.0,0.0,0.0,0.0,0.0,air putih / air mineral / air minum,Low Carb
Mr. Bread Roti tawar gandum,2.50 g,199.0,7.0,36.0,3.0,2.0,487.0,2.5,9.26,11.67,11.08,4.48,32.47,0.0,33.0,12.0,12.0,0.0,0.0,0.0,mr. bread roti tawar gandum,Low Sugar
"Kacang hijau var. Siwalik, kering",3.70 g,339.0,20.8,64.6,2.1,0.0,45.0,7.4,15.77,34.67,19.88,3.13,3.0,0.0,0.0,0.0,0.0,0.0,0.0,0.0,"kacang hijau var. siwalik, kering",High protein
"Ikan Lehoma, segar",1.10 g,90.0,20.4,0.0,0.9,0.0,56.0,0.0,4.19,34.0,0.0,1.34,3.73,0.0,0.0,0.0,0.0,0.0,0.0,0.0,"ikan lehoma, segar",High protein
Wingko babat,0.70 g,355.0,3.2,51.4,15.1,0.0,0.0,2.4,16.51,5.33,15.82,22.54,0.0,0.0,0.0,0.0,0.0,0.0,0.0,0.0,wingko babat,Low Sugar
Permen frozz mint,0 g,0.0,0.0,1.0,0.0,0.0,0.0,0.0,0.0,0.0,0.31,0.0,0.0,0.0,0.0,0.0,1.0,0.0,0.0,0.0,permen frozz mint,Low Carb
"Daun kecipir, segar",1 g,52.0,5.0,8.5,0.5,0.0,6.0,0.0,2.42,8.33,2.62,0.75,0.4,0.0,0.0,0.0,0.0,0.0,0.0,0.0,"daun kecipir, segar",Low Carb
Frisian flag french vanilla low fat,7 g,110.0,7.0,16.0,2.5,16.0,110.0,0.0,5.12,11.67,4.92,3.73,7.33,0.0,8.0,12.0,0.0,6.0,0.0,0.0,frisian flag french vanilla low fat,Healthy
Cumi-cumi goreng,3.10 g,265.0,40.6,0.0,10.1,0.0,86.0,0.0,12.33,67.67,0.0,15.07,5.73,0.0,0.0,0.0,0.0,0.0,0.0,0.0,cumi-cumi goreng,High protein
Melinjo emping tipis goreng,1.50 g,485.0,11.5,59.1,24.5,0.0,0.0,0.0,22.56,19.17,18.18,36.57,0.0,0.0,0.0,0.0,0.0,0.0,0.0,0.0,melinjo emping tipis goreng,Low Sugar
"Apem, kue",0.50 g,148.0,2.0,33.9,0.5,0.0,0.0,0.0,6.88,3.33,10.43,0.75,0.0,0.0,0.0,0.0,0.0,0.0,0.0,0.0,"apem, kue",Low Sugar
Beef teriyaki,0.90 g,151.0,8.6,22.3,3.1,0.0,377.0,0.3,7.02,14.33,6.86,4.63,25.13,0.0,0.0,0.0,0.0,0.0,0.0,0.0,beef teriyaki,Low Sugar
Saori Saus Tiram,0 g,5.0,0.0,2.0,0.0,0.0,290.0,0.0,0.23,0.0,0.62,0.0,19.33,0.0,20.0,0.0,1.0,1.0,0.0,0.0,saori saus tiram,Low Carb
"Ketan hitam, tapai",0.60 g,166.0,3.8,34.4,1.0,0.0,5.0,0.3,7.72,6.33,10.58,1.49,0.33,0.0,0.0,0.0,0.0,0.0,0.0,0.0,"ketan hitam, tapai",Low Sugar
"Gete kuah asam, masakan",3.80 g,75.0,8.2,6.0,2.0,0.0,260.0,0.0,3.49,13.67,1.85,2.99,17.33,0.0,0.0,0.0,0.0,0.0,0.0,0.0,"gete kuah asam, masakan",Low Carb
"Duwet, segar",0.50 g,80.0,0.5,18.2,0.6,0.0,16.0,0.9,3.72,0.83,5.6,0.9,1.07,0.0,0.0,0.0,0.0,0.0,0.0,0.0,"duwet, segar",Low Sugar
Mie Lemonilo ayam bawang,3 g,267.0,9.0,49.0,4.0,1.0,948.0,3.0,12.42,15.0,15.08,5.97,63.2,0.0,64.0,15.0,16.0,0.0,0.0,0.0,mie lemonilo ayam bawang,Low Sugar
"Bouiki ninahu nggaluku, masakan",5.30 g,94.0,7.8,10.8,2.2,0.0,58.0,0.0,4.37,13.0,3.32,3.28,3.87,0.0,0.0,0.0,0.0,0.0,0.0,0.0,"bouiki ninahu nggaluku, masakan",Low Sugar
Coklat pahit batang,10.10 g,615.0,5.5,29.2,42.6,0.0,20.0,10.8,28.6,9.17,8.98,63.58,1.33,0.0,0.0,0.0,0.0,0.0,0.0,0.0,coklat pahit batang,Low Sugar
Supermi ayam Bawang,4 g,130.0,7.0,46.0,15.0,2.0,1030.0,4.0,15.81,11.67,14.15,22.39,68.67,40.0,69.0,0.0,0.0,0.0,23.0,0.0,supermi ayam bawang,Low Sugar
Coco pops,1 g,120.0,2.0,26.0,0.5,12.0,0.0,1.0,5.58,3.33,8.0,0.75,0.0,0.0,0.0,4.0,8.0,6.0,0.0,0.0,coco pops,Healthy
"Buah naga merah, segar",0.40 g,71.0,1.7,9.1,3.1,0.0,10.0,3.2,3.3,2.83,2.8,4.63,0.67,0.0,0.0,0.0,0.0,0.0,0.0,0.0,"buah naga merah, segar",Low Carb
"Gulai keumamah, masakan",1.30 g,110.0,5.9,3.2,8.2,0.0,335.0,0.0,5.12,9.83,0.98,12.24,22.33,0.0,0.0,0.0,0.0,0.0,0.0,0.0,"gulai keumamah, masakan",Low Carb
Ampas tahu kukus,0.60 g,75.0,4.1,10.7,2.1,0.0,0.0,5.1,3.49,6.83,3.29,3.13,0.0,0.0,0.0,0.0,0.0,0.0,0.0,0.0,ampas tahu kukus,Low Sugar
Cold Stone Creamery chocolate Devotion,3 g,870.0,13.0,108.0,45.0,91.0,0.0,3.0,40.47,21.67,33.23,67.16,0.0,0.0,0.0,0.0,34.0,41.0,68.0,0.0,cold stone creamery chocolate devotion,Snack
Lepok / Ubi rumput,0.90 g,181.0,2.8,39.8,1.2,0.0,116.0,10.7,8.42,4.67,12.25,1.79,7.73,0.0,0.0,0.0,0.0,0.0,0.0,0.0,lepok / ubi rumput,Low Sugar
"Rajungan, segar",2.70 g,76.0,12.1,2.4,2.0,0.0,69.0,0.0,3.53,20.17,0.74,2.99,4.6,0.0,0.0,0.0,0.0,0.0,0.0,0.0,"rajungan, segar",Low Carb
Permen mentos peppermint,0 g,5.0,0.0,1.0,0.0,0.0,0.0,0.0,0.23,0.0,0.31,0.0,0.0,0.0,0.0,0.0,1.0,1.0,0.0,0.0,permen mentos peppermint,Low Carb
Pop mie kuah pedes dower,3 g,360.0,6.0,46.0,16.0,4.0,0.0,3.0,16.74,10.0,14.15,23.88,0.0,0.0,0.0,0.0,15.0,17.0,24.0,0.0,pop mie kuah pedes dower,Low Sugar
"Ketimun madura, segar",0.40 g,9.0,0.5,1.9,0.1,0.0,2.0,0.7,0.42,0.83,0.58,0.15,0.13,0.0,0.0,0.0,0.0,0.0,0.0,0.0,"ketimun madura, segar",Low Carb
Getuk goreng,1.50 g,360.0,1.3,74.3,6.4,0.0,0.0,0.8,16.74,2.17,22.86,9.55,0.0,0.0,0.0,0.0,0.0,0.0,0.0,0.0,getuk goreng,Low Sugar
Laksa/Putu mayang,0.60 g,121.0,1.7,21.1,3.4,0.0,0.0,0.0,5.63,2.83,6.49,5.07,0.0,0.0,0.0,0.0,0.0,0.0,0.0,0.0,laksa/putu mayang,Low Sugar
Ultramilk law fat source of calcium,7 g,90.0,7.0,11.0,2.5,0.0,105.0,0.0,4.19,11.67,3.38,3.73,7.0,0.0,0.0,0.0,0.0,0.0,0.0,0.0,ultramilk law fat source of calcium,Low Sugar
Kacang urei,3.30 g,354.0,12.8,69.3,1.8,0.0,1.0,26.1,16.47,21.33,21.32,2.69,0.07,0.0,0.0,0.0,0.0,0.0,0.0,0.0,kacang urei,Low Sugar
"Ganyong, segar",0.90 g,77.0,0.6,18.4,0.2,0.0,0.0,0.8,3.58,1.0,5.66,0.3,0.0,0.0,0.0,0.0,0.0,0.0,0.0,0.0,"ganyong, segar",Low Sugar
Keju,5.30 g,326.0,22.8,13.1,20.3,0.0,1410.0,0.0,15.16,38.0,4.03,30.3,94.0,0.0,0.0,0.0,0.0,0.0,0.0,0.0,keju,High protein
"Bebek (itik), daging, segar",1.10 g,321.0,16.0,0.0,28.6,0.0,54.0,0.0,14.93,26.67,0.0,42.69,3.6,0.0,0.0,0.0,0.0,0.0,0.0,0.0,"bebek (itik), daging, segar",High protein
Sagu Lemak (Kue Sagon),0.70 g,452.0,2.8,76.8,14.8,0.0,182.0,1.1,21.02,4.67,23.63,22.09,12.13,0.0,0.0,0.0,0.0,0.0,0.0,0.0,sagu lemak (kue sagon),Low Sugar
"Buah kelenting, segar",1.20 g,110.0,1.4,21.4,2.1,0.0,2.0,0.0,5.12,2.33,6.58,3.13,0.13,0.0,0.0,0.0,0.0,0.0,0.0,0.0,"buah kelenting, segar",Low Sugar
Masekat,0.80 g,369.0,2.1,74.1,7.0,0.0,141.0,4.0,17.16,3.5,22.8,10.45,9.4,0.0,0.0,0.0,0.0,0.0,0.0,0.0,masekat,Low Sugar
"Bakpia, kue",1.60 g,272.0,8.7,44.1,6.7,0.0,0.0,0.9,12.65,14.5,13.57,10.0,0.0,0.0,0.0,0.0,0.0,0.0,0.0,0.0,"bakpia, kue",Low Sugar
Coklat susu batang,1.40 g,565.0,9.0,53.6,35.0,0.0,100.0,3.4,26.28,15.0,16.49,52.24,6.67,0.0,0.0,0.0,0.0,0.0,0.0,0.0,coklat susu batang,Low Sugar
Es teh manis,0.02 g,90.0,0.02,23.44,0.0,0.0,0.0,0.0,4.19,0.03,7.21,0.0,0.0,0.0,0.0,1.0,8.0,5.0,0.0,0.0,es teh manis,Low Sugar
"Cap cai / capcay / cap cay, sayur",1 g,97.0,5.8,4.2,6.3,0.0,405.0,0.6,4.51,9.67,1.29,9.4,27.0,0.0,0.0,0.0,0.0,0.0,0.0,0.0,"cap cai / capcay / cap cay, sayur",Low Carb
Keju cheddar,22.87 g,404.0,22.87,3.09,33.31,0.0,0.0,0.0,18.79,38.12,0.95,49.72,0.0,0.0,0.0,39.0,0.0,19.0,50.0,0.0,keju cheddar,High protein
Sawo kecik,1.40 g,111.0,0.9,21.6,2.3,0.0,28.0,1.0,5.16,1.5,6.65,3.43,1.87,0.0,0.0,0.0,0.0,0.0,0.0,0.0,sawo kecik,Low Sugar
Keju kraft cheddar,4 g,70.0,4.0,2.0,5.0,0.0,0.0,0.0,3.26,6.67,0.62,7.46,0.0,0.0,0.0,7.0,0.0,4.0,8.0,0.0,keju kraft cheddar,Low Carb
Starbucks hot caffe mocha (notfat milk),13 g,250.0,13.0,42.0,2.5,0.0,0.0,0.0,11.63,21.67,12.92,3.73,0.0,0.0,0.0,22.0,13.0,12.0,0.0,0.0,starbucks hot caffe mocha (notfat milk),Low Sugar
Koya,0.80 g,366.0,4.2,77.5,4.3,0.0,0.0,0.8,17.02,7.0,23.85,6.42,0.0,0.0,0.0,0.0,0.0,0.0,0.0,0.0,koya,Low Sugar
Mi golosor,0.20 g,71.0,0.2,15.9,0.8,0.0,0.0,0.1,3.3,0.33,4.89,1.19,0.0,0.0,0.0,0.0,0.0,0.0,0.0,0.0,mi golosor,Low Sugar
Good day cappuccino,1 g,170.0,1.0,32.0,3.5,25.0,0.0,1.0,7.91,1.67,9.85,5.22,0.0,0.0,0.0,0.0,10.0,8.0,6.0,0.0,good day cappuccino,Snack
"Susu asam untuk bayi, bubuk",4 g,418.0,19.0,65.5,9.0,0.0,188.0,0.0,19.44,31.67,20.15,13.43,12.53,0.0,0.0,0.0,0.0,0.0,0.0,0.0,"susu asam untuk bayi, bubuk",High protein
Kacang bogor kering,3 g,370.0,16.0,65.0,6.0,0.0,44.0,26.3,17.21,26.67,20.0,8.96,2.93,0.0,0.0,0.0,0.0,0.0,0.0,0.0,kacang bogor kering,High protein
Khong guan malkist seaweed,1 g,90.0,1.0,12.0,3.5,2.0,0.0,0.0,4.19,1.67,3.69,5.22,0.0,0.0,0.0,0.0,4.0,5.0,6.0,0.0,khong guan malkist seaweed,Low Sugar
"Cantel / sorgum, mentah",1.70 g,366.0,11.0,73.0,3.3,0.0,7.0,1.2,17.02,18.33,22.46,4.93,0.47,0.0,0.0,0.0,0.0,0.0,0.0,0.0,"cantel / sorgum, mentah",Low Sugar
"Daun bluntas, segar",2.30 g,44.0,1.8,9.4,0.5,0.0,0.0,0.0,2.05,3.0,2.89,0.75,0.0,0.0,0.0,0.0,0.0,0.0,0.0,0.0,"daun bluntas, segar",Low Carb
Margarine,2.50 g,720.0,0.6,0.4,81.0,0.0,760.0,0.0,33.49,1.0,0.12,120.9,50.67,0.0,0.0,0.0,0.0,0.0,0.0,0.0,margarine,Low Carb
Pocari sweat,0 g,70.0,0.0,17.0,0.0,16.0,0.0,0.0,3.26,0.0,5.23,0.0,0.0,0.0,0.0,0.0,6.0,4.0,0.0,0.0,pocari sweat,Healthy
Starbucks iced caffe latte (wholemilk),8 g,120.0,8.0,13.0,7.0,0.0,0.0,0.0,5.58,13.33,4.0,10.45,0.0,0.0,0.0,14.0,0.0,6.0,11.0,0.0,starbucks iced caffe latte (wholemilk),Low Sugar
Susu kental manis,1.80 g,343.0,8.2,55.0,10.0,0.0,150.0,0.0,15.95,13.67,16.92,14.93,10.0,0.0,0.0,0.0,0.0,0.0,0.0,0.0,susu kental manis,Low Sugar
Royco sup krim ayam,2 g,50.0,2.0,9.0,1.0,2.0,710.0,0.0,2.33,3.33,2.77,1.49,47.33,0.0,48.0,4.0,3.0,0.0,0.0,0.0,royco sup krim ayam,Low Carb
"Keong, segar",4 g,64.0,12.0,2.0,1.0,0.0,231.0,0.0,2.98,20.0,0.62,1.49,15.4,0.0,0.0,0.0,0.0,0.0,0.0,0.0,"keong, segar",Low Carb
"Daging Ayam , segar",0.90 g,298.0,18.2,0.0,25.0,0.0,109.0,0.0,13.86,30.33,0.0,37.31,7.27,0.0,0.0,0.0,0.0,0.0,0.0,0.0,"daging ayam , segar",High protein
"Babi, daging, gemuk, segar",1.10 g,453.0,11.9,0.0,45.0,0.0,112.0,0.0,21.07,19.83,0.0,67.16,7.47,0.0,0.0,0.0,0.0,0.0,0.0,0.0,"babi, daging, gemuk, segar",Low Carb
"Daun pangi, segar",1.50 g,104.0,3.9,17.9,0.6,0.0,4.0,8.3,4.84,6.5,5.51,0.9,0.27,0.0,0.0,0.0,0.0,0.0,0.0,0.0,"daun pangi, segar",Low Sugar
Snow skin lotus paste mooncake,1.16 g,187.0,2.12,26.36,8.04,0.0,0.0,1.16,8.7,3.53,8.11,12.0,0.0,0.0,0.0,0.0,9.0,9.0,12.0,0.0,snow skin lotus paste mooncake,Low Sugar
Adem sari herbal lemon,0 g,60.0,0.0,16.0,0.0,14.0,65.0,0.0,2.79,0.0,4.92,0.0,4.33,0.0,5.0,0.0,5.0,3.0,0.0,0.0,adem sari herbal lemon,Healthy
"Pucuk lumai / daun leunca, segar",1.30 g,33.0,4.5,2.8,0.4,0.0,2.0,0.0,1.53,7.5,0.86,0.6,0.13,0.0,0.0,0.0,0.0,0.0,0.0,0.0,"pucuk lumai / daun leunca, segar",Low Carb
"Ayam goreng church texas, sayap",1.30 g,295.0,34.0,1.5,16.0,0.0,771.0,0.0,13.72,56.67,0.46,23.88,51.4,0.0,0.0,0.0,0.0,0.0,0.0,0.0,"ayam goreng church texas, sayap",High protein
Wortel rebus,0.40 g,28.0,0.7,6.3,0.5,0.0,41.0,0.8,1.3,1.17,1.94,0.75,2.73,0.0,0.0,0.0,0.0,0.0,0.0,0.0,wortel rebus,Low Carb
"Babi, hati, segar",1.50 g,129.0,19.7,1.7,4.8,0.0,110.0,0.0,6.0,32.83,0.52,7.16,7.33,0.0,0.0,0.0,0.0,0.0,0.0,0.0,"babi, hati, segar",High protein
Gekikara ramen 109 gram,6 g,160.0,9.0,74.0,18.0,4.0,1200.0,6.0,23.26,15.0,22.77,26.87,80.0,45.0,80.0,0.0,0.0,0.0,27.0,0.0,gekikara ramen 109 gram,Low Sugar
Kopi Indocafe coffemix 3 in 1,1 g,90.0,1.0,17.0,2.0,13.0,0.0,0.0,4.19,1.67,5.23,2.99,0.0,0.0,0.0,0.0,6.0,5.0,3.0,0.0,kopi indocafe coffemix 3 in 1,Healthy
Sprite 390 ml,0 g,0.0,0.0,25.0,0.0,25.0,40.0,0.0,4.65,0.0,7.69,0.0,2.67,0.0,3.0,0.0,8.0,5.0,0.0,0.0,sprite 390 ml,Healthy
Nutri boost orange,2 g,170.0,2.0,37.0,1.5,0.0,180.0,0.0,7.91,3.33,11.38,2.24,12.0,0.0,12.0,0.0,12.0,8.0,0.0,0.0,nutri boost orange,Low Sugar
"Ketan putih, tapai",0.10 g,172.0,3.0,37.5,0.5,0.0,1.0,0.6,8.0,5.0,11.54,0.75,0.07,0.0,0.0,0.0,0.0,0.0,0.0,0.0,"ketan putih, tapai",Low Sugar
Rempeyek kacang tanah,1.80 g,513.0,17.5,44.3,32.5,0.0,0.0,1.7,23.86,29.17,13.63,48.51,0.0,0.0,0.0,0.0,0.0,0.0,0.0,0.0,rempeyek kacang tanah,High protein
Kacang merah / banda,3.20 g,350.0,13.9,66.9,3.0,0.0,19.0,26.3,16.28,23.17,20.58,4.48,1.27,0.0,0.0,0.0,0.0,0.0,0.0,0.0,kacang merah / banda,Low Sugar
"Kacang gude, biji segar",2.30 g,114.0,7.0,20.8,0.6,0.0,4.0,4.4,5.3,11.67,6.4,0.9,0.27,0.0,0.0,0.0,0.0,0.0,0.0,0.0,"kacang gude, biji segar",Low Sugar
Mr. Bread Roti tawar choco chips,2 g,227.0,7.0,38.5,5.0,8.0,286.0,2.0,10.56,11.67,11.85,7.46,19.07,0.0,20.0,12.0,12.0,0.0,0.0,0.0,mr. bread roti tawar choco chips,Snack
Royco kaldu sapi,0 g,0.0,0.0,0.0,0.0,0.0,0.0,0.0,0.0,0.0,0.0,0.0,0.0,0.0,0.0,0.0,0.0,0.0,0.0,0.0,royco kaldu sapi,Low Carb
Frisian Flag kental manis kemasan ekonomis 560 gram,1 g,140.0,1.0,23.0,40.0,19.0,25.0,0.0,6.51,1.67,7.08,59.7,1.67,8.0,0.0,0.0,8.0,0.0,60.0,0.0,frisian flag kental manis kemasan ekonomis 560 gram,Snack
Starbucks iced caffe latte (notfat milk),8 g,90.0,8.0,13.0,0.0,0.0,0.0,0.0,4.19,13.33,4.0,0.0,0.0,0.0,0.0,14.0,4.0,5.0,0.0,0.0,starbucks iced caffe latte (notfat milk),Low Sugar
Starbucks hot caffe latte (notfat milk),13 g,130.0,13.0,20.0,0.0,0.0,0.0,0.0,6.05,21.67,6.15,0.0,0.0,0.0,0.0,22.0,7.0,7.0,0.0,0.0,starbucks hot caffe latte (notfat milk),Low Sugar
Tempe kedelai murni goreng,1.80 g,350.0,24.5,10.4,26.6,0.0,22.0,4.2,16.28,40.83,3.2,39.7,1.47,0.0,0.0,0.0,0.0,0.0,0.0,0.0,tempe kedelai murni goreng,High protein
Chitato keripik kentang rasa original,1 g,100.0,1.0,12.0,5.0,0.0,60.0,0.0,4.65,1.67,3.69,7.46,4.0,0.0,4.0,0.0,0.0,5.0,8.0,0.0,chitato keripik kentang rasa original,Low Sugar
Whiskey,0 g,250.0,0.0,0.1,0.0,0.0,0.0,0.0,11.63,0.0,0.03,0.0,0.0,0.0,0.0,0.0,1.0,12.0,0.0,0.0,whiskey,Low Carb
"Beras ketan hitam tumbuk, mentah",1.50 g,360.0,8.0,74.5,2.3,0.0,11.0,1.0,16.74,13.33,22.92,3.43,0.73,0.0,0.0,0.0,0.0,0.0,0.0,0.0,"beras ketan hitam tumbuk, mentah",Low Sugar
Khong Guan Malkist abon,2 g,80.0,2.0,13.0,3.0,3.0,0.0,0.0,3.72,3.33,4.0,4.48,0.0,0.0,0.0,0.0,4.0,4.0,5.0,0.0,khong guan malkist abon,Low Sugar
Oreo,1 g,140.0,1.0,21.0,6.0,11.0,0.0,1.0,6.51,1.67,6.46,8.96,0.0,0.0,0.0,0.0,7.0,7.0,9.0,0.0,oreo,Healthy
kurma,20.53 g,282.0,2.45,75.03,0.39,0.0,2.0,7.99,13.12,4.08,23.09,0.58,0.13,0.0,0.0,0.0,0.0,0.0,0.0,0.0,kurma,Low Sugar
Nopia spesial,1.30 g,387.0,5.3,74.3,7.6,0.0,0.0,0.3,18.0,8.83,22.86,11.34,0.0,0.0,0.0,0.0,0.0,0.0,0.0,0.0,nopia spesial,Low Sugar
Cheesecake Factory Oreo dream extreme cheesecake,7 g,1620.0,17.0,178.0,99.0,134.0,0.0,7.0,75.35,28.33,54.77,147.76,0.0,0.0,0.0,0.0,55.0,76.0,148.0,0.0,cheesecake factory oreo dream extreme cheesecake,High protein
Sedaap Tasty bakmi ayam geprek matah,6 g,190.0,14.0,81.0,21.0,2.0,870.0,6.0,8.84,23.33,24.92,31.34,58.0,45.0,58.0,0.0,0.0,0.0,32.0,0.0,sedaap tasty bakmi ayam geprek matah,Low Sugar
Sate bandeng,3.10 g,283.0,12.1,20.9,16.8,0.0,543.0,2.0,13.16,20.17,6.43,25.07,36.2,0.0,0.0,0.0,0.0,0.0,0.0,0.0,sate bandeng,Low Sugar
"Daun kemang, segar",1.70 g,43.0,5.5,7.5,0.3,0.0,10.0,8.4,2.0,9.17,2.31,0.45,0.67,0.0,0.0,0.0,0.0,0.0,0.0,0.0,"daun kemang, segar",Low Carb
Saus sambal ABC,0 g,28.0,0.0,6.0,0.0,5.0,0.0,0.0,1.3,0.0,1.85,0.0,0.0,0.0,0.0,0.0,2.0,2.0,0.0,0.0,saus sambal abc,Low Carb
Coklat Hershey's kisses milk chocolate,0.10 g,22.0,0.3,2.8,1.3,2.6,0.0,0.1,1.02,0.5,0.86,1.94,0.0,0.0,0.0,0.0,1.0,2.0,2.0,0.0,coklat hershey's kisses milk chocolate,Low Carb
"Ikan Tempahas, segar",0.90 g,101.0,15.1,1.0,4.1,0.0,50.0,0.0,4.7,25.17,0.31,6.12,3.33,0.0,0.0,0.0,0.0,0.0,0.0,0.0,"ikan tempahas, segar",High protein
"Sapi, daging, kornet",6 g,289.0,16.0,0.0,25.0,0.0,794.0,0.0,13.44,26.67,0.0,37.31,52.93,0.0,0.0,0.0,0.0,0.0,0.0,0.0,"sapi, daging, kornet",High protein
Chitato fresh potato,1 g,110.0,1.0,12.0,6.0,0.0,0.0,0.0,5.12,1.67,3.69,8.96,0.0,0.0,0.0,0.0,4.0,6.0,9.0,0.0,chitato fresh potato,Low Sugar
Oncom ampas kacang hijau,1.70 g,376.0,14.9,65.7,6.0,0.0,0.0,12.3,17.49,24.83,20.22,8.96,0.0,0.0,0.0,0.0,0.0,0.0,0.0,0.0,oncom ampas kacang hijau,Low Sugar
good day mocacino,1 g,90.0,1.0,16.0,2.0,13.0,10.0,1.0,4.19,1.67,4.92,2.99,0.67,10.0,0.0,0.0,5.0,5.0,0.0,0.0,good day mocacino,Healthy
Lamtoro var. lokal dengan kulit,1.80 g,336.0,23.8,59.7,1.2,0.0,134.0,15.4,15.63,39.67,18.37,1.79,8.93,0.0,0.0,0.0,0.0,0.0,0.0,0.0,lamtoro var. lokal dengan kulit,High protein
Teh botol sosro original,0 g,140.0,0.0,34.0,0.0,32.0,0.0,0.0,6.51,0.0,10.46,0.0,0.0,0.0,0.0,0.0,11.0,7.0,0.0,0.0,teh botol sosro original,Healthy
"Daun leilem, segar",1.80 g,76.0,2.8,15.8,0.2,0.0,6.0,3.1,3.53,4.67,4.86,0.3,0.4,0.0,0.0,0.0,0.0,0.0,0.0,0.0,"daun leilem, segar",Low Sugar
Mcdonald Mc double,2 g,380.0,23.0,34.0,18.0,7.0,0.0,2.0,17.67,38.33,10.46,26.87,0.0,0.0,0.0,39.0,0.0,18.0,27.0,0.0,mcdonald mc double,High protein
Keripik tempe abadi telur,2.90 g,529.0,20.8,40.2,31.7,0.0,0.0,3.0,24.6,34.67,12.37,47.31,0.0,0.0,0.0,0.0,0.0,0.0,0.0,0.0,keripik tempe abadi telur,High protein
"Angsa,daging,segar",1 g,349.0,16.4,0.0,31.5,0.0,71.0,0.0,16.23,27.33,0.0,47.01,4.73,0.0,0.0,0.0,0.0,0.0,0.0,0.0,"angsa,daging,segar",High protein
Keripik tempe abadi sedang,3.10 g,510.0,12.3,52.4,27.9,0.0,0.0,3.6,23.72,20.5,16.12,41.64,0.0,0.0,0.0,0.0,0.0,0.0,0.0,0.0,keripik tempe abadi sedang,Low Sugar
Goodday Funtastic mocacinno,8 g,140.0,3.0,26.0,2.5,18.0,75.0,8.0,6.51,5.0,8.0,3.73,5.0,0.0,0.0,0.0,8.0,7.0,0.0,27.0,goodday funtastic mocacinno,Healthy
lovamil minuman khusus ibu hamil dan menyusui rasa kacang hijau,8 g,160.0,8.0,25.0,3.0,0.0,135.0,0.0,7.44,13.33,7.69,4.48,9.0,0.0,9.0,14.0,8.0,0.0,0.0,0.0,lovamil minuman khusus ibu hamil dan menyusui rasa kacang hijau,Low Sugar
Wortel kukus,0.60 g,37.0,1.0,8.3,0.6,0.0,43.0,1.1,1.72,1.67,2.55,0.9,2.87,0.0,0.0,0.0,0.0,0.0,0.0,0.0,wortel kukus,Low Carb
Mie bendo,0.20 g,353.0,0.3,88.0,0.0,0.0,9.0,2.4,16.42,0.5,27.08,0.0,0.6,0.0,0.0,0.0,0.0,0.0,0.0,0.0,mie bendo,Low Sugar
Cheesecake Factory oreo milkshake,3 g,1680.0,27.0,183.0,94.0,131.0,0.0,3.0,78.14,45.0,56.31,140.3,0.0,0.0,0.0,0.0,57.0,79.0,141.0,0.0,cheesecake factory oreo milkshake,High protein
Roma Marie Gold,2 g,90.0,2.0,15.0,3.0,4.0,0.0,0.0,4.19,3.33,4.62,4.48,0.0,0.0,0.0,0.0,5.0,5.0,5.0,0.0,roma marie gold,Low Sugar
Supermi Extra Mie Goreng rasa Ayam pangsit,10 g,510.0,10.0,70.0,21.0,0.0,1130.0,0.0,23.72,16.67,21.54,31.34,75.33,0.0,76.0,0.0,0.0,24.0,32.0,0.0,supermi extra mie goreng rasa ayam pangsit,Low Sugar
"Buah mentega (Bisbul), segar",0.40 g,39.0,0.7,9.7,0.2,0.0,1.0,2.0,1.81,1.17,2.98,0.3,0.07,0.0,0.0,0.0,0.0,0.0,0.0,0.0,"buah mentega (bisbul), segar",Low Carb
"Karedok,sayur",1.40 g,92.0,2.2,14.1,3.3,0.0,0.0,1.4,4.28,3.67,4.34,4.93,0.0,0.0,0.0,0.0,0.0,0.0,0.0,0.0,"karedok,sayur",Low Sugar
Mie sedap instan goreng kriuk,8 g,160.0,9.0,57.0,18.0,6.0,1170.0,8.0,19.53,15.0,17.54,26.87,78.0,40.0,78.0,0.0,0.0,0.0,0.0,0.0,mie sedap instan goreng kriuk,Snack
Ice Cone,0 g,190.0,5.0,32.0,4.5,24.0,0.0,0.0,8.84,8.33,9.85,6.72,0.0,0.0,0.0,9.0,10.0,9.0,0.0,0.0,ice cone,Snack
"Ikan Balong, segar",1.50 g,107.0,16.5,1.5,3.9,0.0,86.0,0.0,4.98,27.5,0.46,5.82,5.73,0.0,0.0,0.0,0.0,0.0,0.0,0.0,"ikan balong, segar",High protein
TOPOKI Mujigae,11 g,410.0,11.0,78.0,7.0,0.0,1390.0,0.0,19.07,18.33,24.0,10.45,92.67,0.0,93.0,0.0,24.0,20.0,0.0,0.0,topoki mujigae,Low Sugar
ABC EXO milk coffe,2 g,160.0,8.0,24.0,24.0,22.0,0.0,2.0,7.44,13.33,7.38,35.82,0.0,0.0,0.0,14.0,0.0,8.0,36.0,0.0,abc exo milk coffe,Snack
"Kalio jeroan, masakan",1.50 g,163.0,16.5,4.1,9.0,0.0,570.0,0.0,7.58,27.5,1.26,13.43,38.0,0.0,0.0,0.0,0.0,0.0,0.0,0.0,"kalio jeroan, masakan",High protein
Starbucks butter croissant,1 g,260.0,5.0,27.0,15.0,5.0,0.0,1.0,12.09,8.33,8.31,22.39,0.0,0.0,0.0,9.0,0.0,13.0,23.0,0.0,starbucks butter croissant,Low Sugar
"Daun mengkudu, segar",2 g,65.0,4.0,11.4,1.7,0.0,0.0,3.9,3.02,6.67,3.51,2.54,0.0,0.0,0.0,0.0,0.0,0.0,0.0,0.0,"daun mengkudu, segar",Low Sugar
Sagu sinole,0.10 g,354.0,0.8,68.9,8.3,0.0,30.0,0.0,16.47,1.33,21.2,12.39,2.0,0.0,0.0,0.0,0.0,0.0,0.0,0.0,sagu sinole,Low Sugar
Nasi rames,0.60 g,155.0,10.3,19.1,4.2,0.0,265.0,0.0,7.21,17.17,5.88,6.27,17.67,0.0,0.0,0.0,0.0,0.0,0.0,0.0,nasi rames,Low Sugar
MAESTRO MAYONAISE,0 g,90.0,0.0,2.0,9.0,0.0,210.0,0.0,4.19,0.0,0.62,13.43,14.0,0.0,14.0,0.0,0.0,5.0,14.0,0.0,maestro mayonaise,Low Carb
Susu Ultra Milk Low Fat,7 g,90.0,7.0,11.0,2.5,0.0,105.0,0.0,4.19,11.67,3.38,3.73,7.0,8.0,7.0,12.0,0.0,0.0,0.0,0.0,susu ultra milk low fat,Low Sugar
"Ikan Baronang, segar",1.20 g,78.0,14.5,3.7,0.6,0.0,26.0,0.0,3.63,24.17,1.14,0.9,1.73,0.0,0.0,0.0,0.0,0.0,0.0,0.0,"ikan baronang, segar",Low Carb
ROYCO BUMBU AYAM SAUS TELUR ASIN,1 g,30.0,1.0,2.0,1.5,0.0,50.0,0.0,1.4,1.67,0.62,2.24,3.33,0.0,4.0,2.0,0.0,0.0,3.0,0.0,royco bumbu ayam saus telur asin,Low Carb
Keju parmesan,28.42 g,420.0,28.42,13.91,27.84,0.0,0.0,0.0,19.53,47.37,4.28,41.55,0.0,0.0,0.0,48.0,0.0,20.0,42.0,0.0,keju parmesan,High protein
Beras cerdas,2.60 g,350.0,2.7,82.3,1.1,0.0,358.0,6.2,16.28,4.5,25.32,1.64,23.87,0.0,0.0,0.0,0.0,0.0,0.0,0.0,beras cerdas,Low Sugar
Indomie Goreng Rasa Rendang,3 g,150.0,9.0,59.0,16.0,9.0,1060.0,3.0,19.53,15.0,18.15,23.88,70.67,40.0,71.0,0.0,0.0,0.0,24.0,0.0,indomie goreng rasa rendang,Snack
Biokul plain yogurt,5 g,90.0,5.0,15.0,0.5,7.0,0.0,0.0,4.19,8.33,4.62,0.75,0.0,0.0,0.0,9.0,5.0,5.0,0.0,0.0,biokul plain yogurt,Healthy
Mr. Bread Roti tawar kupas,1.50 g,119.0,4.5,21.5,2.0,1.0,209.0,1.5,5.53,7.5,6.62,2.99,13.93,0.0,14.0,8.0,7.0,0.0,0.0,0.0,mr. bread roti tawar kupas,Low Sugar
"Jukku pallu kaloa, masakan",2.30 g,15.0,15.2,8.8,4.3,0.0,605.0,0.0,0.7,25.33,2.71,6.42,40.33,0.0,0.0,0.0,0.0,0.0,0.0,0.0,"jukku pallu kaloa, masakan",High protein
Mcdonald Mcnugget,1 g,270.0,15.0,16.0,16.0,0.0,0.0,1.0,12.56,25.0,4.92,23.88,0.0,0.0,0.0,25.0,0.0,13.0,24.0,0.0,mcdonald mcnugget,High protein
"Ayam, dideh/darah, segar",1.60 g,75.0,13.8,0.7,1.9,0.0,337.0,0.0,3.49,23.0,0.22,2.84,22.47,0.0,0.0,0.0,0.0,0.0,0.0,0.0,"ayam, dideh/darah, segar",Low Carb
Teh Kotak Rasa Lemon,0 g,100.0,0.0,23.0,0.0,20.0,25.0,0.0,4.65,0.0,7.08,0.0,1.67,0.0,2.0,0.0,8.0,5.0,0.0,0.0,teh kotak rasa lemon,Healthy
"Jambu air, segar",0.80 g,46.0,0.6,11.8,0.2,0.0,11.0,2.1,2.14,1.0,3.63,0.3,0.73,0.0,0.0,0.0,0.0,0.0,0.0,0.0,"jambu air, segar",Low Sugar
SUN Bubur Bayi,4 g,160.0,4.0,31.0,2.5,0.0,100.0,0.0,7.44,6.67,9.54,3.73,6.67,0.0,7.0,0.0,10.0,8.0,0.0,0.0,sun bubur bayi,Low Sugar
"Eceng, segar",2 g,19.0,1.0,3.8,0.2,0.0,45.0,1.8,0.88,1.67,1.17,0.3,3.0,0.0,0.0,0.0,0.0,0.0,0.0,0.0,"eceng, segar",Low Carb
"Jagung muda,rebus",0.80 g,142.0,5.0,30.3,0.7,0.0,5.0,0.8,6.6,8.33,9.32,1.04,0.33,0.0,0.0,0.0,0.0,0.0,0.0,0.0,"jagung muda,rebus",Low Sugar
Getuk pisang,0.70 g,144.0,1.1,34.1,0.4,0.0,0.0,0.4,6.7,1.83,10.49,0.6,0.0,0.0,0.0,0.0,0.0,0.0,0.0,0.0,getuk pisang,Low Sugar
Lupis ketan,0.60 g,164.0,1.8,34.5,2.1,0.0,0.0,0.7,7.63,3.0,10.62,3.13,0.0,0.0,0.0,0.0,0.0,0.0,0.0,0.0,lupis ketan,Low Sugar
"Jambu monyet, segar",0.30 g,64.0,0.7,15.8,0.6,0.0,12.0,1.2,2.98,1.17,4.86,0.9,0.8,0.0,0.0,0.0,0.0,0.0,0.0,0.0,"jambu monyet, segar",Low Sugar
Kacang goyang,1.50 g,516.0,14.7,44.4,31.1,0.0,2.0,0.0,24.0,24.5,13.66,46.42,0.13,0.0,0.0,0.0,0.0,0.0,0.0,0.0,kacang goyang,Low Sugar
Mie Sedaap Cup Mi Kuah Soto,7 g,370.0,8.0,48.0,16.0,2.0,1070.0,7.0,17.21,13.33,14.77,23.88,71.33,0.0,72.0,0.0,0.0,18.0,24.0,0.0,mie sedaap cup mi kuah soto,Low Sugar
Nutricake Brownies Coklat,2 g,160.0,2.0,33.0,2.5,0.0,90.0,0.0,7.44,3.33,10.15,3.73,6.0,0.0,6.0,0.0,11.0,8.0,0.0,0.0,nutricake brownies coklat,Low Sugar
Starbucks caffe americano,1 g,15.0,1.0,3.0,0.0,0.0,0.0,0.0,0.7,1.67,0.92,0.0,0.0,0.0,0.0,2.0,1.0,1.0,0.0,0.0,starbucks caffe americano,Low Carb
vanhouten cocoa powder,6 g,120.0,6.0,15.0,4.0,0.0,0.0,0.0,5.58,10.0,4.62,5.97,0.0,0.0,0.0,10.0,0.0,6.0,6.0,0.0,vanhouten cocoa powder,Low Sugar
"Bawang bombay, segar",0.60 g,43.0,1.4,10.3,0.2,0.0,12.0,2.0,2.0,2.33,3.17,0.3,0.8,0.0,0.0,0.0,0.0,0.0,0.0,0.0,"bawang bombay, segar",Low Sugar
Tepung Arrowroot,0.30 g,355.0,0.7,85.2,0.2,0.0,2.0,0.4,16.51,1.17,26.22,0.3,0.13,0.0,0.0,0.0,0.0,0.0,0.0,0.0,tepung arrowroot,Low Sugar
Honey Stars,1 g,110.0,1.0,25.0,0.5,8.0,0.0,1.0,5.12,1.67,7.69,0.75,0.0,0.0,0.0,0.0,8.0,6.0,0.0,4.0,honey stars,Healthy
"Kelawi, kluwih, segar",1 g,118.0,1.5,27.2,0.3,0.0,2.0,5.0,5.49,2.5,8.37,0.45,0.13,0.0,0.0,0.0,0.0,0.0,0.0,0.0,"kelawi, kluwih, segar",Low Sugar
Bagea kw 1,0.60 g,416.0,6.5,76.3,9.4,0.0,0.0,0.4,19.35,10.83,23.48,14.03,0.0,0.0,0.0,0.0,0.0,0.0,0.0,0.0,bagea kw 1,Low Sugar
Tepung Mocaf,1.30 g,350.0,1.2,85.0,0.6,0.0,8.0,6.0,16.28,2.0,26.15,0.9,0.53,0.0,0.0,0.0,0.0,0.0,0.0,0.0,tepung mocaf,Low Sugar
Indomie mi rendang,3 g,420.0,9.0,59.0,16.0,9.0,0.0,3.0,19.53,15.0,18.15,23.88,0.0,0.0,0.0,0.0,19.0,20.0,24.0,0.0,indomie mi rendang,Snack
"Mangga harumanis, segar",0.80 g,46.0,0.4,11.9,0.2,0.0,2.0,1.7,2.14,0.67,3.66,0.3,0.13,0.0,0.0,0.0,0.0,0.0,0.0,0.0,"mangga harumanis, segar",Low Sugar
"Kaholeo, masakan",10.50 g,413.0,28.7,29.8,19.8,0.0,0.0,0.0,19.21,47.83,9.17,29.55,0.0,0.0,0.0,0.0,0.0,0.0,0.0,0.0,"kaholeo, masakan",High protein
Origo coffe es kopi susu,6.23 g,191.0,6.23,25.88,7.22,20.51,0.0,0.0,8.88,10.38,7.96,10.78,0.0,0.0,0.0,11.0,0.0,9.0,11.0,0.0,origo coffe es kopi susu,Snack
"Daun pare, segar",1.60 g,49.0,2.7,8.4,1.0,0.0,7.0,3.0,2.28,4.5,2.58,1.49,0.47,0.0,0.0,0.0,0.0,0.0,0.0,0.0,"daun pare, segar",Low Carb
Mie Sedaap instan white curry,2 g,360.0,8.0,50.0,14.0,3.0,840.0,2.0,16.74,13.33,15.38,20.9,56.0,0.0,56.0,0.0,0.0,17.0,21.0,0.0,mie sedaap instan white curry,Low Sugar
Bantal,0.60 g,190.0,3.3,43.5,0.3,0.0,164.0,3.4,8.84,5.5,13.38,0.45,10.93,0.0,0.0,0.0,0.0,0.0,0.0,0.0,bantal,Low Sugar
Sarimi Gelas Rasa Soto Ayam,2 g,60.0,3.0,16.0,7.0,2.0,940.0,2.0,6.51,5.0,4.92,10.45,62.67,0.0,63.0,0.0,0.0,0.0,11.0,7.0,sarimi gelas rasa soto ayam,Low Sugar
MYTEA Teh Oolong 450 ml,0 g,0.0,0.0,18.0,0.0,0.0,20.0,0.0,3.26,0.0,5.54,0.0,1.33,0.0,2.0,0.0,6.0,4.0,0.0,0.0,mytea teh oolong 450 ml,Low Sugar
Kuaci Rebo green tea,2 g,110.0,6.0,2.0,9.0,1.0,180.0,2.0,5.12,10.0,0.62,13.43,12.0,0.0,12.0,10.0,0.0,0.0,14.0,0.0,kuaci rebo green tea,Low Carb
Nestle corn flakes,2 g,110.0,2.0,24.0,0.5,0.0,0.0,0.0,5.12,3.33,7.38,0.75,0.0,0.0,0.0,4.0,8.0,6.0,0.0,0.0,nestle corn flakes,Low Sugar
Mi ABC cup soto ayam,4 g,280.0,7.0,34.0,13.0,2.0,0.0,4.0,13.02,11.67,10.46,19.4,0.0,0.0,0.0,0.0,0.0,14.0,20.0,14.0,mi abc cup soto ayam,Low Sugar
Kembang tahu,3.20 g,380.0,48.9,23.3,13.8,0.0,55.0,0.0,17.67,81.5,7.17,20.6,3.67,0.0,0.0,0.0,0.0,0.0,0.0,0.0,kembang tahu,High protein
"Ikan Bandeng, segar",1.20 g,123.0,20.0,0.0,4.8,0.0,67.0,0.0,5.72,33.33,0.0,7.16,4.47,0.0,0.0,0.0,0.0,0.0,0.0,0.0,"ikan bandeng, segar",High protein
Kacang sukro,2.70 g,484.0,8.8,57.7,26.1,0.0,0.0,1.8,22.51,14.67,17.75,38.96,0.0,0.0,0.0,0.0,0.0,0.0,0.0,0.0,kacang sukro,Low Sugar
Susu dancow rasa coklat,5 g,160.0,5.0,23.0,6.0,0.0,100.0,0.0,7.44,8.33,7.08,8.96,6.67,0.0,0.0,9.0,0.0,8.0,9.0,0.0,susu dancow rasa coklat,Low Sugar
"Arrowroot, segar",1.20 g,102.0,1.0,24.1,0.2,0.0,36.0,1.7,4.74,1.67,7.42,0.3,2.4,0.0,0.0,0.0,0.0,0.0,0.0,0.0,"arrowroot, segar",Low Sugar
Starbucks cappuccino (wholemilk),7 g,140.0,7.0,12.0,7.0,0.0,0.0,0.0,6.51,11.67,3.69,10.45,0.0,0.0,0.0,12.0,0.0,7.0,11.0,0.0,starbucks cappuccino (wholemilk),Low Sugar
kopi seduh,0.74 g,5.0,0.74,0.42,0.0,0.0,0.0,0.0,0.23,1.23,0.13,0.0,0.0,0.0,0.0,2.0,1.0,1.0,0.0,0.0,kopi seduh,Low Carb
Cornetto Silverqueen,2 g,110.0,3.0,28.0,12.0,18.0,50.0,2.0,10.7,5.0,8.62,17.91,3.33,40.0,0.0,0.0,0.0,11.0,18.0,0.0,cornetto silverqueen,Snack
Mie Lemonilo kari ayam,2 g,270.0,8.0,48.0,5.0,1.0,1036.0,2.0,12.56,13.33,14.77,7.46,69.07,0.0,70.0,14.0,15.0,0.0,0.0,0.0,mie lemonilo kari ayam,Low Sugar
Bamboe Bumbu Rawon,1 g,15.0,1.0,2.0,1.5,1.0,1020.0,1.0,1.16,1.67,0.62,2.24,68.0,3.0,68.0,0.0,0.0,0.0,0.0,4.0,bamboe bumbu rawon,Low Carb
Kacang mete/biji jambu monyet goreng,2.50 g,629.0,20.4,19.8,56.3,0.0,13.0,1.1,29.26,34.0,6.09,84.03,0.87,0.0,0.0,0.0,0.0,0.0,0.0,0.0,kacang mete/biji jambu monyet goreng,High protein
"Daun ndusuk, segar",3 g,166.0,1.7,38.8,0.5,0.0,40.0,10.7,7.72,2.83,11.94,0.75,2.67,0.0,0.0,0.0,0.0,0.0,0.0,0.0,"daun ndusuk, segar",Low Sugar
Kotiu hinela tawang nggole,1.90 g,46.0,2.2,6.0,1.5,0.0,316.0,3.8,2.14,3.67,1.85,2.24,21.07,0.0,0.0,0.0,0.0,0.0,0.0,0.0,kotiu hinela tawang nggole,Low Carb
Fruit Tea yuzu,0 g,220.0,0.0,54.0,0.0,50.0,0.0,0.0,10.23,0.0,16.62,0.0,0.0,0.0,0.0,0.0,17.0,11.0,0.0,0.0,fruit tea yuzu,Snack
yuzu tea,0 g,140.0,0.0,34.0,0.0,0.0,20.0,0.0,6.51,0.0,10.46,0.0,1.33,0.0,2.0,0.0,11.0,7.0,0.0,0.0,yuzu tea,Low Sugar
Keju Snow Brand Cheddar,5 g,100.0,5.0,2.0,8.0,0.0,360.0,0.0,4.65,8.33,0.62,11.94,24.0,0.0,24.0,9.0,0.0,0.0,12.0,0.0,keju snow brand cheddar,Low Carb
Sonice Chicken nugget,16 g,250.0,16.0,14.0,14.0,0.0,0.0,0.0,11.63,26.67,4.31,20.9,0.0,0.0,0.0,27.0,0.0,12.0,21.0,0.0,sonice chicken nugget,High protein
KFC extra crispy paha bawah,10 g,170.0,10.0,5.0,12.0,0.0,0.0,0.0,7.91,16.67,1.54,17.91,0.0,0.0,0.0,17.0,0.0,8.0,18.0,0.0,kfc extra crispy paha bawah,Low Carb
"Tony roma's onion loaf (full, with bbq sauce)",23 g,1200.0,23.0,205.0,23.0,12.0,0.0,0.0,55.81,38.33,63.08,34.33,0.0,0.0,0.0,39.0,64.0,56.0,0.0,0.0,"tony roma's onion loaf (full, with bbq sauce)",High protein
SUPERIOR Bihun Jagung urai,6 g,250.0,0.0,61.0,0.0,0.0,30.0,6.0,11.63,0.0,18.77,0.0,2.0,0.0,0.0,0.0,19.0,12.0,0.0,20.0,superior bihun jagung urai,Low Sugar
Roti warna sawo matang,0.90 g,249.0,7.9,49.7,1.5,0.0,500.0,0.0,11.58,13.17,15.29,2.24,33.33,0.0,0.0,0.0,0.0,0.0,0.0,0.0,roti warna sawo matang,Low Sugar
"Tauco cap DAS, cake",7.60 g,358.0,7.5,70.4,4.3,0.0,0.0,3.1,16.65,12.5,21.66,6.42,0.0,0.0,0.0,0.0,0.0,0.0,0.0,0.0,"tauco cap das, cake",Low Sugar
Paria putih kukus,0.60 g,16.0,0.8,3.4,0.2,0.0,4.0,1.2,0.74,1.33,1.05,0.3,0.27,0.0,0.0,0.0,0.0,0.0,0.0,0.0,paria putih kukus,Low Carb
"Daun jambu mente muda, segar",0.70 g,78.0,4.6,16.2,0.5,0.0,14.0,3.0,3.63,7.67,4.98,0.75,0.93,0.0,0.0,0.0,0.0,0.0,0.0,0.0,"daun jambu mente muda, segar",Low Sugar
Burger double whopper,2 g,900.0,48.0,49.0,58.0,11.0,0.0,2.0,41.86,80.0,15.08,86.57,0.0,0.0,0.0,80.0,0.0,42.0,87.0,0.0,burger double whopper,High protein
"Kacang hijau var. Bakti, kering",3.10 g,350.0,17.1,70.7,1.8,0.0,46.0,5.7,16.28,28.5,21.75,2.69,3.07,0.0,0.0,0.0,0.0,0.0,0.0,0.0,"kacang hijau var. bakti, kering",High protein
Keripik tempe abadi murni,2.70 g,542.0,40.3,11.6,42.4,0.0,0.0,2.2,25.21,67.17,3.57,63.28,0.0,0.0,0.0,0.0,0.0,0.0,0.0,0.0,keripik tempe abadi murni,High protein
"Tauco cap beruang, cake",8.40 g,347.0,7.4,67.6,5.2,0.0,0.0,3.2,16.14,12.33,20.8,7.76,0.0,0.0,0.0,0.0,0.0,0.0,0.0,0.0,"tauco cap beruang, cake",Low Sugar
Kerupuk kemplang panggang,3 g,356.0,9.7,76.9,1.1,0.0,0.0,1.0,16.56,16.17,23.66,1.64,0.0,0.0,0.0,0.0,0.0,0.0,0.0,0.0,kerupuk kemplang panggang,Low Sugar
Woku ubi,1.10 g,143.0,3.1,15.0,7.8,0.0,353.0,7.0,6.65,5.17,4.62,11.64,23.53,0.0,0.0,0.0,0.0,0.0,0.0,0.0,woku ubi,Low Sugar
Fox's Fruits,0 g,15.0,0.0,4.0,0.0,3.0,0.0,0.0,0.7,0.0,1.23,0.0,0.0,0.0,0.0,0.0,2.0,1.0,0.0,0.0,fox's fruits,Low Carb
"Ayam goreng poineer, dada",2.70 g,295.0,37.4,0.6,14.7,0.0,0.0,0.0,13.72,62.33,0.18,21.94,0.0,0.0,0.0,0.0,0.0,0.0,0.0,0.0,"ayam goreng poineer, dada",High protein
Keju greenfields ricotta,0 g,110.0,4.0,2.0,9.0,1.0,0.0,0.0,5.12,6.67,0.62,13.43,0.0,0.0,0.0,7.0,0.0,6.0,14.0,0.0,keju greenfields ricotta,Low Carb
Indomie goreng Jumbo,31 g,560.0,21.0,80.0,13.0,13.0,0.0,31.0,26.05,35.0,24.62,19.4,0.0,0.0,0.0,35.0,0.0,27.0,0.0,104.0,indomie goreng jumbo,High protein
"Beras giling var pelita,mentah",0.60 g,369.0,9.5,77.1,1.4,0.0,34.0,0.4,17.16,15.83,23.72,2.09,2.27,0.0,0.0,0.0,0.0,0.0,0.0,0.0,"beras giling var pelita,mentah",Low Sugar
Cimory Yogurt Squeeze Peach,2 g,70.0,2.0,11.0,2.0,0.0,60.0,0.0,3.26,3.33,3.38,2.99,4.0,0.0,4.0,4.0,4.0,0.0,0.0,0.0,cimory yogurt squeeze peach,Low Sugar
Melinjo emping tebal goreng manis,2.30 g,439.0,10.0,65.7,16.4,0.0,0.0,0.0,20.42,16.67,20.22,24.48,0.0,0.0,0.0,0.0,0.0,0.0,0.0,0.0,melinjo emping tebal goreng manis,Low Sugar
Yogurt frozen pinkberry (Besar),0 g,390.0,15.0,81.0,1.0,77.0,0.0,0.0,18.14,25.0,24.92,1.49,0.0,0.0,0.0,25.0,25.0,19.0,0.0,0.0,yogurt frozen pinkberry (besar),High protein
Sagu lempeng,0.10 g,347.0,0.9,85.2,0.3,0.0,11.0,4.7,16.14,1.5,26.22,0.45,0.73,0.0,0.0,0.0,0.0,0.0,0.0,0.0,sagu lempeng,Low Sugar
Bamboe soto daging,1 g,5.0,1.0,2.0,0.5,1.0,730.0,1.0,0.93,1.67,0.62,0.75,48.67,0.0,49.0,2.0,0.0,0.0,0.0,4.0,bamboe soto daging,Low Carb
"Jagung, tepung putih",1.20 g,355.0,9.2,73.7,3.9,0.0,11.0,7.2,16.51,15.33,22.68,5.82,0.73,0.0,0.0,0.0,0.0,0.0,0.0,0.0,"jagung, tepung putih",Low Sugar
Saladstop Hail caesar w/o chicken,3.90 g,471.9,22.8,19.0,34.3,3.5,0.0,3.9,21.95,38.0,5.85,51.19,0.0,0.0,0.0,38.0,0.0,22.0,52.0,0.0,saladstop hail caesar w/o chicken,High protein
Masako Kaldu Ayam,0 g,0.0,0.0,0.0,0.0,0.0,610.0,0.0,0.0,0.0,0.0,0.0,40.67,0.0,41.0,0.0,0.0,0.0,0.0,0.0,masako kaldu ayam,Low Carb
Enting-enting gepuk hello kity,1 g,538.0,13.6,52.6,30.3,0.0,0.0,0.2,25.02,22.67,16.18,45.22,0.0,0.0,0.0,0.0,0.0,0.0,0.0,0.0,enting-enting gepuk hello kity,Low Sugar
Cimory Fresh Milk Cashew,10 g,260.0,10.0,33.0,9.0,0.0,140.0,0.0,12.09,16.67,10.15,13.43,9.33,0.0,0.0,17.0,0.0,13.0,14.0,0.0,cimory fresh milk cashew,Low Sugar
Outback steackhouse Victoria's Filet,53 g,320.0,53.0,0.0,12.0,0.0,0.0,0.0,14.88,88.33,0.0,17.91,0.0,0.0,0.0,89.0,0.0,15.0,18.0,0.0,outback steackhouse victoria's filet,High protein
Kereput,1 g,580.0,4.8,51.1,39.6,0.0,0.0,0.0,26.98,8.0,15.72,59.1,0.0,0.0,0.0,0.0,0.0,0.0,0.0,0.0,kereput,Low Sugar
Kopi Indocafe cappuccino,2 g,110.0,2.0,19.0,3.0,14.0,0.0,0.0,5.12,3.33,5.85,4.48,0.0,0.0,0.0,0.0,6.0,6.0,5.0,0.0,kopi indocafe cappuccino,Healthy
Rambutan binjai,0.30 g,76.0,0.5,18.0,0.2,0.0,22.0,3.8,3.53,0.83,5.54,0.3,1.47,0.0,0.0,0.0,0.0,0.0,0.0,0.0,rambutan binjai,Low Sugar
nestle sereal corn flakes,2 g,110.0,2.0,24.0,0.5,0.0,180.0,0.0,5.12,3.33,7.38,0.75,12.0,0.0,12.0,0.0,8.0,6.0,0.0,0.0,nestle sereal corn flakes,Low Sugar
Yangko,0.40 g,254.0,3.0,58.1,1.1,0.0,0.0,0.8,11.81,5.0,17.88,1.64,0.0,0.0,0.0,0.0,0.0,0.0,0.0,0.0,yangko,Low Sugar
Gurandil,1 g,218.0,0.5,48.5,2.5,0.0,0.0,3.1,10.14,0.83,14.92,3.73,0.0,0.0,0.0,0.0,0.0,0.0,0.0,0.0,gurandil,Low Sugar
Kapusa,1 g,158.0,4.4,27.8,3.2,0.0,104.0,5.3,7.35,7.33,8.55,4.78,6.93,0.0,0.0,0.0,0.0,0.0,0.0,0.0,kapusa,Low Sugar
Tumis bayam bersantan,0.60 g,48.0,1.4,2.6,4.2,0.0,0.0,0.5,2.23,2.33,0.8,6.27,0.0,0.0,0.0,0.0,0.0,0.0,0.0,0.0,tumis bayam bersantan,Low Carb
Dodol Banjarmasin,1.50 g,368.0,2.6,70.0,8.6,0.0,48.0,0.5,17.12,4.33,21.54,12.84,3.2,0.0,0.0,0.0,0.0,0.0,0.0,0.0,dodol banjarmasin,Low Sugar
Mixed nut and Ham Mooncake,2.08 g,245.0,5.4,21.38,15.3,0.0,0.0,2.08,11.4,9.0,6.58,22.84,0.0,0.0,0.0,9.0,0.0,12.0,23.0,0.0,mixed nut and ham mooncake,Low Sugar
Good time double choc,2 g,30.0,1.0,11.0,3.5,4.0,80.0,2.0,3.72,1.67,3.38,5.22,5.33,13.0,6.0,0.0,0.0,0.0,0.0,7.0,good time double choc,Low Sugar
"Soto banjar, masakan",0.70 g,110.0,2.9,3.2,9.5,0.0,36.0,0.0,5.12,4.83,0.98,14.18,2.4,0.0,0.0,0.0,0.0,0.0,0.0,0.0,"soto banjar, masakan",Low Carb
Nestle Carnation (kental manis),1 g,100.0,1.0,17.0,3.0,16.0,0.0,0.0,4.65,1.67,5.23,4.48,0.0,0.0,0.0,0.0,6.0,5.0,5.0,0.0,nestle carnation (kental manis),Healthy
Bagea kelapa asin,1.30 g,450.0,3.2,78.1,13.9,0.0,74.0,0.0,20.93,5.33,24.03,20.75,4.93,0.0,0.0,0.0,0.0,0.0,0.0,0.0,bagea kelapa asin,Low Sugar
"Suweg, talas, segar",1.20 g,74.0,1.4,17.2,0.1,0.0,7.0,1.4,3.44,2.33,5.29,0.15,0.47,0.0,0.0,0.0,0.0,0.0,0.0,0.0,"suweg, talas, segar",Low Sugar
Yogurt greek heavenly blush honey,2 g,180.0,5.0,18.0,10.0,9.0,40.0,2.0,8.37,8.33,5.54,14.93,2.67,0.0,0.0,9.0,0.0,9.0,15.0,0.0,yogurt greek heavenly blush honey,Snack
Mie gaga,9 g,330.0,9.0,45.0,13.0,0.0,240.0,0.0,15.35,15.0,13.85,19.4,16.0,0.0,16.0,0.0,0.0,16.0,20.0,0.0,mie gaga,Low Sugar
Susu Ultra Rasa Strawberry,6 g,140.0,6.0,22.0,3.5,0.0,50.0,0.0,6.51,10.0,6.77,5.22,3.33,0.0,0.0,10.0,7.0,7.0,0.0,0.0,susu ultra rasa strawberry,Low Sugar
Coklat bubuk,15.40 g,311.0,8.0,48.9,4.0,0.0,0.0,32.6,14.47,13.33,15.05,5.97,0.0,0.0,0.0,0.0,0.0,0.0,0.0,0.0,coklat bubuk,Low Sugar
Mcdonald Double cheeseburger,2 g,430.0,25.0,35.0,21.0,7.0,0.0,2.0,20.0,41.67,10.77,31.34,0.0,0.0,0.0,42.0,0.0,20.0,32.0,0.0,mcdonald double cheeseburger,High protein
WRP on the go (cokelat),6 g,150.0,7.0,24.0,3.0,16.0,0.0,6.0,6.98,11.67,7.38,4.48,0.0,0.0,0.0,12.0,8.0,0.0,0.0,20.0,wrp on the go (cokelat),Healthy
Ikan Gete goreng,12.60 g,267.0,23.1,0.2,19.4,0.0,590.0,0.0,12.42,38.5,0.06,28.96,39.33,0.0,0.0,0.0,0.0,0.0,0.0,0.0,ikan gete goreng,High protein
"Ikan Baung, segar",1.20 g,123.0,15.1,3.3,5.5,0.0,32.0,0.0,5.72,25.17,1.02,8.21,2.13,0.0,0.0,0.0,0.0,0.0,0.0,0.0,"ikan baung, segar",High protein
Lemon pepper (classic wings),1 g,180.0,15.0,1.0,13.0,0.0,0.0,1.0,8.37,25.0,0.31,19.4,0.0,0.0,0.0,25.0,0.0,9.0,20.0,0.0,lemon pepper (classic wings),High protein
Kue jahe,1.30 g,425.0,1.6,84.6,8.8,0.0,0.0,1.2,19.77,2.67,26.03,13.13,0.0,0.0,0.0,0.0,0.0,0.0,0.0,0.0,kue jahe,Low Sugar
Susu Ultra Milk Full cream (kotak),8 g,150.0,8.0,12.0,8.0,0.0,0.0,0.0,6.98,13.33,3.69,11.94,0.0,0.0,0.0,14.0,0.0,7.0,12.0,0.0,susu ultra milk full cream (kotak),Low Sugar
Kacang mete/biji jambu monyet,2 g,616.0,16.3,28.7,48.4,0.0,26.0,0.9,28.65,27.17,8.83,72.24,1.73,0.0,0.0,0.0,0.0,0.0,0.0,0.0,kacang mete/biji jambu monyet,High protein
Qtela tempe original,4 g,70.0,4.0,8.0,7.0,0.0,125.0,0.0,5.12,6.67,2.46,10.45,8.33,15.0,9.0,0.0,0.0,0.0,11.0,0.0,qtela tempe original,Low Carb
"Sapi, liver, segar",1.40 g,132.0,19.7,6.0,3.2,0.0,110.0,0.0,6.14,32.83,1.85,4.78,7.33,0.0,0.0,0.0,0.0,0.0,0.0,0.0,"sapi, liver, segar",High protein
Biji kopi,12.40 g,399.0,12.4,62.7,15.4,0.0,0.0,0.0,18.56,20.67,19.29,22.99,0.0,0.0,0.0,0.0,0.0,0.0,0.0,0.0,biji kopi,Low Sugar
Super Bubur dengan kuah kari,3 g,35.0,3.0,36.0,3.5,1.0,720.0,0.0,8.84,5.0,11.08,5.22,48.0,0.0,48.0,0.0,12.0,9.0,0.0,0.0,super bubur dengan kuah kari,Low Sugar
Tepung hunkwe (pati kacang ijo),1 g,364.0,4.5,83.5,1.0,0.0,15.0,16.1,16.93,7.5,25.69,1.49,1.0,0.0,0.0,0.0,0.0,0.0,0.0,0.0,tepung hunkwe (pati kacang ijo),Low Sugar
Bakso,12.41 g,202.0,12.41,7.58,13.16,0.0,478.0,0.0,9.4,20.68,2.33,19.64,31.87,0.0,32.0,21.0,0.0,0.0,20.0,0.0,bakso,Low Carb
"Ketan hitam, matang",0.60 g,181.0,4.0,37.3,1.2,0.0,9.0,0.3,8.42,6.67,11.48,1.79,0.6,0.0,0.0,0.0,0.0,0.0,0.0,0.0,"ketan hitam, matang",Low Sugar
Sirup Tropicana sirup slim sirup orange,0 g,5.0,0.0,0.0,0.0,0.0,0.0,0.0,0.23,0.0,0.0,0.0,0.0,0.0,0.0,0.0,0.0,1.0,0.0,0.0,sirup tropicana sirup slim sirup orange,Low Carb
Bagea kw 2,1.10 g,382.0,0.3,87.2,3.5,0.0,0.0,0.9,17.77,0.5,26.83,5.22,0.0,0.0,0.0,0.0,0.0,0.0,0.0,0.0,bagea kw 2,Low Sugar
Permen Mintz Duomint,0 g,0.0,0.0,2.0,0.0,2.0,0.0,0.0,0.47,0.0,0.62,0.0,0.0,0.0,0.0,0.0,1.0,1.0,0.0,0.0,permen mintz duomint,Low Carb
"Beras, tepung, mentah",0.50 g,353.0,7.0,80.0,0.5,0.0,5.0,2.4,16.42,11.67,24.62,0.75,0.33,0.0,0.0,0.0,0.0,0.0,0.0,0.0,"beras, tepung, mentah",Low Sugar
Morin Mixed fruit Jam,0 g,0.0,0.0,11.0,0.0,9.0,0.0,0.0,2.09,0.0,3.38,0.0,0.0,0.0,0.0,0.0,4.0,3.0,0.0,0.0,morin mixed fruit jam,Healthy
.Heavenly Blush,4 g,90.0,2.0,15.0,2.5,5.0,0.0,4.0,4.19,3.33,4.62,3.73,0.0,0.0,0.0,0.0,5.0,5.0,0.0,14.0,.heavenly blush,Low Sugar
Eskrim paddle pop choco magma,1 g,70.0,1.0,12.0,2.5,8.0,0.0,1.0,3.26,1.67,3.69,3.73,0.0,0.0,0.0,0.0,4.0,0.0,4.0,4.0,eskrim paddle pop choco magma,Healthy
Susu ibu - ASI,0.20 g,62.0,1.5,7.0,3.2,0.0,15.0,0.0,2.88,2.5,2.15,4.78,1.0,0.0,0.0,0.0,0.0,0.0,0.0,0.0,susu ibu - asi,Low Carb
Pop mie rasa kari ayam,44 g,350.0,7.0,45.0,16.0,4.0,0.0,44.0,16.28,11.67,13.85,23.88,0.0,0.0,0.0,0.0,0.0,17.0,24.0,147.0,pop mie rasa kari ayam,Low Sugar
Starbucks hot caffe latte (whole milk),12 g,230.0,12.0,19.0,12.0,0.0,0.0,0.0,10.7,20.0,5.85,17.91,0.0,0.0,0.0,20.0,0.0,11.0,18.0,0.0,starbucks hot caffe latte (whole milk),Low Sugar
Lays 14g,1 g,70.0,1.0,10.0,7.0,0.0,70.0,0.0,5.12,1.67,3.08,10.45,4.67,18.0,0.0,0.0,0.0,6.0,11.0,0.0,lays 14g,Low Carb
Starbucks java chip frappuccino (wholemilk),7 g,350.0,7.0,68.0,5.0,0.0,0.0,0.0,16.28,11.67,20.92,7.46,0.0,0.0,0.0,12.0,21.0,17.0,0.0,0.0,starbucks java chip frappuccino (wholemilk),Low Sugar
Bungkil kacang tanah,33.10 g,336.0,37.4,30.5,13.0,0.0,0.0,0.0,15.63,62.33,9.38,19.4,0.0,0.0,0.0,0.0,0.0,0.0,0.0,0.0,bungkil kacang tanah,High protein
"Daun kol sawi, segar",0.70 g,22.0,2.1,3.6,0.5,0.0,19.0,0.9,1.02,3.5,1.11,0.75,1.27,0.0,0.0,0.0,0.0,0.0,0.0,0.0,"daun kol sawi, segar",Low Carb
Biskuit choco mania,1 g,100.0,1.0,14.0,4.5,7.0,0.0,0.0,4.65,1.67,4.31,6.72,0.0,0.0,0.0,0.0,5.0,5.0,7.0,0.0,biskuit choco mania,Healthy
"Bou ninahu ndamate, masakan",2.10 g,79.0,6.3,1.1,1.0,0.0,67.0,0.0,3.67,10.5,0.34,1.49,4.47,0.0,0.0,0.0,0.0,0.0,0.0,0.0,"bou ninahu ndamate, masakan",Low Carb
Putri selat,0.90 g,163.0,2.2,13.8,6.5,0.0,6.0,0.0,7.58,3.67,4.25,9.7,0.4,0.0,0.0,0.0,0.0,0.0,0.0,0.0,putri selat,Low Sugar
Yogurt greek yummy blueberry,8 g,140.0,8.0,19.0,3.5,10.0,65.0,0.0,6.51,13.33,5.85,5.22,4.33,0.0,0.0,14.0,6.0,7.0,0.0,0.0,yogurt greek yummy blueberry,Healthy
"Ikan Beunteur, segar",9 g,109.0,17.0,0.0,4.0,0.0,109.0,0.0,5.07,28.33,0.0,5.97,7.27,0.0,0.0,0.0,0.0,0.0,0.0,0.0,"ikan beunteur, segar",High protein
Teh hitam daun kering,5.90 g,293.0,24.5,58.8,2.8,0.0,50.0,8.7,13.63,40.83,18.09,4.18,3.33,0.0,0.0,0.0,0.0,0.0,0.0,0.0,teh hitam daun kering,High protein
abc kopi susu,1 g,130.0,1.0,27.0,2.5,0.0,15.0,0.0,6.05,1.67,8.31,3.73,1.0,0.0,0.0,0.0,9.0,7.0,4.0,0.0,abc kopi susu,Low Sugar
Es krim Aice coklat sundae,2 g,100.0,2.0,14.0,4.0,8.0,15.0,0.0,4.65,3.33,4.31,5.97,1.0,0.0,0.0,0.0,5.0,5.0,6.0,0.0,es krim aice coklat sundae,Healthy
"Bayam merah, segar",2.20 g,41.0,2.2,6.3,0.8,0.0,20.0,2.2,1.91,3.67,1.94,1.19,1.33,0.0,0.0,0.0,0.0,0.0,0.0,0.0,"bayam merah, segar",Low Carb
"Kacang ercis, segar",1 g,129.0,12.4,18.3,0.7,0.0,4.0,28.6,6.0,20.67,5.63,1.04,0.27,0.0,0.0,0.0,0.0,0.0,0.0,0.0,"kacang ercis, segar",Low Sugar
"Asinan bogor,sayuran",0.70 g,98.0,3.9,14.8,2.6,0.0,483.0,0.5,4.56,6.5,4.55,3.88,32.2,0.0,0.0,0.0,0.0,0.0,0.0,0.0,"asinan bogor,sayuran",Low Sugar
Susu WRP loses weight coklat,2 g,220.0,14.0,27.0,6.0,20.0,0.0,2.0,10.23,23.33,8.31,8.96,0.0,0.0,0.0,24.0,0.0,11.0,9.0,0.0,susu wrp loses weight coklat,Snack
"Kalio kikil (tunjang), masakan",1.30 g,122.0,13.8,3.9,5.7,0.0,519.0,0.0,5.67,23.0,1.2,8.51,34.6,0.0,0.0,0.0,0.0,0.0,0.0,0.0,"kalio kikil (tunjang), masakan",Low Carb
ABC Kecap Asin,1 g,5.0,1.0,1.0,0.0,0.0,830.0,0.0,0.23,1.67,0.31,0.0,55.33,0.0,56.0,2.0,1.0,0.0,0.0,0.0,abc kecap asin,Low Carb
"Buah naga putih, segar",0.60 g,56.0,0.8,10.9,1.0,0.0,7.0,3.2,2.6,1.33,3.35,1.49,0.47,0.0,0.0,0.0,0.0,0.0,0.0,0.0,"buah naga putih, segar",Low Sugar
"Jagung pipil var, metro,kering",1.30 g,368.0,5.5,78.0,4.6,0.0,1.0,2.9,17.12,9.17,24.0,6.87,0.07,0.0,0.0,0.0,0.0,0.0,0.0,0.0,"jagung pipil var, metro,kering",Low Sugar
Kacang bogor segar,1 g,165.0,7.7,27.4,3.1,0.0,6.0,2.5,7.67,12.83,8.43,4.63,0.4,0.0,0.0,0.0,0.0,0.0,0.0,0.0,kacang bogor segar,Low Sugar
"Itik alabio, daging, dendeng, mentah",5.10 g,496.0,30.3,18.4,33.5,0.0,1081.0,0.0,23.07,50.5,5.66,50.0,72.07,0.0,0.0,0.0,0.0,0.0,0.0,0.0,"itik alabio, daging, dendeng, mentah",High protein
Chatime pearl milk tea,1 g,374.0,1.0,67.0,11.0,39.5,0.0,0.0,17.4,1.67,20.62,16.42,0.0,0.0,0.0,0.0,21.0,18.0,17.0,0.0,chatime pearl milk tea,Snack
Aqua,0 g,0.0,0.0,0.0,0.0,0.0,0.0,0.0,0.0,0.0,0.0,0.0,0.0,0.0,0.0,0.0,0.0,0.0,0.0,0.0,aqua,Low Carb
Bingka,0.60 g,273.0,5.3,39.1,10.6,0.0,0.0,0.0,12.7,8.83,12.03,15.82,0.0,0.0,0.0,0.0,0.0,0.0,0.0,0.0,bingka,Low Sugar
Enting-enting wijen,3 g,565.0,18.2,36.8,38.4,0.0,0.0,1.9,26.28,30.33,11.32,57.31,0.0,0.0,0.0,0.0,0.0,0.0,0.0,0.0,enting-enting wijen,High protein
"Kool merah, kool putih",0.90 g,29.0,1.4,5.3,0.2,0.0,28.0,1.9,1.35,2.33,1.63,0.3,1.87,0.0,0.0,0.0,0.0,0.0,0.0,0.0,"kool merah, kool putih",Low Carb
Oyek,0.70 g,351.0,0.9,84.9,0.9,0.0,5.0,4.3,16.33,1.5,26.12,1.34,0.33,0.0,0.0,0.0,0.0,0.0,0.0,0.0,oyek,Low Sugar
Rujak aceh,0.90 g,82.0,0.4,19.7,0.3,0.0,0.0,2.4,3.81,0.67,6.06,0.45,0.0,0.0,0.0,0.0,0.0,0.0,0.0,0.0,rujak aceh,Low Sugar
Keripik kemplang goreng,3.40 g,504.0,5.6,57.1,28.1,0.0,0.0,0.3,23.44,9.33,17.57,41.94,0.0,0.0,0.0,0.0,0.0,0.0,0.0,0.0,keripik kemplang goreng,Low Sugar
Bungkil kelapa,38 g,368.0,23.0,40.0,15.0,0.0,0.0,0.0,17.12,38.33,12.31,22.39,0.0,0.0,0.0,0.0,0.0,0.0,0.0,0.0,bungkil kelapa,High protein
Bamboe soto ayam,1 g,10.0,1.0,2.0,1.0,1.0,850.0,1.0,0.93,1.67,0.62,1.49,56.67,0.0,57.0,2.0,0.0,0.0,0.0,4.0,bamboe soto ayam,Low Carb
"Belitung, talas, segar",1.10 g,145.0,1.2,34.2,0.4,0.0,6.0,1.5,6.74,2.0,10.52,0.6,0.4,0.0,0.0,0.0,0.0,0.0,0.0,0.0,"belitung, talas, segar",Low Sugar
Geplak Jahe,2.50 g,462.0,3.1,57.7,14.4,0.0,0.0,3.3,21.49,5.17,17.75,21.49,0.0,0.0,0.0,0.0,0.0,0.0,0.0,0.0,geplak jahe,Low Sugar
"Kacang mekah, polong, segar",0.90 g,22.0,1.1,3.4,1.0,0.0,2.0,1.1,1.02,1.83,1.05,1.49,0.13,0.0,0.0,0.0,0.0,0.0,0.0,0.0,"kacang mekah, polong, segar",Low Carb
Dodol kedongdong,0.40 g,331.0,1.9,63.8,7.6,0.0,0.0,1.0,15.4,3.17,19.63,11.34,0.0,0.0,0.0,0.0,0.0,0.0,0.0,0.0,dodol kedongdong,Low Sugar
"Kepala susu - krim, segar",0.90 g,204.0,2.6,4.0,20.0,0.0,0.0,0.0,9.49,4.33,1.23,29.85,0.0,0.0,0.0,0.0,0.0,0.0,0.0,0.0,"kepala susu - krim, segar",Low Carb
Ubi Cilembu,0.90 g,186.0,1.9,44.3,0.2,0.0,1.0,3.4,8.65,3.17,13.63,0.3,0.07,0.0,0.0,0.0,0.0,0.0,0.0,0.0,ubi cilembu,Low Sugar
Bungkil biji karet,29.40 g,333.0,29.3,50.0,3.3,0.0,0.0,0.0,15.49,48.83,15.38,4.93,0.0,0.0,0.0,0.0,0.0,0.0,0.0,0.0,bungkil biji karet,High protein
Monde Boromon Wafers rasa Vanila,2 g,60.0,1.0,16.0,7.0,7.0,60.0,2.0,6.05,1.67,4.92,10.45,4.0,18.0,0.0,0.0,0.0,0.0,11.0,7.0,monde boromon wafers rasa vanila,Healthy
Good Day Cappuccino With Cocoa Granule,1 g,110.0,1.0,21.0,2.5,17.0,10.0,1.0,5.12,1.67,6.46,3.73,0.67,13.0,0.0,0.0,7.0,6.0,0.0,0.0,good day cappuccino with cocoa granule,Healthy
Starbucks hot caramel macchiato (wholemilk),10 g,280.0,10.0,35.0,11.0,0.0,0.0,0.0,13.02,16.67,10.77,16.42,0.0,0.0,0.0,17.0,0.0,14.0,17.0,0.0,starbucks hot caramel macchiato (wholemilk),Low Sugar
"Soto padang, masakan",2 g,127.0,5.9,11.0,6.6,0.0,0.0,0.7,5.91,9.83,3.38,9.85,0.0,0.0,0.0,0.0,0.0,0.0,0.0,0.0,"soto padang, masakan",Low Sugar
"Soto kudus, masakan",1.70 g,38.0,3.6,1.8,2.3,0.0,0.0,0.2,1.77,6.0,0.55,3.43,0.0,0.0,0.0,0.0,0.0,0.0,0.0,0.0,"soto kudus, masakan",Low Carb
Tahubaxo rebus,11 g,109.0,11.0,16.0,0.0,0.0,504.0,0.0,5.07,18.33,4.92,0.0,33.6,0.0,34.0,19.0,0.0,6.0,0.0,0.0,tahubaxo rebus,Low Sugar
Meises coklat,2 g,120.0,0.0,20.0,4.0,16.0,0.0,2.0,5.58,0.0,6.15,5.97,0.0,0.0,0.0,0.0,7.0,0.0,6.0,7.0,meises coklat,Healthy
"Jeruk Kalamansi, segar",0.40 g,39.0,0.3,8.9,0.3,0.0,3.0,2.3,1.81,0.5,2.74,0.45,0.2,0.0,0.0,0.0,0.0,0.0,0.0,0.0,"jeruk kalamansi, segar",Low Carb
Batar daan,0.70 g,107.0,2.2,19.6,2.2,0.0,200.0,0.0,4.98,3.67,6.03,3.28,13.33,0.0,0.0,0.0,0.0,0.0,0.0,0.0,batar daan,Low Sugar
Nasi Goreng,0.40 g,500.0,7.0,40.2,34.4,0.0,18.0,0.4,23.26,11.67,12.37,51.34,1.2,0.0,0.0,0.0,0.0,24.0,52.0,0.0,nasi goreng,Low Sugar
Baruasa,0.70 g,417.0,6.5,79.3,8.2,0.0,0.0,0.0,19.4,10.83,24.4,12.24,0.0,0.0,0.0,0.0,0.0,0.0,0.0,0.0,baruasa,Low Sugar
Omelet Mie Telur,14.30 g,500.7,14.3,54.5,24.3,0.0,1132.0,0.0,23.29,23.83,16.77,36.27,75.47,0.0,76.0,24.0,0.0,0.0,37.0,0.0,omelet mie telur,Low Sugar
"Daun jawaw seluang, segar",1.20 g,93.0,5.0,15.3,1.3,0.0,2.0,3.9,4.33,8.33,4.71,1.94,0.13,0.0,0.0,0.0,0.0,0.0,0.0,0.0,"daun jawaw seluang, segar",Low Sugar
Saladstop Sunshine jakarta,15.10 g,556.6,45.2,50.7,26.6,18.1,988.8,15.1,25.89,75.33,15.6,39.7,65.92,0.0,66.0,76.0,0.0,0.0,0.0,51.0,saladstop sunshine jakarta,High protein
Sarimi isi tongseng ayam,6 g,560.0,11.0,76.0,23.0,5.0,0.0,6.0,26.05,18.33,23.38,34.33,0.0,0.0,0.0,0.0,24.0,27.0,35.0,0.0,sarimi isi tongseng ayam,Low Sugar
"Ikan Mujahir / Mujair, segar",1.10 g,89.0,18.7,0.0,1.0,0.0,51.0,0.0,4.14,31.17,0.0,1.49,3.4,0.0,0.0,0.0,0.0,0.0,0.0,0.0,"ikan mujahir / mujair, segar",High protein
"Talas pontianak, segar",0.90 g,163.0,2.3,36.4,0.5,0.0,14.0,0.7,7.58,3.83,11.2,0.75,0.93,0.0,0.0,0.0,0.0,0.0,0.0,0.0,"talas pontianak, segar",Low Sugar
Susu Rasa Taro,5 g,130.0,5.0,18.0,4.0,14.0,60.0,0.0,6.05,8.33,5.54,5.97,4.0,0.0,0.0,0.0,0.0,0.0,0.0,0.0,susu rasa taro,Healthy
Masako Daging Sapi,0 g,0.0,0.0,0.0,0.0,0.0,590.0,0.0,0.0,0.0,0.0,0.0,39.33,0.0,40.0,0.0,0.0,0.0,0.0,0.0,masako daging sapi,Low Carb
Koya mirasa,1.60 g,370.0,8.0,82.2,1.0,0.0,0.0,0.4,17.21,13.33,25.29,1.49,0.0,0.0,0.0,0.0,0.0,0.0,0.0,0.0,koya mirasa,Low Sugar
Sasa tepung bakso goreng,1 g,90.0,1.0,21.0,0.0,0.0,910.0,0.0,4.19,1.67,6.46,0.0,60.67,0.0,61.0,0.0,7.0,5.0,0.0,0.0,sasa tepung bakso goreng,Low Sugar
Mizone,0 g,45.0,0.0,11.0,0.0,11.0,0.0,0.0,2.09,0.0,3.38,0.0,0.0,0.0,0.0,0.0,4.0,3.0,0.0,0.0,mizone,Healthy
Fillet o-fish,1.50 g,270.0,12.3,19.3,15.9,0.0,439.0,0.2,12.56,20.5,5.94,23.73,29.27,0.0,0.0,0.0,0.0,0.0,0.0,0.0,fillet o-fish,Low Sugar
"Beras giling var rojolele, mentah",0.80 g,357.0,8.4,77.1,1.7,0.0,34.0,0.2,16.6,14.0,23.72,2.54,2.27,0.0,0.0,0.0,0.0,0.0,0.0,0.0,"beras giling var rojolele, mentah",Low Sugar
"Beras menir, mentah",0.20 g,362.0,7.7,73.0,4.4,0.0,90.0,0.2,16.84,12.83,22.46,6.57,6.0,0.0,0.0,0.0,0.0,0.0,0.0,0.0,"beras menir, mentah",Low Sugar
Monde Snack Gold,2 g,20.0,2.0,16.0,2.5,3.0,35.0,0.0,4.19,3.33,4.92,3.73,2.33,0.0,0.0,0.0,5.0,5.0,4.0,0.0,monde snack gold,Low Sugar
Mony Oats Dark Choco Flavour,0 g,50.0,0.0,7.0,20.0,4.0,15.0,0.0,2.33,0.0,2.15,29.85,1.0,10.0,0.0,0.0,0.0,3.0,30.0,0.0,mony oats dark choco flavour,Low Carb
"Kacang babi, kering",3.50 g,341.0,30.4,51.3,3.2,0.0,13.0,4.5,15.86,50.67,15.78,4.78,0.87,0.0,0.0,0.0,0.0,0.0,0.0,0.0,"kacang babi, kering",High protein
Subway black forest ham sandwich,5 g,290.0,18.0,46.0,4.5,8.0,0.0,5.0,13.49,30.0,14.15,6.72,0.0,0.0,0.0,30.0,15.0,0.0,0.0,17.0,subway black forest ham sandwich,High protein
Tempe lamtoro var. gung dengan kuit,1.30 g,146.0,11.7,19.6,2.3,0.0,0.0,7.6,6.79,19.5,6.03,3.43,0.0,0.0,0.0,0.0,0.0,0.0,0.0,0.0,tempe lamtoro var. gung dengan kuit,Low Sugar
"Kalio ayam, masakan",1.40 g,203.0,16.0,4.4,13.5,0.0,534.0,0.0,9.44,26.67,1.35,20.15,35.6,0.0,0.0,0.0,0.0,0.0,0.0,0.0,"kalio ayam, masakan",High protein
Silky Pudding Taro Flavour,2 g,15.0,2.0,16.0,1.5,11.0,45.0,0.0,3.72,3.33,4.92,2.24,3.0,8.0,0.0,0.0,5.0,4.0,0.0,0.0,silky pudding taro flavour,Healthy
"Talas bogor, segar",0.80 g,108.0,1.4,25.0,0.4,0.0,10.0,0.9,5.02,2.33,7.69,0.6,0.67,0.0,0.0,0.0,0.0,0.0,0.0,0.0,"talas bogor, segar",Low Sugar
Niu Zuzu rasa coklat,2 g,120.0,2.0,22.0,3.0,18.0,110.0,0.0,5.58,3.33,6.77,4.48,7.33,0.0,8.0,0.0,7.0,6.0,0.0,0.0,niu zuzu rasa coklat,Healthy
"Jeruk bali, segar",0.50 g,48.0,0.6,12.4,0.2,0.0,21.0,0.8,2.23,1.0,3.82,0.3,1.4,0.0,0.0,0.0,0.0,0.0,0.0,0.0,"jeruk bali, segar",Low Sugar
Delfi ChaCha Peanut,3 g,160.0,3.0,17.0,8.0,0.0,10.0,0.0,7.44,5.0,5.23,11.94,0.67,0.0,0.0,0.0,6.0,8.0,12.0,0.0,delfi chacha peanut,Low Sugar
"Kacang endel, biji",2 g,331.0,25.0,58.0,1.0,0.0,12.0,23.6,15.4,41.67,17.85,1.49,0.8,0.0,0.0,0.0,0.0,0.0,0.0,0.0,"kacang endel, biji",High protein
Bihun goreng instan,0.70 g,381.0,6.1,80.3,3.9,0.0,928.0,0.0,17.72,10.17,24.71,5.82,61.87,0.0,0.0,0.0,0.0,0.0,0.0,0.0,bihun goreng instan,Low Sugar
Mie ayam,0.80 g,102.0,6.2,10.5,3.9,0.0,279.0,0.0,4.74,10.33,3.23,5.82,18.6,0.0,0.0,0.0,0.0,0.0,0.0,0.0,mie ayam,Low Sugar
"Koro benguk, biji",3 g,332.0,24.0,55.0,3.0,0.0,42.0,5.6,15.44,40.0,16.92,4.48,2.8,0.0,0.0,0.0,0.0,0.0,0.0,0.0,"koro benguk, biji",High protein
Nongshim Shin cup,10.90 g,309.0,10.9,46.8,6.0,1.9,0.0,0.0,14.37,18.17,14.4,8.96,0.0,0.0,0.0,19.0,15.0,15.0,0.0,0.0,nongshim shin cup,Low Sugar
Teh botol tawar,0 g,0.0,0.0,0.0,0.0,0.0,0.0,0.0,0.0,0.0,0.0,0.0,0.0,0.0,0.0,0.0,0.0,0.0,0.0,0.0,teh botol tawar,Low Carb
Biji nangka / Biji salak,0.70 g,262.0,2.3,51.1,5.4,0.0,10.0,8.0,12.19,3.83,15.72,8.06,0.67,0.0,0.0,0.0,0.0,0.0,0.0,0.0,biji nangka / biji salak,Low Sugar
Emping (keripik melinjo),28 g,345.0,12.0,71.5,1.5,0.0,0.0,0.0,16.05,20.0,22.0,2.24,0.0,0.0,0.0,0.0,0.0,0.0,0.0,0.0,emping (keripik melinjo),Low Sugar
"Soto bandung, masakan",1.80 g,42.0,3.9,2.8,1.7,0.0,0.0,0.4,1.95,6.5,0.86,2.54,0.0,0.0,0.0,0.0,0.0,0.0,0.0,0.0,"soto bandung, masakan",Low Carb
Origo coffe avocado coffe,4.04 g,160.0,4.04,22.46,6.02,14.12,0.0,0.0,7.44,6.73,6.91,8.99,0.0,0.0,0.0,0.0,7.0,8.0,9.0,0.0,origo coffe avocado coffe,Snack
Subway sweet onion chicken teriyaki sandwich,5 g,370.0,25.0,58.0,4.5,16.0,0.0,5.0,17.21,41.67,17.85,6.72,0.0,0.0,0.0,42.0,18.0,18.0,0.0,0.0,subway sweet onion chicken teriyaki sandwich,High protein
Komak polong,1.10 g,99.0,3.3,21.2,0.1,0.0,15.0,10.3,4.6,5.5,6.52,0.15,1.0,0.0,0.0,0.0,0.0,0.0,0.0,0.0,komak polong,Low Sugar
Hazelnut,9.70 g,628.0,14.95,16.7,60.75,0.0,0.0,9.7,29.21,24.92,5.14,90.67,0.0,0.0,0.0,0.0,0.0,0.0,0.0,0.0,hazelnut,Low Sugar
Sariroti roti tawar kupas,1 g,110.0,3.0,19.0,2.0,1.0,170.0,1.0,5.12,5.0,5.85,2.99,11.33,0.0,12.0,0.0,6.0,6.0,0.0,0.0,sariroti roti tawar kupas,Low Sugar
"Andewi, segar",1.10 g,226.0,1.6,5.3,0.2,0.0,29.0,4.1,10.51,2.67,1.63,0.3,1.93,0.0,0.0,0.0,0.0,0.0,0.0,0.0,"andewi, segar",Low Carb
Mie bakso,0.80 g,114.0,5.3,16.4,3.0,0.0,760.0,0.1,5.3,8.83,5.05,4.48,50.67,0.0,0.0,0.0,0.0,0.0,0.0,0.0,mie bakso,Low Sugar
Kin bulgarian yogurt orange,3 g,150.0,3.0,28.0,2.5,27.0,0.0,0.0,6.98,5.0,8.62,3.73,0.0,0.0,0.0,5.0,9.0,7.0,0.0,0.0,kin bulgarian yogurt orange,Healthy
Tapai singkong,0.70 g,169.0,1.4,40.2,0.3,0.0,0.0,2.0,7.86,2.33,12.37,0.45,0.0,0.0,0.0,0.0,0.0,0.0,0.0,0.0,tapai singkong,Low Sugar
"Buncis, segar",0.50 g,34.0,2.4,7.2,0.3,0.0,8.0,1.9,1.58,4.0,2.22,0.45,0.53,0.0,0.0,0.0,0.0,0.0,0.0,0.0,"buncis, segar",Low Carb
Biskuit serena egg rolls chocolate,1 g,80.0,1.0,8.0,4.5,4.0,0.0,1.0,3.72,1.67,2.46,6.72,0.0,0.0,0.0,0.0,0.0,4.0,7.0,4.0,biskuit serena egg rolls chocolate,Low Carb
Ikan Mujahir / mujair goreng,2.20 g,416.0,46.9,0.0,23.9,0.0,54.0,0.0,19.35,78.17,0.0,35.67,3.6,0.0,0.0,0.0,0.0,0.0,0.0,0.0,ikan mujahir / mujair goreng,High protein
Kue ku temu,0.50 g,214.0,3.5,49.6,0.2,0.0,0.0,0.0,9.95,5.83,15.26,0.3,0.0,0.0,0.0,0.0,0.0,0.0,0.0,0.0,kue ku temu,Low Sugar
Coklat Ferrero rocher,1 g,238.0,3.0,18.0,16.0,15.0,0.0,1.0,11.07,5.0,5.54,23.88,0.0,0.0,0.0,0.0,6.0,12.0,24.0,0.0,coklat ferrero rocher,Snack
Outback steackhouse outback special,51 g,280.0,51.0,0.0,9.0,0.0,0.0,0.0,13.02,85.0,0.0,13.43,0.0,0.0,0.0,85.0,0.0,14.0,14.0,0.0,outback steackhouse outback special,High protein
The coffe bean & tea leaf mocha ice blended drink,11 g,350.0,11.0,67.0,7.0,55.0,0.0,0.0,16.28,18.33,20.62,10.45,0.0,0.0,0.0,19.0,21.0,17.0,0.0,0.0,the coffe bean & tea leaf mocha ice blended drink,Snack
Indomie goreng,2 g,380.0,8.0,54.0,14.0,8.0,0.0,2.0,17.67,13.33,16.62,20.9,0.0,0.0,0.0,0.0,17.0,18.0,21.0,0.0,indomie goreng,Snack
Nestle nestum,1 g,130.0,3.0,27.0,1.5,9.0,0.0,1.0,6.05,5.0,8.31,2.24,0.0,0.0,0.0,5.0,9.0,7.0,0.0,0.0,nestle nestum,Healthy
"Jagung nasi, mentah",0.30 g,357.0,8.8,79.5,0.5,0.0,2.0,6.2,16.6,14.67,24.46,0.75,0.13,0.0,0.0,0.0,0.0,0.0,0.0,0.0,"jagung nasi, mentah",Low Sugar
Indofood cap enak (kental manis),2 g,120.0,1.0,21.0,4.0,19.0,0.0,2.0,5.58,1.67,6.46,5.97,0.0,0.0,0.0,0.0,7.0,0.0,6.0,7.0,indofood cap enak (kental manis),Healthy
Pastel,1.50 g,307.0,4.5,42.4,13.3,0.0,0.0,0.0,14.28,7.5,13.05,19.85,0.0,0.0,0.0,0.0,0.0,0.0,0.0,0.0,pastel,Low Sugar
Momogi Bintang Coklat,1 g,50.0,1.0,6.0,3.0,0.0,20.0,0.0,2.33,1.67,1.85,4.48,1.33,0.0,0.0,0.0,2.0,3.0,5.0,0.0,momogi bintang coklat,Low Carb
King's Fisher sarden goreng balado,8 g,120.0,8.0,4.0,8.0,0.0,0.0,0.0,5.58,13.33,1.23,11.94,0.0,0.0,0.0,14.0,0.0,6.0,12.0,0.0,king's fisher sarden goreng balado,Low Carb
Kewpie Caesar,1 g,70.0,1.0,3.0,6.0,0.0,190.0,0.0,3.26,1.67,0.92,8.96,12.67,0.0,13.0,0.0,0.0,4.0,9.0,0.0,kewpie caesar,Low Carb
Getuk singkong,1.10 g,204.0,0.5,47.4,1.4,0.0,0.0,0.8,9.49,0.83,14.58,2.09,0.0,0.0,0.0,0.0,0.0,0.0,0.0,0.0,getuk singkong,Low Sugar
Kenari banda,3.20 g,616.0,13.9,13.7,56.2,0.0,11.0,0.0,28.65,23.17,4.22,83.88,0.73,0.0,0.0,0.0,0.0,0.0,0.0,0.0,kenari banda,Low Sugar
"Anak sapi, daging, gemuk,segar",5.20 g,184.0,18.8,0.0,14.0,0.0,118.0,0.0,8.56,31.33,0.0,20.9,7.87,0.0,0.0,0.0,0.0,0.0,0.0,0.0,"anak sapi, daging, gemuk,segar",High protein
Indomie ayam geprek,3 g,410.0,9.0,49.0,20.0,6.0,0.0,3.0,19.07,15.0,15.08,29.85,0.0,0.0,0.0,0.0,16.0,20.0,30.0,0.0,indomie ayam geprek,Snack
Oncom kacang tanah pepes,4.80 g,132.0,11.7,13.7,3.8,0.0,0.0,3.1,6.14,19.5,4.22,5.67,0.0,0.0,0.0,0.0,0.0,0.0,0.0,0.0,oncom kacang tanah pepes,Low Sugar
"PT. Ultrajaya Milk Industry, Tbk",6 g,120.0,6.0,9.0,6.0,0.0,40.0,0.0,5.58,10.0,2.77,8.96,2.67,0.0,0.0,10.0,0.0,6.0,9.0,0.0,"pt. ultrajaya milk industry, tbk",Low Carb
Putri hijau,0.50 g,189.0,5.4,37.2,2.1,0.0,0.0,0.0,8.79,9.0,11.45,3.13,0.0,0.0,0.0,0.0,0.0,0.0,0.0,0.0,putri hijau,Low Sugar
Nestle Milo 3in1 Activ-Go (Malt),1 g,140.0,4.0,25.0,3.0,0.0,80.0,1.0,6.51,6.67,7.69,4.48,5.33,10.0,0.0,7.0,8.0,0.0,0.0,0.0,nestle milo 3in1 activ-go (malt),Low Sugar
Tiwul Instan,2.70 g,395.0,3.2,76.5,8.5,0.0,377.0,4.2,18.37,5.33,23.54,12.69,25.13,0.0,0.0,0.0,0.0,0.0,0.0,0.0,tiwul instan,Low Sugar
"Hofa / Ubi hutan, segar",0.90 g,127.0,1.2,29.5,0.5,0.0,3.0,3.4,5.91,2.0,9.08,0.75,0.2,0.0,0.0,0.0,0.0,0.0,0.0,0.0,"hofa / ubi hutan, segar",Low Sugar
Lanting getuk,3.80 g,422.0,0.9,80.4,10.8,0.0,0.0,1.4,19.63,1.5,24.74,16.12,0.0,0.0,0.0,0.0,0.0,0.0,0.0,0.0,lanting getuk,Low Sugar
"Telur ayam ras / telor ayam ras , segar",0.80 g,154.0,12.4,0.7,10.8,0.0,142.0,0.0,7.16,20.67,0.22,16.12,9.47,0.0,0.0,0.0,0.0,0.0,0.0,0.0,"telur ayam ras / telor ayam ras , segar",Low Carb
"Daun Kenikir, segar",1.70 g,45.0,3.7,6.6,0.5,0.0,6.0,5.8,2.09,6.17,2.03,0.75,0.4,0.0,0.0,0.0,0.0,0.0,0.0,0.0,"daun kenikir, segar",Low Carb
Oncom,1.40 g,187.0,13.0,22.6,6.0,0.0,0.0,0.0,8.7,21.67,6.95,8.96,0.0,0.0,0.0,0.0,0.0,0.0,0.0,0.0,oncom,Low Sugar
"Gadung , ubi, segar",0.90 g,100.0,0.9,23.5,0.3,0.0,8.0,2.1,4.65,1.5,7.23,0.45,0.53,0.0,0.0,0.0,0.0,0.0,0.0,0.0,"gadung , ubi, segar",Low Sugar
Nasi minyak,1.10 g,207.0,3.5,37.1,5.0,0.0,74.0,0.8,9.63,5.83,11.42,7.46,4.93,0.0,0.0,0.0,0.0,0.0,0.0,0.0,nasi minyak,Low Sugar
Starbucks green tea frappuccino (whole milk),5 g,320.0,5.0,64.0,4.5,0.0,0.0,0.0,14.88,8.33,19.69,6.72,0.0,0.0,0.0,9.0,20.0,15.0,0.0,0.0,starbucks green tea frappuccino (whole milk),Low Sugar
Kue Kelepon,1.20 g,215.0,3.7,41.8,3.7,0.0,0.0,1.0,10.0,6.17,12.86,5.52,0.0,0.0,0.0,0.0,0.0,0.0,0.0,0.0,kue kelepon,Low Sugar
ABC Selera pedas hot gulai chicken,21 g,270.0,7.0,34.0,12.0,1.0,0.0,21.0,12.56,11.67,10.46,17.91,0.0,0.0,0.0,0.0,0.0,13.0,18.0,70.0,abc selera pedas hot gulai chicken,Low Sugar
Royco sup krim jagung,1 g,70.0,1.0,11.0,2.0,4.0,380.0,0.0,3.26,1.67,3.38,2.99,25.33,0.0,26.0,0.0,4.0,4.0,0.0,0.0,royco sup krim jagung,Low Sugar
BANGO Kecap Manis Light,0 g,40.0,0.0,10.0,0.0,8.0,140.0,0.0,1.86,0.0,3.08,0.0,9.33,0.0,10.0,0.0,4.0,2.0,0.0,0.0,bango kecap manis light,Low Carb
Happy Tos Tortilla Chips,1 g,60.0,2.0,16.0,7.0,1.0,125.0,1.0,6.05,3.33,4.92,10.45,8.33,15.0,9.0,0.0,0.0,0.0,11.0,0.0,happy tos tortilla chips,Low Sugar
super bubur rasa ayam,3 g,170.0,3.0,32.0,3.0,0.0,840.0,0.0,7.91,5.0,9.85,4.48,56.0,0.0,56.0,0.0,10.0,8.0,0.0,0.0,super bubur rasa ayam,Low Sugar
Yoshinoya Veggie beef bowl (Large bowl),9 g,960.0,35.0,141.0,29.0,8.0,0.0,9.0,44.65,58.33,43.38,43.28,0.0,0.0,0.0,59.0,44.0,45.0,0.0,0.0,yoshinoya veggie beef bowl (large bowl),High protein
Intip goreng,2 g,474.0,7.6,62.3,21.6,0.0,0.0,1.2,22.05,12.67,19.17,32.24,0.0,0.0,0.0,0.0,0.0,0.0,0.0,0.0,intip goreng,Low Sugar
"Daun pohpohan, segar",2.40 g,37.0,2.5,6.9,0.8,0.0,0.0,2.6,1.72,4.17,2.12,1.19,0.0,0.0,0.0,0.0,0.0,0.0,0.0,0.0,"daun pohpohan, segar",Low Carb
Suki Rasa Ayam Kecap,2 g,100.0,2.0,13.0,4.0,1.0,240.0,0.0,4.65,3.33,4.0,5.97,16.0,0.0,16.0,0.0,0.0,5.0,6.0,0.0,suki rasa ayam kecap,Low Sugar
"Soto betawi, masakan",1.30 g,135.0,2.5,11.5,8.8,0.0,0.0,0.5,6.28,4.17,3.54,13.13,0.0,0.0,0.0,0.0,0.0,0.0,0.0,0.0,"soto betawi, masakan",Low Sugar
"Selada air,segar",1.20 g,17.0,3.1,2.2,0.2,0.0,65.0,0.7,0.79,5.17,0.68,0.3,4.33,0.0,0.0,0.0,0.0,0.0,0.0,0.0,"selada air,segar",Low Carb
Mie Sedaap baso spesial,6 g,340.0,9.0,47.0,13.0,2.0,0.0,6.0,15.81,15.0,14.46,19.4,0.0,0.0,0.0,0.0,0.0,16.0,20.0,20.0,mie sedaap baso spesial,Low Sugar
Naraya melon seed,6 g,130.0,6.0,2.0,10.0,0.0,180.0,0.0,6.05,10.0,0.62,14.93,12.0,0.0,12.0,10.0,0.0,0.0,15.0,0.0,naraya melon seed,Low Carb
"Pepare ular, segar",0.30 g,19.0,0.6,3.9,0.1,0.0,130.0,1.0,0.88,1.0,1.2,0.15,8.67,0.0,0.0,0.0,0.0,0.0,0.0,0.0,"pepare ular, segar",Low Carb
"Kaburan, ubi, segar",0.50 g,133.0,1.0,32.2,0.2,0.0,10.0,0.7,6.19,1.67,9.91,0.3,0.67,0.0,0.0,0.0,0.0,0.0,0.0,0.0,"kaburan, ubi, segar",Low Sugar
You C1000 vitamin lemon,0 g,700.0,0.0,16.0,0.0,16.0,0.0,0.0,32.56,0.0,4.92,0.0,0.0,0.0,0.0,0.0,5.0,33.0,0.0,0.0,you c1000 vitamin lemon,Snack
Kopi Good day the original,1 g,90.0,1.0,16.0,2.5,13.0,0.0,1.0,4.19,1.67,4.92,3.73,0.0,0.0,0.0,0.0,5.0,5.0,4.0,0.0,kopi good day the original,Healthy
Naraya Coklat Cookies,1 g,50.0,1.0,6.0,3.0,0.0,45.0,0.0,2.33,1.67,1.85,4.48,3.0,0.0,3.0,0.0,0.0,3.0,5.0,0.0,naraya coklat cookies,Low Carb
Susu On gold standard whey,0.50 g,120.0,20.0,3.0,1.8,1.6,0.0,0.5,5.58,33.33,0.92,2.69,0.0,0.0,0.0,34.0,0.0,6.0,3.0,0.0,susu on gold standard whey,High protein
Sariroti roti tawar gandum,6 g,190.0,6.0,32.0,3.5,2.0,290.0,6.0,8.84,10.0,9.85,5.22,19.33,0.0,20.0,10.0,0.0,0.0,0.0,20.0,sariroti roti tawar gandum,Low Sugar
King's Fisher sarden sambal bangkok,8 g,70.0,8.0,6.0,2.0,0.0,0.0,0.0,3.26,13.33,1.85,2.99,0.0,0.0,0.0,14.0,0.0,4.0,3.0,0.0,king's fisher sarden sambal bangkok,Low Carb
Ultra Sari Asem Asli,0 g,130.0,0.0,32.0,0.0,0.0,0.0,0.0,6.05,0.0,9.85,0.0,0.0,0.0,0.0,0.0,10.0,7.0,0.0,0.0,ultra sari asem asli,Low Sugar
Sagu aren segar,0.10 g,231.0,0.6,56.6,0.2,0.0,7.0,3.2,10.74,1.0,17.42,0.3,0.47,0.0,0.0,0.0,0.0,0.0,0.0,0.0,sagu aren segar,Low Sugar
"Kelapa tua, daging, segar",1 g,359.0,3.4,14.0,34.7,0.0,3.0,4.7,16.7,5.67,4.31,51.79,0.2,0.0,0.0,0.0,0.0,0.0,0.0,0.0,"kelapa tua, daging, segar",Low Sugar
Koyabu,0.90 g,241.0,3.4,47.2,4.3,0.0,0.0,0.0,11.21,5.67,14.52,6.42,0.0,0.0,0.0,0.0,0.0,0.0,0.0,0.0,koyabu,Low Sugar
Buah kelor,1.30 g,38.0,1.5,7.5,0.2,0.0,48.0,3.2,1.77,2.5,2.31,0.3,3.2,0.0,0.0,0.0,0.0,0.0,0.0,0.0,buah kelor,Low Carb
Mie Sedaap Cup Mi Kuah Bakso,8 g,350.0,8.0,45.0,15.0,0.0,1070.0,0.0,16.28,13.33,13.85,22.39,71.33,0.0,72.0,0.0,0.0,17.0,23.0,0.0,mie sedaap cup mi kuah bakso,Low Sugar
Martabak mesir,1.10 g,278.0,5.1,45.0,8.6,0.0,193.0,0.0,12.93,8.5,13.85,12.84,12.87,0.0,0.0,0.0,0.0,0.0,0.0,0.0,martabak mesir,Low Sugar
"Encung asam, segar",1.50 g,122.0,3.5,17.5,4.5,0.0,0.0,9.3,5.67,5.83,5.38,6.72,0.0,0.0,0.0,0.0,0.0,0.0,0.0,0.0,"encung asam, segar",Low Sugar
Croissant,1 g,180.0,3.0,21.0,9.0,0.0,0.0,1.0,8.37,5.0,6.46,13.43,0.0,0.0,0.0,0.0,7.0,9.0,14.0,0.0,croissant,Low Sugar
Hokben Tori Ball,7 g,250.0,7.0,15.0,14.0,0.0,0.0,0.0,11.63,11.67,4.62,20.9,0.0,0.0,0.0,12.0,0.0,12.0,21.0,0.0,hokben tori ball,Low Sugar
"Ikan Sunu, segar",1.10 g,111.0,13.3,6.7,3.4,0.0,91.0,0.0,5.16,22.17,2.06,5.07,6.07,0.0,0.0,0.0,0.0,0.0,0.0,0.0,"ikan sunu, segar",Low Carb
"Sapi, dideh/darah",1.40 g,98.0,21.9,0.0,1.1,0.0,150.0,0.0,4.56,36.5,0.0,1.64,10.0,0.0,0.0,0.0,0.0,0.0,0.0,0.0,"sapi, dideh/darah",High protein
Beras ganyong,0.50 g,364.0,3.4,86.3,0.7,0.0,4.0,4.7,16.93,5.67,26.55,1.04,0.27,0.0,0.0,0.0,0.0,0.0,0.0,0.0,beras ganyong,Low Sugar
MR.P Cashewnuts,7 g,250.0,7.0,11.0,19.0,0.0,0.0,0.0,11.63,11.67,3.38,28.36,0.0,0.0,0.0,12.0,0.0,12.0,29.0,0.0,mr.p cashewnuts,Low Sugar
Dodol bali,1.80 g,298.0,3.7,65.9,2.1,0.0,0.0,0.4,13.86,6.17,20.28,3.13,0.0,0.0,0.0,0.0,0.0,0.0,0.0,0.0,dodol bali,Low Sugar
"Susu kambing, segar",0.90 g,64.0,4.3,6.6,2.3,0.0,35.0,0.0,2.98,7.17,2.03,3.43,2.33,0.0,0.0,0.0,0.0,0.0,0.0,0.0,"susu kambing, segar",Low Carb
Origo coffe strawberry kopi susu,2.43 g,108.0,2.43,12.55,4.34,10.25,0.0,0.0,5.02,4.05,3.86,6.48,0.0,0.0,0.0,5.0,0.0,6.0,7.0,0.0,origo coffe strawberry kopi susu,Healthy
Permen KIS mini assorted,0 g,30.0,0.0,7.0,0.0,5.0,0.0,0.0,1.4,0.0,2.15,0.0,0.0,0.0,0.0,0.0,3.0,2.0,0.0,0.0,permen kis mini assorted,Low Carb
"Telur ayam ras bagian putih, segar",0.60 g,50.0,10.8,0.8,0.0,0.0,164.0,0.0,2.33,18.0,0.25,0.0,10.93,0.0,0.0,0.0,0.0,0.0,0.0,0.0,"telur ayam ras bagian putih, segar",Low Carb
"Pisang ayam, segar",0.70 g,120.0,1.1,26.8,0.2,0.0,6.0,4.1,5.58,1.83,8.25,0.3,0.4,0.0,0.0,0.0,0.0,0.0,0.0,0.0,"pisang ayam, segar",Low Sugar
"Pempek adaan, masakan",1.70 g,162.0,4.9,27.8,3.0,0.0,488.0,0.0,7.53,8.17,8.55,4.48,32.53,0.0,0.0,0.0,0.0,0.0,0.0,0.0,"pempek adaan, masakan",Low Sugar
Keju kcang tanah (peanut butter),0.10 g,590.0,27.0,20.9,49.0,0.0,355.0,1.6,27.44,45.0,6.43,73.13,23.67,0.0,0.0,0.0,0.0,0.0,0.0,0.0,keju kcang tanah (peanut butter),High protein
"Ubi jalar manis, segar",1.10 g,83.0,1.5,18.8,0.2,0.0,52.0,0.6,3.86,2.5,5.78,0.3,3.47,0.0,0.0,0.0,0.0,0.0,0.0,0.0,"ubi jalar manis, segar",Low Sugar
donat Krispy kreme mini original glazed,0.30 g,83.3,1.0,10.0,4.3,4.7,0.0,0.3,3.87,1.67,3.08,6.42,0.0,0.0,0.0,0.0,4.0,4.0,7.0,0.0,donat krispy kreme mini original glazed,Low Carb
Sarimi Gelas Rasa Baso Sapi,3 g,50.0,2.0,18.0,6.0,2.0,390.0,3.0,6.51,3.33,5.54,8.96,26.0,15.0,26.0,0.0,0.0,0.0,0.0,10.0,sarimi gelas rasa baso sapi,Low Sugar
Dalgona coffe,9.25 g,306.0,9.25,52.77,7.05,33.86,0.0,0.0,14.23,15.42,16.24,10.52,0.0,0.0,0.0,16.0,17.0,15.0,0.0,0.0,dalgona coffe,Snack
Lousiana rub (classic wings),1 g,171.0,15.0,1.0,12.0,0.0,0.0,1.0,7.95,25.0,0.31,17.91,0.0,0.0,0.0,25.0,0.0,8.0,18.0,0.0,lousiana rub (classic wings),High protein
Outback steackhouse Ribeye,58 g,540.0,58.0,0.0,35.0,0.0,0.0,0.0,25.12,96.67,0.0,52.24,0.0,0.0,0.0,97.0,0.0,26.0,53.0,0.0,outback steackhouse ribeye,High protein
Bonchon Spicy wings,0 g,800.0,56.0,18.0,54.0,5.0,0.0,0.0,37.21,93.33,5.54,80.6,0.0,0.0,0.0,94.0,0.0,38.0,81.0,0.0,bonchon spicy wings,High protein
Talas bogor kukus,0.80 g,120.0,1.5,28.2,0.3,0.0,11.0,0.7,5.58,2.5,8.68,0.45,0.73,0.0,0.0,0.0,0.0,0.0,0.0,0.0,talas bogor kukus,Low Sugar
Maya Sardines Chili sause,0.23 g,180.0,12.08,2.6,2.11,0.0,0.2,0.0,8.37,20.13,0.8,3.15,0.01,0.0,0.0,21.0,0.0,0.0,0.0,0.0,maya sardines chili sause,Low Carb
"Cempedak, segar",1 g,116.0,3.0,28.6,0.4,0.0,25.0,3.4,5.4,5.0,8.8,0.6,1.67,0.0,0.0,0.0,0.0,0.0,0.0,0.0,"cempedak, segar",Low Sugar
Good Day rock caramello 3 in 1 200g,1 g,40.0,1.0,14.0,4.5,13.0,100.0,1.0,4.65,1.67,4.31,6.72,6.67,23.0,7.0,0.0,0.0,0.0,7.0,0.0,good day rock caramello 3 in 1 200g,Healthy
PRONAS Sarden saus pedas (425 g),8 g,80.0,8.0,2.0,4.0,0.0,120.0,0.0,3.72,13.33,0.62,5.97,8.0,13.0,0.0,14.0,0.0,0.0,0.0,0.0,pronas sarden saus pedas (425 g),Low Carb
"Terung belanda, segar",1 g,52.0,2.1,8.6,1.1,0.0,0.0,1.4,2.42,3.5,2.65,1.64,0.0,0.0,0.0,0.0,0.0,0.0,0.0,0.0,"terung belanda, segar",Low Carb
Chitato,2 g,110.0,2.0,11.0,6.0,0.0,0.0,0.0,5.12,3.33,3.38,8.96,0.0,0.0,0.0,0.0,4.0,6.0,9.0,0.0,chitato,Low Sugar
Rambutan,0.40 g,69.0,0.9,18.1,0.1,0.0,16.0,0.8,3.21,1.5,5.57,0.15,1.07,0.0,0.0,0.0,0.0,0.0,0.0,0.0,rambutan,Low Sugar
"Beras ketan putih tumbuk, mentah",0.50 g,361.0,7.4,78.4,0.8,0.0,3.0,0.4,16.79,12.33,24.12,1.19,0.2,0.0,0.0,0.0,0.0,0.0,0.0,0.0,"beras ketan putih tumbuk, mentah",Low Sugar
Sawo Manila,0.50 g,92.0,0.5,22.4,1.1,0.0,26.0,9.5,4.28,0.83,6.89,1.64,1.73,0.0,0.0,0.0,0.0,0.0,0.0,0.0,sawo manila,Low Sugar
Kerupuk cumi goreng,3.80 g,444.0,6.9,71.3,14.6,0.0,837.0,5.0,20.65,11.5,21.94,21.79,55.8,0.0,0.0,0.0,0.0,0.0,0.0,0.0,kerupuk cumi goreng,Low Sugar
Gemblong,1.20 g,274.0,1.7,55.5,5.4,0.0,0.0,2.2,12.74,2.83,17.08,8.06,0.0,0.0,0.0,0.0,0.0,0.0,0.0,0.0,gemblong,Low Sugar
Pop mie rasa baso,3 g,140.0,8.0,47.0,15.0,5.0,720.0,3.0,16.74,13.33,14.46,22.39,48.0,35.0,48.0,0.0,0.0,0.0,23.0,0.0,pop mie rasa baso,Low Sugar
"Soto madura, masakan",0.90 g,60.0,3.5,1.3,4.5,0.0,0.0,0.0,2.79,5.83,0.4,6.72,0.0,0.0,0.0,0.0,0.0,0.0,0.0,0.0,"soto madura, masakan",Low Carb
Saos tomat,3.60 g,110.0,2.0,24.5,0.4,0.0,890.0,0.9,5.12,3.33,7.54,0.6,59.33,0.0,0.0,0.0,0.0,0.0,0.0,0.0,saos tomat,Low Sugar
Sariroti sandwich coklat,2 g,150.0,3.0,21.0,6.0,4.0,125.0,2.0,6.98,5.0,6.46,8.96,8.33,0.0,9.0,0.0,0.0,7.0,9.0,0.0,sariroti sandwich coklat,Low Sugar
"Bentul (Komba), talas, segar",1.80 g,98.0,1.6,20.9,0.7,0.0,0.0,0.7,4.56,2.67,6.43,1.04,0.0,0.0,0.0,0.0,0.0,0.0,0.0,0.0,"bentul (komba), talas, segar",Low Sugar
Sagu manis,0.60 g,287.0,0.5,62.4,3.9,0.0,34.0,0.0,13.35,0.83,19.2,5.82,2.27,0.0,0.0,0.0,0.0,0.0,0.0,0.0,sagu manis,Low Sugar
Lemonia Biscuit,1 g,45.0,1.0,13.0,5.0,5.0,50.0,1.0,4.65,1.67,4.0,7.46,3.33,10.0,0.0,0.0,0.0,5.0,8.0,0.0,lemonia biscuit,Low Sugar
"Koro loke, biji",0.60 g,33.0,2.7,7.9,0.2,0.0,2.0,3.5,1.53,4.5,2.43,0.3,0.13,0.0,0.0,0.0,0.0,0.0,0.0,0.0,"koro loke, biji",Low Carb
"Daun pakis, segar",1.40 g,39.0,4.5,6.9,0.4,0.0,20.0,2.0,1.81,7.5,2.12,0.6,1.33,0.0,0.0,0.0,0.0,0.0,0.0,0.0,"daun pakis, segar",Low Carb
Kangkung tondano,1.10 g,43.0,1.8,8.4,0.2,0.0,30.0,4.3,2.0,3.0,2.58,0.3,2.0,0.0,0.0,0.0,0.0,0.0,0.0,0.0,kangkung tondano,Low Carb
Mie telur cap 3 ayam,6 g,230.0,8.0,49.0,0.0,2.0,0.0,6.0,10.7,13.33,15.08,0.0,0.0,0.0,0.0,14.0,16.0,0.0,0.0,20.0,mie telur cap 3 ayam,Low Sugar
"Pala, daging, segar",0.50 g,42.0,0.3,10.9,0.2,0.0,0.0,0.5,1.95,0.5,3.35,0.3,0.0,0.0,0.0,0.0,0.0,0.0,0.0,0.0,"pala, daging, segar",Low Sugar
Tepung Gaplek,1.10 g,345.0,2.4,83.1,0.4,0.0,6.0,6.7,16.05,4.0,25.57,0.6,0.4,0.0,0.0,0.0,0.0,0.0,0.0,0.0,tepung gaplek,Low Sugar
Tempe kedelai murni mentah,1.60 g,201.0,20.8,13.5,8.8,0.0,9.0,1.4,9.35,34.67,4.15,13.13,0.6,0.0,0.0,0.0,0.0,0.0,0.0,0.0,tempe kedelai murni mentah,High protein
Flax seeds,18.29 g,534.0,18.29,28.88,42.16,0.0,0.0,0.0,24.84,30.48,8.89,62.93,0.0,0.0,0.0,0.0,0.0,0.0,0.0,0.0,flax seeds,High protein
Starbucks hot caramel macchiato (nonfat milk),11 g,200.0,11.0,36.0,1.5,0.0,0.0,0.0,9.3,18.33,11.08,2.24,0.0,0.0,0.0,19.0,12.0,10.0,0.0,0.0,starbucks hot caramel macchiato (nonfat milk),Low Sugar
Bango Bumbu Kuliner Nusantara Tongseng Khas Solo,1 g,15.0,0.0,5.0,1.5,4.0,800.0,1.0,1.63,0.0,1.54,2.24,53.33,3.0,54.0,0.0,0.0,0.0,0.0,4.0,bango bumbu kuliner nusantara tongseng khas solo,Low Carb
Bobengka,0.60 g,225.0,5.3,45.2,2.6,0.0,0.0,0.0,10.47,8.83,13.91,3.88,0.0,0.0,0.0,0.0,0.0,0.0,0.0,0.0,bobengka,Low Sugar
"Markisa squash, BD",0.20 g,104.0,1.2,23.7,0.5,0.0,40.0,0.0,4.84,2.0,7.29,0.75,2.67,0.0,0.0,0.0,0.0,0.0,0.0,0.0,"markisa squash, bd",Low Sugar
Pizza hut deluxe cheeses,1 g,150.0,6.0,17.0,6.0,2.0,0.0,1.0,6.98,10.0,5.23,8.96,0.0,0.0,0.0,10.0,0.0,7.0,9.0,0.0,pizza hut deluxe cheeses,Low Sugar
Mi ABC cup baso sapi,4 g,290.0,7.0,34.0,13.0,3.0,0.0,4.0,13.49,11.67,10.46,19.4,0.0,0.0,0.0,0.0,0.0,14.0,20.0,14.0,mi abc cup baso sapi,Low Sugar
Nasi merah,0.30 g,149.0,2.8,32.5,0.4,0.0,5.0,0.3,6.93,4.67,10.0,0.6,0.33,0.0,0.0,0.0,0.0,0.0,0.0,0.0,nasi merah,Low Sugar
Bagea kenari manis,1.30 g,523.0,3.2,64.2,28.2,0.0,74.0,0.0,24.33,5.33,19.75,42.09,4.93,0.0,0.0,0.0,0.0,0.0,0.0,0.0,bagea kenari manis,Low Sugar
Teh Javana,0 g,0.0,0.0,28.0,0.0,28.0,75.0,0.0,5.12,0.0,8.62,0.0,5.0,0.0,5.0,0.0,9.0,6.0,0.0,0.0,teh javana,Healthy
Biokul greek  yogurt,6 g,160.0,6.0,6.0,12.0,2.0,0.0,0.0,7.44,10.0,1.85,17.91,0.0,0.0,0.0,10.0,0.0,8.0,18.0,0.0,biokul greek  yogurt,Low Carb
Frisian flag sweet delight,6 g,150.0,6.0,20.0,6.0,18.0,75.0,0.0,6.98,10.0,6.15,8.96,5.0,0.0,0.0,10.0,0.0,7.0,9.0,0.0,frisian flag sweet delight,Healthy
Ahh Nabati Richeese,0 g,10.0,0.0,3.0,1.0,1.0,15.0,0.0,0.93,0.0,0.92,1.49,1.0,3.0,1.0,0.0,0.0,0.0,2.0,0.0,ahh nabati richeese,Low Carb
Indomie mi kuah,2 g,300.0,7.0,43.0,11.0,3.0,0.0,2.0,13.95,11.67,13.23,16.42,0.0,0.0,0.0,0.0,14.0,14.0,17.0,0.0,indomie mi kuah,Low Sugar
Saladstop bold bulgogi,6 g,411.8,17.7,30.6,25.7,13.3,695.4,6.0,19.15,29.5,9.42,38.36,46.36,0.0,47.0,30.0,0.0,0.0,39.0,0.0,saladstop bold bulgogi,High protein
Kue sus,0.90 g,221.0,7.5,24.8,10.2,0.0,0.0,0.0,10.28,12.5,7.63,15.22,0.0,0.0,0.0,0.0,0.0,0.0,0.0,0.0,kue sus,Low Sugar
Dodol galamai,1.20 g,348.0,0.4,76.1,3.8,0.0,38.0,0.5,16.19,0.67,23.42,5.67,2.53,0.0,0.0,0.0,0.0,0.0,0.0,0.0,dodol galamai,Low Sugar
Ketoprak,2.60 g,153.0,7.9,13.0,7.7,0.0,0.0,2.9,7.12,13.17,4.0,11.49,0.0,0.0,0.0,0.0,0.0,0.0,0.0,0.0,ketoprak,Low Sugar
Kue koa,1 g,340.0,4.8,79.3,0.4,0.0,0.0,0.0,15.81,8.0,24.4,0.6,0.0,0.0,0.0,0.0,0.0,0.0,0.0,0.0,kue koa,Low Sugar
Keju mozzarella,27.50 g,280.0,27.5,3.1,17.1,0.0,0.0,0.0,13.02,45.83,0.95,25.52,0.0,0.0,0.0,46.0,0.0,14.0,26.0,0.0,keju mozzarella,High protein
Espresso,0.04 g,3.0,0.04,0.49,0.05,0.0,0.0,0.0,0.14,0.07,0.15,0.07,0.0,0.0,0.0,0.0,1.0,1.0,1.0,0.0,espresso,Low Carb
Permen frozz lime mint,0 g,0.0,0.0,1.0,0.0,0.0,0.0,0.0,0.0,0.0,0.31,0.0,0.0,0.0,0.0,0.0,1.0,0.0,0.0,0.0,permen frozz lime mint,Low Carb
Eskrim magnum white almond,3 g,230.0,3.0,23.0,14.0,13.0,0.0,3.0,10.7,5.0,7.08,20.9,0.0,0.0,0.0,0.0,0.0,11.0,21.0,10.0,eskrim magnum white almond,Snack
Pop mie mie goreng pedas,6 g,370.0,6.0,49.0,17.0,4.0,0.0,6.0,17.21,10.0,15.08,25.37,0.0,0.0,0.0,0.0,0.0,18.0,26.0,20.0,pop mie mie goreng pedas,Low Sugar
Berilla Collezione Lasagne all'uovo,11 g,370.0,11.0,71.0,4.0,0.0,30.0,0.0,17.21,18.33,21.85,5.97,2.0,0.0,0.0,19.0,22.0,18.0,0.0,0.0,berilla collezione lasagne all'uovo,Low Sugar
Roma Sandwich,2 g,140.0,2.0,17.0,7.0,6.0,80.0,0.0,6.51,3.33,5.23,10.45,5.33,0.0,6.0,0.0,0.0,7.0,11.0,0.0,roma sandwich,Healthy
"Taoge kacang tunggak, segar",1 g,40.0,5.0,5.8,0.2,0.0,2.0,2.6,1.86,8.33,1.78,0.3,0.13,0.0,0.0,0.0,0.0,0.0,0.0,0.0,"taoge kacang tunggak, segar",Low Carb
Kacang negara,0.90 g,480.0,18.4,58.5,19.1,0.0,1010.0,11.7,22.33,30.67,18.0,28.51,67.33,0.0,0.0,0.0,0.0,0.0,0.0,0.0,kacang negara,High protein
Piattos Sambal Geprek Flavor,2 g,45.0,1.0,13.0,5.0,1.0,100.0,2.0,4.65,1.67,4.0,7.46,6.67,10.0,7.0,0.0,0.0,0.0,8.0,0.0,piattos sambal geprek flavor,Low Sugar
Japilus,2.70 g,500.0,1.2,67.3,25.1,0.0,0.0,0.4,23.26,2.0,20.71,37.46,0.0,0.0,0.0,0.0,0.0,0.0,0.0,0.0,japilus,Low Sugar
Ribeye,19.80 g,217.0,19.8,0.11,15.21,0.0,0.0,0.0,10.09,33.0,0.03,22.7,0.0,0.0,0.0,0.0,0.0,0.0,0.0,0.0,ribeye,High protein
"Ikan Bader, segar",2 g,193.0,19.0,0.0,13.0,0.0,118.0,0.0,8.98,31.67,0.0,19.4,7.87,0.0,0.0,0.0,0.0,0.0,0.0,0.0,"ikan bader, segar",High protein
Nutrijell pudding suus rasa vanila (120 g),0 g,40.0,0.0,8.0,0.5,5.0,30.0,0.0,1.86,0.0,2.46,0.75,2.0,0.0,2.0,0.0,3.0,2.0,0.0,0.0,nutrijell pudding suus rasa vanila (120 g),Low Carb
Mie sedaap kari spesial,3 g,340.0,8.0,48.0,13.0,2.0,0.0,3.0,15.81,13.33,14.77,19.4,0.0,0.0,0.0,0.0,15.0,16.0,20.0,0.0,mie sedaap kari spesial,Low Sugar
Burger Carl's Jr california classic double cheeseburger,2 g,600.0,23.0,41.0,39.0,11.0,0.0,2.0,27.91,38.33,12.62,58.21,0.0,0.0,0.0,39.0,0.0,28.0,59.0,0.0,burger carl's jr california classic double cheeseburger,High protein
The coffe bean & tea leaf matcha ice blended drink,16 g,410.0,16.0,67.0,9.0,59.0,0.0,0.0,19.07,26.67,20.62,13.43,0.0,0.0,0.0,27.0,21.0,20.0,0.0,0.0,the coffe bean & tea leaf matcha ice blended drink,High protein
Permen mentos spearmint,0 g,5.0,0.0,1.0,0.0,0.0,0.0,0.0,0.23,0.0,0.31,0.0,0.0,0.0,0.0,0.0,1.0,1.0,0.0,0.0,permen mentos spearmint,Low Carb
Teh Kotak Rasa Apel,0 g,100.0,0.0,24.0,0.0,20.0,50.0,0.0,4.65,0.0,7.38,0.0,3.33,0.0,4.0,0.0,8.0,5.0,0.0,0.0,teh kotak rasa apel,Healthy
Santan (dengan air),0.40 g,122.0,2.0,7.6,10.0,0.0,9.0,1.4,5.67,3.33,2.34,14.93,0.6,0.0,0.0,0.0,0.0,0.0,0.0,0.0,santan (dengan air),Low Carb
Mi basah,2.10 g,88.0,0.6,14.0,3.3,0.0,63.0,0.1,4.09,1.0,4.31,4.93,4.2,0.0,0.0,0.0,0.0,0.0,0.0,0.0,mi basah,Low Sugar
Sagu forno,0.60 g,291.0,0.5,63.4,4.0,0.0,40.0,0.0,13.53,0.83,19.51,5.97,2.67,0.0,0.0,0.0,0.0,0.0,0.0,0.0,sagu forno,Low Sugar
Gado-gado,1.50 g,137.0,6.1,21.0,3.2,0.0,0.0,1.1,6.37,10.17,6.46,4.78,0.0,0.0,0.0,0.0,0.0,0.0,0.0,0.0,gado-gado,Low Sugar
Coklat Hershey's milk chocolate,0.10 g,22.0,0.3,2.8,1.3,2.6,0.0,0.1,1.02,0.5,0.86,1.94,0.0,0.0,0.0,0.0,1.0,2.0,2.0,0.0,coklat hershey's milk chocolate,Low Carb
Mie aceh rebus,1.10 g,113.0,3.0,18.1,3.2,0.0,191.0,0.0,5.26,5.0,5.57,4.78,12.73,0.0,0.0,0.0,0.0,0.0,0.0,0.0,mie aceh rebus,Low Sugar
Jagung gerontol,0.80 g,156.0,2.7,33.3,1.3,0.0,0.0,1.0,7.26,4.5,10.25,1.94,0.0,0.0,0.0,0.0,0.0,0.0,0.0,0.0,jagung gerontol,Low Sugar
Puff pastry sheet,3 g,200.0,3.0,18.0,13.0,1.0,0.0,0.0,9.3,5.0,5.54,19.4,0.0,0.0,0.0,0.0,6.0,10.0,20.0,0.0,puff pastry sheet,Low Sugar
Melinjo emping tebal goreng asin,1.60 g,431.0,11.1,63.0,16.2,0.0,0.0,0.0,20.05,18.5,19.38,24.18,0.0,0.0,0.0,0.0,0.0,0.0,0.0,0.0,melinjo emping tebal goreng asin,Low Sugar
"Wortel,segar",0.60 g,36.0,1.0,7.9,0.6,0.0,70.0,1.0,1.67,1.67,2.43,0.9,4.67,0.0,0.0,0.0,0.0,0.0,0.0,0.0,"wortel,segar",Low Carb
Yogurt greek yummy original,7 g,140.0,7.0,17.0,4.0,8.0,0.0,0.0,6.51,11.67,5.23,5.97,0.0,0.0,0.0,12.0,0.0,7.0,6.0,0.0,yogurt greek yummy original,Healthy
Sayur sop,2.70 g,27.0,1.3,1.0,2.0,0.0,0.0,0.3,1.26,2.17,0.31,2.99,0.0,0.0,0.0,0.0,0.0,0.0,0.0,0.0,sayur sop,Low Carb
Pulut,0.80 g,216.0,2.6,44.4,3.1,0.0,100.0,0.0,10.05,4.33,13.66,4.63,6.67,0.0,0.0,0.0,0.0,0.0,0.0,0.0,pulut,Low Sugar
"Andaliman, segar",2.20 g,99.0,4.6,18.0,1.0,0.0,0.0,8.5,4.6,7.67,5.54,1.49,0.0,0.0,0.0,0.0,0.0,0.0,0.0,0.0,"andaliman, segar",Low Sugar
Nutrisari jus mangga,0 g,60.0,0.0,13.0,1.0,12.0,0.0,0.0,2.79,0.0,4.0,1.49,0.0,0.0,0.0,0.0,4.0,3.0,2.0,0.0,nutrisari jus mangga,Healthy
"Ikan Batung, segar",1.10 g,115.0,14.5,4.2,4.6,0.0,42.0,0.0,5.35,24.17,1.29,6.87,2.8,0.0,0.0,0.0,0.0,0.0,0.0,0.0,"ikan batung, segar",Low Carb
"Bihun, mentah",0.20 g,348.0,4.7,82.1,0.1,0.0,12.0,1.2,16.19,7.83,25.26,0.15,0.8,0.0,0.0,0.0,0.0,0.0,0.0,0.0,"bihun, mentah",Low Sugar
"Kelapa setengah tua, daging, segar",1 g,180.0,4.0,10.0,15.0,0.0,4.0,2.4,8.37,6.67,3.08,22.39,0.27,0.0,0.0,0.0,0.0,0.0,0.0,0.0,"kelapa setengah tua, daging, segar",Low Carb
dancow susu bubuk fortigro full cream,6 g,120.0,6.0,10.0,7.0,0.0,90.0,0.0,5.58,10.0,3.08,10.45,6.0,0.0,6.0,10.0,0.0,0.0,11.0,0.0,dancow susu bubuk fortigro full cream,Low Carb
Pork loin,19.74 g,198.0,19.74,0.0,12.58,0.0,0.0,0.0,9.21,32.9,0.0,18.78,0.0,0.0,0.0,0.0,0.0,0.0,0.0,0.0,pork loin,High protein
Cake tape,1.40 g,323.0,4.9,50.1,11.5,0.0,0.0,1.4,15.02,8.17,15.42,17.16,0.0,0.0,0.0,0.0,0.0,0.0,0.0,0.0,cake tape,Low Sugar
Supermi rasa Kaldu Ayam,3 g,100.0,6.0,45.0,11.0,2.0,920.0,3.0,13.95,10.0,13.85,16.42,61.33,30.0,62.0,0.0,0.0,0.0,17.0,0.0,supermi rasa kaldu ayam,Low Sugar
"Jawawut,mentah",1.50 g,364.0,9.7,73.4,3.5,0.0,7.0,8.2,16.93,16.17,22.58,5.22,0.47,0.0,0.0,0.0,0.0,0.0,0.0,0.0,"jawawut,mentah",Low Sugar
"Ikan selar kuning cue, mentah",0.70 g,138.0,27.0,0.0,3.3,0.0,0.0,0.0,6.42,45.0,0.0,4.93,0.0,0.0,0.0,0.0,0.0,0.0,0.0,0.0,"ikan selar kuning cue, mentah",High protein
Sate Ayam,19.54 g,225.0,19.54,4.87,14.82,0.0,355.0,0.0,10.47,32.57,1.5,22.12,23.67,0.0,24.0,33.0,0.0,0.0,23.0,0.0,sate ayam,High protein
Ademsari chingku herbal tea,0 g,90.0,0.0,21.0,0.0,21.0,0.0,0.0,4.19,0.0,6.46,0.0,0.0,0.0,0.0,0.0,7.0,5.0,0.0,0.0,ademsari chingku herbal tea,Healthy
"Batatas gembili, segar",0.70 g,76.0,1.1,16.0,0.9,0.0,10.0,4.2,3.53,1.83,4.92,1.34,0.67,0.0,0.0,0.0,0.0,0.0,0.0,0.0,"batatas gembili, segar",Low Sugar
"Daun pakis loggiho, segar",1.60 g,54.0,2.2,3.1,3.6,0.0,70.0,2.1,2.51,3.67,0.95,5.37,4.67,0.0,0.0,0.0,0.0,0.0,0.0,0.0,"daun pakis loggiho, segar",Low Carb
Supermi rasa steak ayam,4 g,140.0,7.0,54.0,15.0,6.0,590.0,4.0,17.67,11.67,16.62,22.39,39.33,35.0,40.0,0.0,0.0,0.0,23.0,0.0,supermi rasa steak ayam,Snack
"Koro wedus, biji, kering",3.50 g,338.0,22.2,61.0,1.5,0.0,43.0,5.8,15.72,37.0,18.77,2.24,2.87,0.0,0.0,0.0,0.0,0.0,0.0,0.0,"koro wedus, biji, kering",High protein
Red Hot Cajun  (classic wings),1 g,142.0,15.0,1.0,8.0,0.0,0.0,1.0,6.6,25.0,0.31,11.94,0.0,0.0,0.0,25.0,0.0,7.0,12.0,0.0,red hot cajun  (classic wings),High protein
Tony roma's the original baby back ribs,0 g,563.0,30.0,55.0,25.0,50.0,0.0,0.0,26.19,50.0,16.92,37.31,0.0,0.0,0.0,50.0,0.0,27.0,38.0,0.0,tony roma's the original baby back ribs,High protein
Kerupuk kemplang (ikan) mentah,5.10 g,325.0,1.8,78.5,0.4,0.0,1123.0,4.5,15.12,3.0,24.15,0.6,74.87,0.0,0.0,0.0,0.0,0.0,0.0,0.0,kerupuk kemplang (ikan) mentah,Low Sugar
Rempeyek kacang uci,3.40 g,497.0,17.0,50.8,27.6,0.0,0.0,2.4,23.12,28.33,15.63,41.19,0.0,0.0,0.0,0.0,0.0,0.0,0.0,0.0,rempeyek kacang uci,High protein
Ampas kacang hijau,0.60 g,96.0,3.7,19.1,0.6,0.0,0.0,2.7,4.47,6.17,5.88,0.9,0.0,0.0,0.0,0.0,0.0,0.0,0.0,0.0,ampas kacang hijau,Low Sugar
Pronas chicken luncheon,3 g,80.0,4.0,3.0,6.0,0.0,0.0,3.0,3.72,6.67,0.92,8.96,0.0,0.0,0.0,7.0,0.0,0.0,9.0,10.0,pronas chicken luncheon,Low Carb
"Susu kerbau, segar",0.80 g,160.0,6.3,7.1,12.0,0.0,82.0,0.0,7.44,10.5,2.18,17.91,5.47,0.0,0.0,0.0,0.0,0.0,0.0,0.0,"susu kerbau, segar",Low Carb
"Soto sukaraja, masakan",1.10 g,80.0,3.2,9.0,3.5,0.0,0.0,0.3,3.72,5.33,2.77,5.22,0.0,0.0,0.0,0.0,0.0,0.0,0.0,0.0,"soto sukaraja, masakan",Low Carb
Chitato keripik kentang rasa sapi panggang,2 g,110.0,2.0,11.0,6.0,0.0,115.0,0.0,5.12,3.33,3.38,8.96,7.67,0.0,8.0,0.0,0.0,6.0,9.0,0.0,chitato keripik kentang rasa sapi panggang,Low Sugar
Manan samin,0.80 g,379.0,3.4,50.6,18.1,0.0,0.0,0.0,17.63,5.67,15.57,27.01,0.0,0.0,0.0,0.0,0.0,0.0,0.0,0.0,manan samin,Low Sugar
Pizza hut meat lover's,2 g,470.0,19.0,36.0,28.0,1.0,0.0,2.0,21.86,31.67,11.08,41.79,0.0,0.0,0.0,32.0,0.0,22.0,42.0,0.0,pizza hut meat lover's,High protein
Bika ambon,0.60 g,199.0,2.1,44.4,1.5,0.0,0.0,0.3,9.26,3.5,13.66,2.24,0.0,0.0,0.0,0.0,0.0,0.0,0.0,0.0,bika ambon,Low Sugar
Keju Lemnos Fetta Cheese,5.40 g,83.0,5.4,0.4,6.9,0.9,0.0,0.0,3.86,9.0,0.12,10.3,0.0,0.0,0.0,9.0,0.0,4.0,11.0,0.0,keju lemnos fetta cheese,Low Carb
Krupuk Bocah Tua (mentah),1 g,340.0,1.0,84.0,0.0,0.0,1570.0,0.0,15.81,1.67,25.85,0.0,104.67,0.0,105.0,0.0,26.0,16.0,0.0,0.0,krupuk bocah tua (mentah),Low Sugar
Nissin wafer coklat,2 g,50.0,2.0,20.0,6.0,8.0,70.0,0.0,6.51,3.33,6.15,8.96,4.67,15.0,0.0,0.0,0.0,7.0,9.0,0.0,nissin wafer coklat,Healthy
Richeese Nabati,0 g,40.0,0.0,6.0,1.5,0.0,30.0,0.0,1.86,0.0,1.85,2.24,2.0,0.0,2.0,0.0,0.0,2.0,3.0,0.0,richeese nabati,Low Carb
KFC extra crispy sayap,10 g,170.0,10.0,5.0,13.0,0.0,0.0,0.0,7.91,16.67,1.54,19.4,0.0,0.0,0.0,17.0,0.0,8.0,20.0,0.0,kfc extra crispy sayap,Low Carb
Kacang uci,3.70 g,358.0,23.4,60.6,2.4,0.0,13.0,7.4,16.65,39.0,18.65,3.58,0.87,0.0,0.0,0.0,0.0,0.0,0.0,0.0,kacang uci,High protein
Kecimpring singkong goreng,3.50 g,464.0,1.2,73.0,18.6,0.0,0.0,1.3,21.58,2.0,22.46,27.76,0.0,0.0,0.0,0.0,0.0,0.0,0.0,0.0,kecimpring singkong goreng,Low Sugar
Sariroti Sandwich krim keju,1 g,130.0,3.0,17.0,6.0,3.0,260.0,1.0,6.05,5.0,5.23,8.96,17.33,0.0,18.0,0.0,0.0,7.0,9.0,0.0,sariroti sandwich krim keju,Low Sugar
Susu My protein impact whey protein,0.50 g,105.0,20.0,3.0,1.8,1.6,0.0,0.5,4.88,33.33,0.92,2.69,0.0,0.0,0.0,34.0,0.0,5.0,3.0,0.0,susu my protein impact whey protein,High protein
"Ubi jalar kuning, segar",1 g,119.0,0.5,25.1,0.4,0.0,3.0,4.2,5.53,0.83,7.72,0.6,0.2,0.0,0.0,0.0,0.0,0.0,0.0,0.0,"ubi jalar kuning, segar",Low Sugar
"Amparan, tatak",0.80 g,191.0,1.3,34.0,5.5,0.0,0.0,0.0,8.88,2.17,10.46,8.21,0.0,0.0,0.0,0.0,0.0,0.0,0.0,0.0,"amparan, tatak",Low Sugar
Kluwek,1.50 g,310.0,10.0,13.5,24.0,0.0,0.0,0.0,14.42,16.67,4.15,35.82,0.0,0.0,0.0,0.0,0.0,0.0,0.0,0.0,kluwek,Low Sugar
keripik Qtela singkong,0 g,100.0,0.0,14.0,5.0,1.0,0.0,0.0,4.65,0.0,4.31,7.46,0.0,0.0,0.0,0.0,5.0,5.0,8.0,0.0,keripik qtela singkong,Low Sugar
Milo Activ-Go 18 gram,0 g,15.0,2.0,13.0,2.0,8.0,35.0,0.0,3.72,3.33,4.0,2.99,2.33,5.0,0.0,0.0,4.0,4.0,0.0,0.0,milo activ-go 18 gram,Healthy
Indomie rasa ayam bawang,2 g,100.0,7.0,43.0,11.0,3.0,1330.0,2.0,13.95,11.67,13.23,16.42,88.67,30.0,89.0,0.0,0.0,0.0,17.0,0.0,indomie rasa ayam bawang,Low Sugar
Ketela pohon kukus,0.60 g,153.0,1.2,36.4,0.3,0.0,2.0,1.3,7.12,2.0,11.2,0.45,0.13,0.0,0.0,0.0,0.0,0.0,0.0,0.0,ketela pohon kukus,Low Sugar
Indomie rasa ayam special,2 g,90.0,7.0,44.0,10.0,3.0,1180.0,2.0,13.95,11.67,13.54,14.93,78.67,25.0,79.0,0.0,0.0,0.0,15.0,0.0,indomie rasa ayam special,Low Sugar
Caotina,1 g,114.0,1.0,10.4,7.4,10.0,20.0,0.0,5.3,1.67,3.2,11.04,1.33,0.0,0.0,0.0,4.0,6.0,12.0,0.0,caotina,Healthy
"Jahe, segar",1.20 g,51.0,1.5,10.1,1.0,0.0,12.0,12.0,2.37,2.5,3.11,1.49,0.8,0.0,0.0,0.0,0.0,0.0,0.0,0.0,"jahe, segar",Low Sugar
"Lamtoro biji tua, segar",1.30 g,148.0,10.6,26.2,0.5,0.0,28.0,17.0,6.88,17.67,8.06,0.75,1.87,0.0,0.0,0.0,0.0,0.0,0.0,0.0,"lamtoro biji tua, segar",Low Sugar
Yeo's Chrysantenum tea,0 g,90.0,0.0,22.0,0.0,22.0,0.0,0.0,4.19,0.0,6.77,0.0,0.0,0.0,0.0,0.0,7.0,5.0,0.0,0.0,yeo's chrysantenum tea,Healthy
Kue kelapa,1.50 g,591.0,5.6,47.5,42.1,0.0,33.0,0.0,27.49,9.33,14.62,62.84,2.2,0.0,0.0,0.0,0.0,0.0,0.0,0.0,kue kelapa,Low Sugar
Teajus Gula Batu,0 g,25.0,0.0,6.0,0.0,5.0,0.0,0.0,1.16,0.0,1.85,0.0,0.0,0.0,0.0,0.0,2.0,2.0,0.0,0.0,teajus gula batu,Low Carb
Sowa,10 g,48.0,1.6,9.1,0.6,0.0,9.0,45.0,2.23,2.67,2.8,0.9,0.6,0.0,0.0,0.0,0.0,0.0,0.0,0.0,sowa,Low Carb
nestle cerelac bubur sereal susu rasa ayam sayur,8 g,210.0,8.0,34.0,5.0,0.0,150.0,0.0,9.77,13.33,10.46,7.46,10.0,0.0,10.0,14.0,11.0,0.0,0.0,0.0,nestle cerelac bubur sereal susu rasa ayam sayur,Low Sugar
Nissin UFO fried ramen 100 g,2 g,190.0,8.0,62.0,21.0,6.0,1980.0,2.0,21.86,13.33,19.08,31.34,132.0,45.0,132.0,0.0,0.0,0.0,32.0,0.0,nissin ufo fried ramen 100 g,Snack
Ricola herb canndy,0 g,60.0,0.0,15.0,0.0,0.0,0.0,0.0,2.79,0.0,4.62,0.0,0.0,0.0,0.0,0.0,5.0,3.0,0.0,0.0,ricola herb canndy,Low Sugar
"Jagung kuning pipil, rebus",0.60 g,154.0,3.8,28.4,3.5,0.0,5.0,0.7,7.16,6.33,8.74,5.22,0.33,0.0,0.0,0.0,0.0,0.0,0.0,0.0,"jagung kuning pipil, rebus",Low Sugar
"Beras tumbuk, mentah",0.40 g,354.0,7.8,79.9,0.4,0.0,5.0,3.8,16.47,13.0,24.58,0.6,0.33,0.0,0.0,0.0,0.0,0.0,0.0,0.0,"beras tumbuk, mentah",Low Sugar
Mostarda metan-sawi,1.10 g,33.0,2.3,4.7,0.5,0.0,20.0,1.8,1.53,3.83,1.45,0.75,1.33,0.0,0.0,0.0,0.0,0.0,0.0,0.0,mostarda metan-sawi,Low Carb
ABC Minuman Asam Jawa,0 g,140.0,0.0,34.0,0.0,0.0,0.0,0.0,6.51,0.0,10.46,0.0,0.0,0.0,0.0,0.0,11.0,7.0,0.0,0.0,abc minuman asam jawa,Low Sugar
"Labu siam, segar",0.30 g,30.0,0.6,6.7,0.1,0.0,3.0,6.2,1.4,1.0,2.06,0.15,0.2,0.0,0.0,0.0,0.0,0.0,0.0,0.0,"labu siam, segar",Low Carb
Sirup Sunquick Orange,0 g,45.0,0.0,11.0,0.0,11.0,0.0,0.0,2.09,0.0,3.38,0.0,0.0,0.0,0.0,0.0,4.0,3.0,0.0,0.0,sirup sunquick orange,Healthy
Kembang tahu rebus,0.80 g,90.0,10.7,4.7,4.0,0.0,0.0,0.0,4.19,17.83,1.45,5.97,0.0,0.0,0.0,0.0,0.0,0.0,0.0,0.0,kembang tahu rebus,Low Carb
Indofood Racik Bumbu Nasi Goreng,0 g,0.0,0.0,4.0,0.0,2.0,1050.0,0.0,0.93,0.0,1.23,0.0,70.0,0.0,70.0,0.0,2.0,1.0,0.0,0.0,indofood racik bumbu nasi goreng,Low Carb
Tahu telur,1.10 g,328.0,12.6,24.6,19.9,0.0,755.4,0.4,15.26,21.0,7.57,29.7,50.36,0.0,0.0,0.0,0.0,0.0,0.0,0.0,tahu telur,Low Sugar
Tempe bongkrek,146.30 g,119.0,4.4,18.3,3.5,0.0,0.0,0.0,5.53,7.33,5.63,5.22,0.0,0.0,0.0,0.0,0.0,0.0,0.0,0.0,tempe bongkrek,Low Sugar
Royco ayam bumbu rujak,0 g,10.0,0.0,2.0,0.0,2.0,0.0,0.0,0.47,0.0,0.62,0.0,0.0,0.0,0.0,0.0,1.0,1.0,0.0,0.0,royco ayam bumbu rujak,Low Carb
Fitbar,1 g,90.0,3.0,14.0,2.5,4.0,0.0,1.0,4.19,5.0,4.31,3.73,0.0,0.0,0.0,5.0,5.0,5.0,0.0,0.0,fitbar,Low Sugar
Tempe lamtoro var. gung tanpa kuit,1.10 g,131.0,18.0,13.0,0.8,0.0,0.0,1.3,6.09,30.0,4.0,1.19,0.0,0.0,0.0,0.0,0.0,0.0,0.0,0.0,tempe lamtoro var. gung tanpa kuit,High protein
Oishi Rasa Udang Pedas,0.50 g,12.5,1.0,8.0,1.5,1.0,95.0,0.5,2.33,1.67,2.46,2.24,6.33,4.0,7.0,0.0,3.0,0.0,0.0,0.0,oishi rasa udang pedas,Low Carb
"Yoghurt, segar",2.20 g,52.0,3.3,4.0,2.5,0.0,40.0,0.0,2.42,5.5,1.23,3.73,2.67,0.0,0.0,0.0,0.0,0.0,0.0,0.0,"yoghurt, segar",Low Carb
"Ikan Kakatua, segar",1.30 g,82.0,11.4,6.4,1.2,0.0,90.0,0.0,3.81,19.0,1.97,1.79,6.0,0.0,0.0,0.0,0.0,0.0,0.0,0.0,"ikan kakatua, segar",Low Carb
Es krim Wall's double dutch,1 g,150.0,3.0,18.0,7.0,9.0,0.0,1.0,6.98,5.0,5.54,10.45,0.0,0.0,0.0,0.0,6.0,7.0,11.0,0.0,es krim wall's double dutch,Healthy
Bamboe Tongseng,2 g,25.0,1.0,5.0,2.5,1.0,580.0,2.0,2.09,1.67,1.54,3.73,38.67,5.0,39.0,0.0,0.0,0.0,0.0,7.0,bamboe tongseng,Low Carb
Top sirloin,21.77 g,127.0,21.77,0.01,4.45,0.0,0.0,0.0,5.91,36.28,0.0,6.64,0.0,0.0,0.0,0.0,0.0,0.0,0.0,0.0,top sirloin,High protein
Sambal Terasi Kokita,1 g,30.0,1.0,5.0,1.0,1.0,0.0,0.0,1.4,1.67,1.54,1.49,0.0,0.0,0.0,2.0,2.0,0.0,2.0,0.0,sambal terasi kokita,Low Carb
susu mama minuman khusus ibu hamil & menyusui rasa cokelat,9 g,190.0,9.0,26.0,5.0,0.0,115.0,0.0,8.84,15.0,8.0,7.46,7.67,0.0,0.0,15.0,8.0,9.0,0.0,0.0,susu mama minuman khusus ibu hamil & menyusui rasa cokelat,Low Sugar
Ubi jalar tinta / kemayung,1 g,108.0,0.5,25.6,0.4,0.0,1.0,4.2,5.02,0.83,7.88,0.6,0.07,0.0,0.0,0.0,0.0,0.0,0.0,0.0,ubi jalar tinta / kemayung,Low Sugar
Cengkeh kering,5.20 g,330.0,5.2,57.4,8.9,0.0,282.0,10.0,15.35,8.67,17.66,13.28,18.8,0.0,0.0,0.0,0.0,0.0,0.0,0.0,cengkeh kering,Low Sugar
Kacang kedelai goreng,3.70 g,521.0,32.2,22.9,37.7,0.0,3492.0,7.6,24.23,53.67,7.05,56.27,232.8,0.0,0.0,0.0,0.0,0.0,0.0,0.0,kacang kedelai goreng,High protein
monde boromon cookies,1 g,0.0,0.0,18.0,0.0,5.0,10.0,1.0,3.72,0.0,5.54,0.0,0.67,0.0,0.0,0.0,6.0,4.0,0.0,4.0,monde boromon cookies,Low Sugar
KFC extra crispy dada,35 g,530.0,35.0,18.0,35.0,0.0,0.0,0.0,24.65,58.33,5.54,52.24,0.0,0.0,0.0,59.0,0.0,25.0,53.0,0.0,kfc extra crispy dada,High protein
Mi ABC cup mi ayam jamur,6 g,390.0,7.0,45.0,20.0,8.0,0.0,6.0,18.14,11.67,13.85,29.85,0.0,0.0,0.0,0.0,0.0,19.0,30.0,20.0,mi abc cup mi ayam jamur,Snack
Permen RELAXA,0 g,10.0,0.0,2.0,0.0,2.0,0.0,0.0,0.47,0.0,0.62,0.0,0.0,0.0,0.0,0.0,1.0,1.0,0.0,0.0,permen relaxa,Low Carb
Kopi Good Day Chococinno,1 g,98.0,1.0,17.0,2.0,0.0,15.0,0.0,4.56,1.67,5.23,2.99,1.0,0.0,0.0,0.0,6.0,5.0,3.0,0.0,kopi good day chococinno,Low Sugar
Pop Ice Taro,0 g,15.0,0.0,22.0,1.5,19.0,40.0,0.0,4.65,0.0,6.77,2.24,2.67,8.0,0.0,0.0,7.0,5.0,0.0,0.0,pop ice taro,Healthy
Koro andong,3 g,356.0,20.5,61.6,4.1,0.0,18.0,7.0,16.56,34.17,18.95,6.12,1.2,0.0,0.0,0.0,0.0,0.0,0.0,0.0,koro andong,High protein
"Jeruk manis, segar",0.50 g,45.0,0.9,11.2,0.2,0.0,4.0,1.4,2.09,1.5,3.45,0.3,0.27,0.0,0.0,0.0,0.0,0.0,0.0,0.0,"jeruk manis, segar",Low Sugar
"Ayam goreng kalasan, paha",2.90 g,275.0,37.4,1.3,12.2,0.0,176.0,0.0,12.79,62.33,0.4,18.21,11.73,0.0,0.0,0.0,0.0,0.0,0.0,0.0,"ayam goreng kalasan, paha",High protein
Bamboe Lodeh,0 g,10.0,1.0,0.0,1.0,0.0,980.0,0.0,0.7,1.67,0.0,1.49,65.33,5.0,66.0,2.0,0.0,0.0,0.0,0.0,bamboe lodeh,Low Carb
Pizza hut meat lovers,1 g,210.0,8.0,17.0,12.0,2.0,0.0,1.0,9.77,13.33,5.23,17.91,0.0,0.0,0.0,14.0,0.0,10.0,18.0,0.0,pizza hut meat lovers,Low Sugar
Starbucks chocolate croissant,2 g,340.0,5.0,38.0,20.0,13.0,0.0,2.0,15.81,8.33,11.69,29.85,0.0,0.0,0.0,0.0,12.0,16.0,30.0,0.0,starbucks chocolate croissant,Snack
Mie Gaga Goreng Lada Hitam,9 g,390.0,9.0,53.0,16.0,0.0,1150.0,0.0,18.14,15.0,16.31,23.88,76.67,0.0,77.0,0.0,0.0,19.0,24.0,0.0,mie gaga goreng lada hitam,Low Sugar
Spaghetti,2.10 g,139.0,7.4,22.6,2.1,0.0,0.0,0.0,6.47,12.33,6.95,3.13,0.0,0.0,0.0,0.0,0.0,0.0,0.0,0.0,spaghetti,Low Sugar
Eskrim walls feast vanila,1 g,140.0,2.0,15.0,8.0,13.0,0.0,1.0,6.51,3.33,4.62,11.94,0.0,0.0,0.0,0.0,5.0,7.0,12.0,0.0,eskrim walls feast vanila,Healthy
Ham,5.80 g,384.0,16.9,0.3,35.0,0.0,112.0,0.0,17.86,28.17,0.09,52.24,7.47,0.0,0.0,0.0,0.0,0.0,0.0,0.0,ham,High protein
Es krim Diamond durian,2 g,100.0,2.0,12.0,6.0,9.0,0.0,0.0,4.65,3.33,3.69,8.96,0.0,0.0,0.0,0.0,4.0,5.0,9.0,0.0,es krim diamond durian,Healthy
Cold Stone Creamery Oreo Overload,1 g,910.0,12.0,115.0,49.0,92.0,0.0,1.0,42.33,20.0,35.38,73.13,0.0,0.0,0.0,0.0,36.0,43.0,74.0,0.0,cold stone creamery oreo overload,Snack
Kue thipan,0.40 g,247.0,2.9,49.5,4.2,0.0,95.0,0.0,11.49,4.83,15.23,6.27,6.33,0.0,0.0,0.0,0.0,0.0,0.0,0.0,kue thipan,Low Sugar
Dodol manado,1.20 g,373.0,4.3,51.9,16.5,0.0,35.0,0.4,17.35,7.17,15.97,24.63,2.33,0.0,0.0,0.0,0.0,0.0,0.0,0.0,dodol manado,Low Sugar
Ampas tahu kering,5.80 g,414.0,26.6,41.3,18.3,0.0,45.0,0.0,19.26,44.33,12.71,27.31,3.0,0.0,0.0,0.0,0.0,0.0,0.0,0.0,ampas tahu kering,High protein
Dairy queen hot fudge sundae,1 g,430.0,9.0,66.0,15.0,52.0,0.0,1.0,20.0,15.0,20.31,22.39,0.0,0.0,0.0,0.0,21.0,20.0,23.0,0.0,dairy queen hot fudge sundae,Snack
"Tomat, air (sari), segar",1.30 g,20.0,1.0,3.5,0.2,0.0,10.0,0.4,0.93,1.67,1.08,0.3,0.67,0.0,0.0,0.0,0.0,0.0,0.0,0.0,"tomat, air (sari), segar",Low Carb
Promina sliky puding rasa strawberry,1 g,110.0,1.0,19.0,3.0,11.0,12.0,0.0,5.12,1.67,5.85,4.48,0.8,0.0,0.0,0.0,6.0,6.0,5.0,0.0,promina sliky puding rasa strawberry,Healthy
Kue ali,0.40 g,440.0,3.8,64.5,18.5,0.0,0.0,0.3,20.47,6.33,19.85,27.61,0.0,0.0,0.0,0.0,0.0,0.0,0.0,0.0,kue ali,Low Sugar
Keripik gadung,2.80 g,446.0,2.8,76.0,14.5,0.0,0.0,1.7,20.74,4.67,23.38,21.64,0.0,0.0,0.0,0.0,0.0,0.0,0.0,0.0,keripik gadung,Low Sugar
"Daun melinjo, segar",1.60 g,104.0,5.0,21.3,1.3,0.0,12.0,10.3,4.84,8.33,6.55,1.94,0.8,0.0,0.0,0.0,0.0,0.0,0.0,0.0,"daun melinjo, segar",Low Sugar
Indofood Saos Tomat (135 ml),0 g,20.0,0.0,5.0,0.0,4.0,400.0,0.0,0.93,0.0,1.54,0.0,26.67,0.0,27.0,0.0,2.0,1.0,0.0,0.0,indofood saos tomat (135 ml),Low Carb
donat Krispy kreme glazed chocolate cake,1 g,250.0,3.0,38.0,10.0,24.0,0.0,1.0,11.63,5.0,11.69,14.93,0.0,0.0,0.0,0.0,12.0,12.0,15.0,0.0,donat krispy kreme glazed chocolate cake,Snack
Royco nasi goreng,0 g,15.0,0.0,2.0,0.0,2.0,0.0,0.0,0.7,0.0,0.62,0.0,0.0,0.0,0.0,0.0,1.0,1.0,0.0,0.0,royco nasi goreng,Low Carb
Starbucks Almond croissant,3 g,420.0,10.0,45.0,22.0,13.0,0.0,3.0,19.53,16.67,13.85,32.84,0.0,0.0,0.0,17.0,0.0,20.0,33.0,0.0,starbucks almond croissant,Snack
Sari Wangi Teh Hitam Jahe & Kunyit,0 g,0.0,0.0,0.0,0.0,0.0,10.0,0.0,0.0,0.0,0.0,0.0,0.67,0.0,1.0,0.0,0.0,0.0,0.0,0.0,sari wangi teh hitam jahe & kunyit,Low Carb
Mom Miyuki Go Roa Keripik Pisang Goroho (Roa Pedas),1 g,180.0,1.0,24.0,8.0,14.0,50.0,0.0,8.37,1.67,7.38,11.94,3.33,35.0,0.0,0.0,0.0,9.0,12.0,0.0,mom miyuki go roa keripik pisang goroho (roa pedas),Snack
Emping beras,1.90 g,403.0,10.6,85.3,2.2,0.0,1.0,0.2,18.74,17.67,26.25,3.28,0.07,0.0,0.0,0.0,0.0,0.0,0.0,0.0,emping beras,Low Sugar
Tahu goreng,2 g,115.0,9.7,2.5,8.5,0.0,7.0,0.1,5.35,16.17,0.77,12.69,0.47,0.0,0.0,0.0,0.0,0.0,0.0,0.0,tahu goreng,Low Carb
Kopi Kapal api grande white coffe,1 g,90.0,1.0,17.0,2.0,12.0,0.0,1.0,4.19,1.67,5.23,2.99,0.0,0.0,0.0,0.0,6.0,5.0,0.0,4.0,kopi kapal api grande white coffe,Healthy
Kabuto,0.60 g,250.0,2.6,35.4,2.5,0.0,2.0,1.8,11.63,4.33,10.89,3.73,0.13,0.0,0.0,0.0,0.0,0.0,0.0,0.0,kabuto,Low Sugar
"Bayam, sayur bayam, segar",1.30 g,16.0,0.9,2.9,0.4,0.0,16.0,0.7,0.74,1.5,0.89,0.6,1.07,0.0,0.0,0.0,0.0,0.0,0.0,0.0,"bayam, sayur bayam, segar",Low Carb
Nissin Gekikara Ramen Rasa Carbonara Pedas,7 g,350.0,7.0,53.0,12.0,0.0,1170.0,0.0,16.28,11.67,16.31,17.91,78.0,0.0,78.0,0.0,17.0,0.0,18.0,0.0,nissin gekikara ramen rasa carbonara pedas,Low Sugar
Es krim Diamond kacang hijau,4 g,220.0,4.0,12.0,11.0,8.0,0.0,0.0,10.23,6.67,3.69,16.42,0.0,0.0,0.0,7.0,0.0,11.0,17.0,0.0,es krim diamond kacang hijau,Snack
Outback steackhouse T-Bone,79 g,910.0,79.0,4.0,64.0,0.0,0.0,0.0,42.33,131.67,1.23,95.52,0.0,0.0,0.0,132.0,0.0,43.0,96.0,0.0,outback steackhouse t-bone,High protein
Cheesecake Factory Hot fudge sundae,6 g,1310.0,20.0,116.0,86.0,94.0,0.0,6.0,60.93,33.33,35.69,128.36,0.0,0.0,0.0,0.0,36.0,61.0,129.0,0.0,cheesecake factory hot fudge sundae,High protein
Sarimuka,0.50 g,166.0,2.3,32.9,2.8,0.0,3.0,0.0,7.72,3.83,10.12,4.18,0.2,0.0,0.0,0.0,0.0,0.0,0.0,0.0,sarimuka,Low Sugar
Kopiko coffe candy,0 g,40.0,0.0,8.0,1.0,6.0,0.0,0.0,1.86,0.0,2.46,1.49,0.0,0.0,0.0,0.0,3.0,2.0,2.0,0.0,kopiko coffe candy,Low Carb
You C1000 vitamin orange,0 g,80.0,0.0,20.0,0.0,20.0,0.0,0.0,3.72,0.0,6.15,0.0,0.0,0.0,0.0,0.0,7.0,4.0,0.0,0.0,you c1000 vitamin orange,Healthy
Pizza hut deluxe cheese,3 g,380.0,16.0,37.0,19.0,1.0,0.0,3.0,17.67,26.67,11.38,28.36,0.0,0.0,0.0,27.0,0.0,18.0,29.0,0.0,pizza hut deluxe cheese,High protein
Tepung Jalejo,2.30 g,347.0,19.0,61.2,7.5,0.0,3.0,5.8,16.14,31.67,18.83,11.19,0.2,0.0,0.0,0.0,0.0,0.0,0.0,0.0,tepung jalejo,High protein
"Kacang arab, kering",3 g,330.0,23.8,60.2,1.4,0.0,24.0,17.4,15.35,39.67,18.52,2.09,1.6,0.0,0.0,0.0,0.0,0.0,0.0,0.0,"kacang arab, kering",High protein
yummy bites banana flavor,2 g,190.0,2.0,44.0,0.0,4.0,130.0,0.0,8.84,3.33,13.54,0.0,8.67,0.0,9.0,0.0,14.0,9.0,0.0,0.0,yummy bites banana flavor,Low Sugar
"Oramu ninahu ndawa olaho, masakan",0.10 g,117.0,13.7,4.3,5.0,0.0,0.0,0.0,5.44,22.83,1.32,7.46,0.0,0.0,0.0,0.0,0.0,0.0,0.0,0.0,"oramu ninahu ndawa olaho, masakan",Low Carb
"Ayam goreng church texas, paha",1.30 g,287.0,31.0,1.7,15.7,0.0,723.0,0.0,13.35,51.67,0.52,23.43,48.2,0.0,0.0,0.0,0.0,0.0,0.0,0.0,"ayam goreng church texas, paha",High protein
Brem,0.90 g,249.0,3.4,58.0,0.4,0.0,0.0,0.0,11.58,5.67,17.85,0.6,0.0,0.0,0.0,0.0,0.0,0.0,0.0,0.0,brem,Low Sugar
Kopiko 78'C coffe latte,4 g,160.0,4.0,28.0,3.0,24.0,0.0,0.0,7.44,6.67,8.62,4.48,0.0,0.0,0.0,7.0,9.0,8.0,0.0,0.0,kopiko 78'c coffe latte,Snack
Sayur ndusuk,3.10 g,49.0,3.1,3.6,2.5,0.0,1011.0,0.0,2.28,5.17,1.11,3.73,67.4,0.0,0.0,0.0,0.0,0.0,0.0,0.0,sayur ndusuk,Low Carb
Hershey's Spreads,1 g,190.0,3.0,20.0,12.0,19.0,50.0,1.0,8.84,5.0,6.15,17.91,3.33,0.0,0.0,0.0,7.0,9.0,18.0,0.0,hershey's spreads,Snack
Gery Saluut Malkist Double Abon,1 g,90.0,1.0,15.0,2.5,3.0,930.0,0.0,4.19,1.67,4.62,3.73,62.0,13.0,62.0,0.0,5.0,0.0,0.0,0.0,gery saluut malkist double abon,Low Sugar
Suweg kukus,1 g,93.0,1.5,21.9,0.1,0.0,6.0,0.9,4.33,2.5,6.74,0.15,0.4,0.0,0.0,0.0,0.0,0.0,0.0,0.0,suweg kukus,Low Sugar
"Kentang hitam, segar",1 g,142.0,0.9,33.7,0.4,0.0,22.0,5.4,6.6,1.5,10.37,0.6,1.47,0.0,0.0,0.0,0.0,0.0,0.0,0.0,"kentang hitam, segar",Low Sugar
Cangkuning,0.80 g,204.0,2.8,31.4,7.5,0.0,0.0,0.0,9.49,4.67,9.66,11.19,0.0,0.0,0.0,0.0,0.0,0.0,0.0,0.0,cangkuning,Low Sugar
"Daun Tespong, segar",1.90 g,70.0,2.9,13.9,0.3,0.0,72.0,2.3,3.26,4.83,4.28,0.45,4.8,0.0,0.0,0.0,0.0,0.0,0.0,0.0,"daun tespong, segar",Low Sugar
Doritos barbeque,2 g,100.0,2.0,13.0,4.5,1.0,0.0,0.0,4.65,3.33,4.0,6.72,0.0,0.0,0.0,0.0,4.0,5.0,7.0,0.0,doritos barbeque,Low Sugar
"Pelolah manuk, masakan",2.30 g,219.0,19.7,4.4,13.6,0.0,577.0,0.0,10.19,32.83,1.35,20.3,38.47,0.0,0.0,0.0,0.0,0.0,0.0,0.0,"pelolah manuk, masakan",High protein
Kopi bubuk instan,9.70 g,129.0,12.3,35.0,0.5,0.0,72.0,0.0,6.0,20.5,10.77,0.75,4.8,0.0,0.0,0.0,0.0,0.0,0.0,0.0,kopi bubuk instan,Low Sugar
"Beras jagung putih, kering, mentah",0.80 g,307.0,4.8,71.8,0.1,0.0,1.0,10.0,14.28,8.0,22.09,0.15,0.07,0.0,0.0,0.0,0.0,0.0,0.0,0.0,"beras jagung putih, kering, mentah",Low Sugar
"Telur bebek bagian putih, segar",0.20 g,54.0,11.0,0.8,0.0,0.0,184.0,0.0,2.51,18.33,0.25,0.0,12.27,0.0,0.0,0.0,0.0,0.0,0.0,0.0,"telur bebek bagian putih, segar",Low Carb
"Makaroni, mentah",2.50 g,353.0,8.7,78.7,0.4,0.0,5.0,4.9,16.42,14.5,24.22,0.6,0.33,0.0,0.0,0.0,0.0,0.0,0.0,0.0,"makaroni, mentah",Low Sugar
Buavita Orange,0.50 g,120.0,0.0,28.0,0.0,23.0,0.0,0.5,5.58,0.0,8.62,0.0,0.0,0.0,0.0,0.0,9.0,6.0,0.0,2.0,buavita orange,Healthy
"Sop buntut, masakan",0.60 g,71.0,7.5,2.2,3.6,0.0,490.0,0.0,3.3,12.5,0.68,5.37,32.67,0.0,0.0,0.0,0.0,0.0,0.0,0.0,"sop buntut, masakan",Low Carb
"Kacang hijau, kering",3.30 g,323.0,22.9,56.8,1.5,0.0,42.0,7.5,15.02,38.17,17.48,2.24,2.8,0.0,0.0,0.0,0.0,0.0,0.0,0.0,"kacang hijau, kering",High protein
Mi sedaap cup mi goreng,7 g,390.0,6.0,52.0,18.0,5.0,0.0,7.0,18.14,10.0,16.0,26.87,0.0,0.0,0.0,0.0,0.0,19.0,27.0,24.0,mi sedaap cup mi goreng,Low Sugar
Outback steackhouse new york strip,63 g,810.0,63.0,0.0,62.0,0.0,0.0,0.0,37.67,105.0,0.0,92.54,0.0,0.0,0.0,105.0,0.0,38.0,93.0,0.0,outback steackhouse new york strip,High protein
Permen Xylitol Blueberry Mint,0 g,10.0,0.0,2.0,0.0,0.0,0.0,0.0,0.47,0.0,0.62,0.0,0.0,0.0,0.0,0.0,1.0,1.0,0.0,0.0,permen xylitol blueberry mint,Low Carb
"Kacang kincai, kering",4.90 g,444.0,19.9,55.0,16.0,0.0,0.0,0.0,20.65,33.17,16.92,23.88,0.0,0.0,0.0,0.0,0.0,0.0,0.0,0.0,"kacang kincai, kering",High protein
Susu WRP Lose weight stroberi,2 g,220.0,14.0,25.0,6.0,21.0,0.0,2.0,10.23,23.33,7.69,8.96,0.0,0.0,0.0,24.0,0.0,11.0,9.0,0.0,susu wrp lose weight stroberi,Snack
"Daun kasbi/singkong karet, segar",1.20 g,92.0,4.0,10.9,3.6,0.0,70.0,5.8,4.28,6.67,3.35,5.37,4.67,0.0,0.0,0.0,0.0,0.0,0.0,0.0,"daun kasbi/singkong karet, segar",Low Sugar
Kacang marah tua,6.20 g,280.0,16.7,63.2,1.6,0.0,19.0,4.6,13.02,27.83,19.45,2.39,1.27,0.0,0.0,0.0,0.0,0.0,0.0,0.0,kacang marah tua,High protein
Nissin Gekikara Ramen rasa Ayam Pedas,7 g,360.0,7.0,52.0,14.0,0.0,1030.0,0.0,16.74,11.67,16.0,20.9,68.67,0.0,69.0,0.0,0.0,17.0,21.0,0.0,nissin gekikara ramen rasa ayam pedas,Low Sugar
Widaran,0.30 g,424.0,1.3,80.7,10.7,0.0,0.0,0.2,19.72,2.17,24.83,15.97,0.0,0.0,0.0,0.0,0.0,0.0,0.0,0.0,widaran,Low Sugar
Mr. Bread Roti tawar,2.50 g,198.0,7.0,36.0,3.0,2.5,269.0,2.5,9.21,11.67,11.08,4.48,17.93,0.0,18.0,12.0,12.0,0.0,0.0,0.0,mr. bread roti tawar,Low Sugar
Indomie mi goreng aceh,6 g,170.0,9.0,55.0,19.0,6.0,790.0,6.0,20.0,15.0,16.92,28.36,52.67,45.0,53.0,0.0,0.0,0.0,29.0,0.0,indomie mi goreng aceh,Snack
Ichitan Thailand Milk Tea,3 g,50.0,3.0,36.0,6.0,25.0,160.0,0.0,9.77,5.0,11.08,8.96,10.67,0.0,11.0,0.0,12.0,10.0,0.0,0.0,ichitan thailand milk tea,Healthy
Top coffee Gula Aren,1 g,20.0,1.0,18.0,2.5,14.0,35.0,0.0,4.65,1.67,5.54,3.73,2.33,0.0,0.0,0.0,6.0,5.0,4.0,0.0,top coffee gula aren,Healthy
Sayur umbut kelapa,1.30 g,67.0,5.2,5.1,2.9,0.0,313.0,1.4,3.12,8.67,1.57,4.33,20.87,0.0,0.0,0.0,0.0,0.0,0.0,0.0,sayur umbut kelapa,Low Carb
Maggi Magic Lezat Bumbu Penyedap,1 g,5.0,1.0,1.0,0.0,0.0,970.0,0.0,0.23,1.67,0.31,0.0,64.67,0.0,65.0,2.0,1.0,0.0,0.0,0.0,maggi magic lezat bumbu penyedap,Low Carb
Good Time Cookies,1 g,50.0,2.0,21.0,6.0,10.0,220.0,1.0,6.51,3.33,6.46,8.96,14.67,20.0,15.0,0.0,0.0,0.0,9.0,0.0,good time cookies,Healthy
Beras parboiled,2.50 g,353.0,6.8,80.0,0.6,0.0,2.0,0.5,16.42,11.33,24.62,0.9,0.13,0.0,0.0,0.0,0.0,0.0,0.0,0.0,beras parboiled,Low Sugar
"Nangka masak pohon, segar",2.70 g,106.0,1.2,27.6,0.3,0.0,2.0,3.7,4.93,2.0,8.49,0.45,0.13,0.0,0.0,0.0,0.0,0.0,0.0,0.0,"nangka masak pohon, segar",Low Sugar
"Cucuru bayau, masakan",1.20 g,349.0,6.8,38.3,18.7,0.0,0.0,0.0,16.23,11.33,11.78,27.91,0.0,0.0,0.0,0.0,0.0,0.0,0.0,0.0,"cucuru bayau, masakan",Low Sugar
"Kalio otak, masakan",1.40 g,157.0,8.1,11.4,8.8,0.0,604.0,0.0,7.3,13.5,3.51,13.13,40.27,0.0,0.0,0.0,0.0,0.0,0.0,0.0,"kalio otak, masakan",Low Sugar
Heavenly blush greek yogurt,3 g,170.0,6.0,16.0,9.0,9.0,0.0,3.0,7.91,10.0,4.92,13.43,0.0,0.0,0.0,10.0,0.0,0.0,14.0,10.0,heavenly blush greek yogurt,Snack
Biskuit meiji Hello panda,1 g,230.0,3.0,30.0,10.0,12.0,0.0,1.0,10.7,5.0,9.23,14.93,0.0,0.0,0.0,0.0,10.0,11.0,15.0,0.0,biskuit meiji hello panda,Snack
"Telur bebek bagian kuning, segar",0.20 g,386.0,17.0,0.8,35.0,0.0,106.0,0.0,17.95,28.33,0.25,52.24,7.07,0.0,0.0,0.0,0.0,0.0,0.0,0.0,"telur bebek bagian kuning, segar",High protein
Prosana Proffle Biskuit Waffle Tinggi Protein,0 g,20.0,5.0,12.0,2.0,2.0,65.0,0.0,3.72,8.33,3.69,2.99,4.33,5.0,5.0,9.0,0.0,0.0,0.0,0.0,prosana proffle biskuit waffle tinggi protein,Low Sugar
donat Krispy kreme original glazed,1 g,190.0,3.0,21.0,11.0,10.0,0.0,1.0,8.84,5.0,6.46,16.42,0.0,0.0,0.0,0.0,7.0,9.0,17.0,0.0,donat krispy kreme original glazed,Snack
Pisang tujuh bulan,0.80 g,94.0,0.6,22.5,0.2,0.0,0.0,3.7,4.37,1.0,6.92,0.3,0.0,0.0,0.0,0.0,0.0,0.0,0.0,0.0,pisang tujuh bulan,Low Sugar
Nutrisari Jeju orange,0 g,60.0,0.0,14.0,0.0,11.0,0.0,0.0,2.79,0.0,4.31,0.0,0.0,0.0,0.0,0.0,5.0,3.0,0.0,0.0,nutrisari jeju orange,Healthy
Biskuit,1.40 g,458.0,6.9,75.1,14.4,0.0,241.0,2.1,21.3,11.5,23.11,21.49,16.07,0.0,0.0,0.0,0.0,0.0,0.0,0.0,biskuit,Low Sugar
Mie Sagu,0.10 g,190.0,0.2,46.5,0.4,0.0,10.0,1.4,8.84,0.33,14.31,0.6,0.67,0.0,0.0,0.0,0.0,0.0,0.0,0.0,mie sagu,Low Sugar
Tempe gembus P3G,0.80 g,73.0,5.7,10.3,1.3,0.0,0.0,4.2,3.4,9.5,3.17,1.94,0.0,0.0,0.0,0.0,0.0,0.0,0.0,0.0,tempe gembus p3g,Low Sugar
ABC Sari Kacang Hijau,2 g,160.0,2.0,36.0,0.0,0.0,0.0,0.0,7.44,3.33,11.08,0.0,0.0,0.0,0.0,4.0,12.0,8.0,0.0,0.0,abc sari kacang hijau,Low Sugar
Kue putu cangkir,0.20 g,304.0,5.3,54.9,7.0,0.0,0.0,0.9,14.14,8.83,16.89,10.45,0.0,0.0,0.0,0.0,0.0,0.0,0.0,0.0,kue putu cangkir,Low Sugar
Indofood Sambal Pedas Dahsyat (135 ml),0 g,25.0,0.0,5.0,0.0,4.0,270.0,0.0,1.16,0.0,1.54,0.0,18.0,0.0,18.0,0.0,2.0,2.0,0.0,0.0,indofood sambal pedas dahsyat (135 ml),Low Carb
"Daun jonghe, segar",1.40 g,27.0,2.1,4.4,0.7,0.0,0.0,2.0,1.26,3.5,1.35,1.04,0.0,0.0,0.0,0.0,0.0,0.0,0.0,0.0,"daun jonghe, segar",Low Carb
Gatot,1.40 g,347.0,1.3,83.8,0.7,0.0,28.0,5.8,16.14,2.17,25.78,1.04,1.87,0.0,0.0,0.0,0.0,0.0,0.0,0.0,gatot,Low Sugar
Sosis Kanzler German Bratwurst,0 g,150.0,0.0,0.0,12.0,0.0,435.0,0.0,6.98,0.0,0.0,17.91,29.0,0.0,29.0,0.0,0.0,0.0,18.0,0.0,sosis kanzler german bratwurst,Low Carb
Teh botol sosro less sugar,0 g,90.0,0.0,22.0,0.0,22.0,0.0,0.0,4.19,0.0,6.77,0.0,0.0,0.0,0.0,0.0,7.0,5.0,0.0,0.0,teh botol sosro less sugar,Healthy
Cassavastick,2.70 g,460.0,0.8,17.2,18.7,0.0,0.0,1.6,21.4,1.33,5.29,27.91,0.0,0.0,0.0,0.0,0.0,0.0,0.0,0.0,cassavastick,Low Sugar
"Sate, penyu, masakan",3.30 g,179.0,22.5,13.3,3.5,0.0,0.0,0.0,8.33,37.5,4.09,5.22,0.0,0.0,0.0,0.0,0.0,0.0,0.0,0.0,"sate, penyu, masakan",High protein
Chitato Maxx Spicy Mexican Chili Flavor,1 g,50.0,1.0,12.0,6.0,1.0,90.0,0.0,5.12,1.67,3.69,8.96,6.0,13.0,6.0,0.0,0.0,0.0,9.0,0.0,chitato maxx spicy mexican chili flavor,Low Sugar
Nasi / Nasi Putih,0.20 g,180.0,3.0,39.8,0.3,0.0,1.0,0.2,8.37,5.0,12.25,0.45,0.07,0.0,0.0,0.0,0.0,0.0,0.0,0.0,nasi / nasi putih,Low Sugar
"Jampang huma, mentah",2.50 g,350.0,6.3,78.2,1.4,0.0,53.0,1.7,16.28,10.5,24.06,2.09,3.53,0.0,0.0,0.0,0.0,0.0,0.0,0.0,"jampang huma, mentah",Low Sugar
Better Sandwich Biscuit,1 g,60.0,2.0,18.0,7.0,9.0,75.0,1.0,6.51,3.33,5.54,10.45,5.0,0.0,0.0,0.0,6.0,7.0,11.0,0.0,better sandwich biscuit,Healthy
Starbucks cappuccino (nonfat milk),8 g,80.0,8.0,12.0,0.0,0.0,0.0,0.0,3.72,13.33,3.69,0.0,0.0,0.0,0.0,14.0,4.0,4.0,0.0,0.0,starbucks cappuccino (nonfat milk),Low Sugar
Coca cola zero sugar,0 g,0.0,0.0,0.0,0.0,0.0,0.0,0.0,0.0,0.0,0.0,0.0,0.0,0.0,0.0,0.0,0.0,0.0,0.0,0.0,coca cola zero sugar,Low Carb
"Umbi Uwi, segar",0.90 g,120.0,2.8,82.3,0.5,0.0,12.0,2.6,5.58,4.67,25.32,0.75,0.8,0.0,0.0,0.0,0.0,0.0,0.0,0.0,"umbi uwi, segar",Low Sugar
Tempe gembus yogya,1.10 g,76.0,6.8,10.6,0.7,0.0,0.0,5.3,3.53,11.33,3.26,1.04,0.0,0.0,0.0,0.0,0.0,0.0,0.0,0.0,tempe gembus yogya,Low Sugar
Oreo dutch Cocoa wafer,2 g,50.0,1.0,17.0,6.0,9.0,50.0,2.0,6.05,1.67,5.23,8.96,3.33,15.0,0.0,0.0,0.0,0.0,9.0,7.0,oreo dutch cocoa wafer,Healthy
Starbucks hot caffe mocha (whole milk),13 g,330.0,13.0,42.0,12.0,0.0,0.0,0.0,15.35,21.67,12.92,17.91,0.0,0.0,0.0,22.0,0.0,16.0,18.0,0.0,starbucks hot caffe mocha (whole milk),Low Sugar
Yogurt greek heavenly blush strawberrt,4 g,170.0,5.0,18.0,9.0,10.0,45.0,4.0,7.91,8.33,5.54,13.43,3.0,0.0,0.0,9.0,0.0,0.0,14.0,14.0,yogurt greek heavenly blush strawberrt,Snack
Monde Boromon Wafers rasa Strawberry susu,2 g,60.0,1.0,17.0,6.0,7.0,35.0,2.0,6.05,1.67,5.23,8.96,2.33,18.0,0.0,0.0,0.0,0.0,9.0,7.0,monde boromon wafers rasa strawberry susu,Healthy
Ceriping getuk singkong,3.20 g,462.0,1.2,67.7,20.7,0.0,0.0,0.6,21.49,2.0,20.83,30.9,0.0,0.0,0.0,0.0,0.0,0.0,0.0,0.0,ceriping getuk singkong,Low Sugar
"Matoa, segar",1.10 g,90.0,1.2,21.1,0.1,0.0,10.0,0.5,4.19,2.0,6.49,0.15,0.67,0.0,0.0,0.0,0.0,0.0,0.0,0.0,"matoa, segar",Low Sugar
Bayam kukus,1.60 g,30.0,1.3,5.8,0.7,0.0,15.0,1.2,1.4,2.17,1.78,1.04,1.0,0.0,0.0,0.0,0.0,0.0,0.0,0.0,bayam kukus,Low Carb
"Telur bebek albino, segar",1 g,187.0,11.8,3.0,14.2,0.0,115.0,0.0,8.7,19.67,0.92,21.19,7.67,0.0,0.0,0.0,0.0,0.0,0.0,0.0,"telur bebek albino, segar",Low Carb
Mie pangsit basah,0.70 g,105.0,5.9,9.4,4.9,0.0,530.0,0.0,4.88,9.83,2.89,7.31,35.33,0.0,0.0,0.0,0.0,0.0,0.0,0.0,mie pangsit basah,Low Carb
Frisian flag california strawberry low fat,7 g,150.0,7.0,24.0,2.5,22.0,125.0,0.0,6.98,11.67,7.38,3.73,8.33,0.0,9.0,12.0,8.0,0.0,0.0,0.0,frisian flag california strawberry low fat,Healthy
HILO PLATINUM Swiss Chocolate Flavour,8 g,130.0,8.0,21.0,2.0,0.0,150.0,0.0,6.05,13.33,6.46,2.99,10.0,0.0,10.0,14.0,7.0,0.0,0.0,0.0,hilo platinum swiss chocolate flavour,Low Sugar
Ikan Hiu kering,6.80 g,298.0,46.3,20.2,3.6,0.0,957.0,0.0,13.86,77.17,6.22,5.37,63.8,0.0,0.0,0.0,0.0,0.0,0.0,0.0,ikan hiu kering,High protein
Frisian flag gold (kental manis),3 g,130.0,3.0,22.0,3.5,21.0,0.0,0.0,6.05,5.0,6.77,5.22,0.0,0.0,0.0,0.0,7.0,7.0,6.0,0.0,frisian flag gold (kental manis),Healthy
"Gandaria masak, segar",0.40 g,68.0,0.7,18.0,0.1,0.0,3.0,2.2,3.16,1.17,5.54,0.15,0.2,0.0,0.0,0.0,0.0,0.0,0.0,0.0,"gandaria masak, segar",Low Sugar
Teh Kotak Rasa Blackcurrant,0 g,100.0,0.0,24.0,0.0,21.0,50.0,0.0,4.65,0.0,7.38,0.0,3.33,0.0,4.0,0.0,8.0,5.0,0.0,0.0,teh kotak rasa blackcurrant,Healthy
Oishi Snack Sponge Crunch Chocolate,0 g,45.0,1.0,11.0,5.0,5.0,20.0,0.0,4.19,1.67,3.38,7.46,1.33,0.0,0.0,0.0,4.0,5.0,8.0,0.0,oishi snack sponge crunch chocolate,Low Sugar
KFC extra crispy paha atas,22 g,330.0,22.0,9.0,23.0,0.0,0.0,0.0,15.35,36.67,2.77,34.33,0.0,0.0,0.0,37.0,0.0,16.0,35.0,0.0,kfc extra crispy paha atas,High protein
Saladstop Sea Breeze,6.20 g,379.3,29.5,17.4,23.0,7.9,2032.3,6.2,17.64,49.17,5.35,34.33,135.49,0.0,136.0,50.0,0.0,0.0,35.0,0.0,saladstop sea breeze,High protein
Butter cookies Monde,2 g,70.0,2.0,20.0,8.0,7.0,0.0,0.0,7.44,3.33,6.15,11.94,0.0,0.0,0.0,0.0,7.0,8.0,12.0,0.0,butter cookies monde,Healthy
Es krim Wall's oreo cookies cream,1 g,140.0,2.0,17.0,7.0,11.0,0.0,1.0,6.51,3.33,5.23,10.45,0.0,0.0,0.0,0.0,6.0,7.0,11.0,0.0,es krim wall's oreo cookies cream,Healthy
"Naan maran sapi, masakan",7.90 g,478.0,38.3,5.1,33.9,0.0,220.0,0.0,22.23,63.83,1.57,50.6,14.67,0.0,0.0,0.0,0.0,0.0,0.0,0.0,"naan maran sapi, masakan",High protein
Nissin Walens Chocosoes,2 g,80.0,2.0,14.0,8.0,8.0,65.0,0.0,6.51,3.33,4.31,11.94,4.33,0.0,5.0,0.0,0.0,7.0,12.0,0.0,nissin walens chocosoes,Healthy
East Bali Cashews Granola With Rosella Cinnamon,2.50 g,126.0,2.5,18.5,4.0,5.0,118.5,2.5,5.86,4.17,5.69,5.97,7.9,10.0,8.0,0.0,0.0,0.0,0.0,9.0,east bali cashews granola with rosella cinnamon,Low Sugar
Jasjus Rasa Anggur,0 g,25.0,0.0,6.0,0.0,5.0,15.0,0.0,1.16,0.0,1.85,0.0,1.0,0.0,1.0,0.0,2.0,2.0,0.0,0.0,jasjus rasa anggur,Low Carb
"Beras jagung kuning kering, mentah",0.90 g,358.0,5.5,82.7,0.1,0.0,1.0,10.0,16.65,9.17,25.45,0.15,0.07,0.0,0.0,0.0,0.0,0.0,0.0,0.0,"beras jagung kuning kering, mentah",Low Sugar
Indomie kari ayam,2 g,320.0,7.0,46.0,12.0,4.0,0.0,2.0,14.88,11.67,14.15,17.91,0.0,0.0,0.0,0.0,15.0,15.0,18.0,0.0,indomie kari ayam,Low Sugar
"Ikan Hiu, segar",1.10 g,57.0,10.7,2.2,0.3,0.0,0.0,0.0,2.65,17.83,0.68,0.45,0.0,0.0,0.0,0.0,0.0,0.0,0.0,0.0,"ikan hiu, segar",Low Carb
"Bebek albino, daging, segar",1 g,303.0,11.3,3.7,27.0,0.0,50.0,0.0,14.09,18.83,1.14,40.3,3.33,0.0,0.0,0.0,0.0,0.0,0.0,0.0,"bebek albino, daging, segar",Low Carb
"Jagung pipil var, harapan, mentah",1.20 g,367.0,6.2,76.2,5.1,0.0,1.0,2.6,17.07,10.33,23.45,7.61,0.07,0.0,0.0,0.0,0.0,0.0,0.0,0.0,"jagung pipil var, harapan, mentah",Low Sugar
Starbucks Iced caffe mocha (notfat milk),9 g,200.0,9.0,36.0,2.5,0.0,0.0,0.0,9.3,15.0,11.08,3.73,0.0,0.0,0.0,15.0,12.0,10.0,0.0,0.0,starbucks iced caffe mocha (notfat milk),Low Sugar
Gadeng / Gadung kering,0.20 g,322.0,2.4,76.6,0.6,0.0,5.0,0.0,14.98,4.0,23.57,0.9,0.33,0.0,0.0,0.0,0.0,0.0,0.0,0.0,gadeng / gadung kering,Low Sugar
Sirup pirous,0.20 g,228.0,0.2,55.9,0.4,0.0,3.0,0.0,10.6,0.33,17.2,0.6,0.2,0.0,0.0,0.0,0.0,0.0,0.0,0.0,sirup pirous,Low Sugar
You C1000 vitamin apple,0 g,60.0,0.0,14.0,0.0,14.0,0.0,0.0,2.79,0.0,4.31,0.0,0.0,0.0,0.0,0.0,5.0,3.0,0.0,0.0,you c1000 vitamin apple,Healthy
"Susu sapi, segar",0.70 g,61.0,3.2,4.3,3.5,0.0,36.0,0.0,2.84,5.33,1.32,5.22,2.4,0.0,0.0,0.0,0.0,0.0,0.0,0.0,"susu sapi, segar",Low Carb
Roti gandum,4 g,267.0,10.72,48.68,3.24,5.91,508.0,4.0,12.42,17.87,14.98,4.84,33.87,0.0,34.0,18.0,0.0,0.0,0.0,0.0,roti gandum,Snack
Ikan Mujahir / Mujair pepes,1 g,121.0,21.7,0.8,2.8,0.0,58.0,0.0,5.63,36.17,0.25,4.18,3.87,0.0,0.0,0.0,0.0,0.0,0.0,0.0,ikan mujahir / mujair pepes,High protein
Lilin bungkus gedi,1.90 g,79.0,2.3,5.8,5.2,0.0,170.0,2.5,3.67,3.83,1.78,7.76,11.33,0.0,0.0,0.0,0.0,0.0,0.0,0.0,lilin bungkus gedi,Low Carb
Mie celon,1.20 g,102.0,3.0,17.8,2.1,0.0,451.0,0.0,4.74,5.0,5.48,3.13,30.07,0.0,0.0,0.0,0.0,0.0,0.0,0.0,mie celon,Low Sugar
Beef burger,2.20 g,258.0,10.6,32.5,9.5,0.0,572.0,0.4,12.0,17.67,10.0,14.18,38.13,0.0,0.0,0.0,0.0,0.0,0.0,0.0,beef burger,Low Sugar
"Kelapa Muda , daging, segar",0.80 g,68.0,1.0,14.0,0.9,0.0,17.9,0.0,3.16,1.67,4.31,1.34,1.19,0.0,0.0,0.0,0.0,0.0,0.0,0.0,"kelapa muda , daging, segar",Low Sugar
Walens choco soes,2 g,140.0,2.0,14.0,8.0,0.0,0.0,0.0,6.51,3.33,4.31,11.94,0.0,0.0,0.0,0.0,5.0,7.0,12.0,0.0,walens choco soes,Low Sugar
Kapurung,0.60 g,41.0,2.0,7.8,0.3,0.0,185.0,2.0,1.91,3.33,2.4,0.45,12.33,0.0,0.0,0.0,0.0,0.0,0.0,0.0,kapurung,Low Carb
"Daun kesum, segar",0.80 g,48.0,4.5,9.1,0.8,0.0,11.0,1.6,2.23,7.5,2.8,1.19,0.73,0.0,0.0,0.0,0.0,0.0,0.0,0.0,"daun kesum, segar",Low Carb
"Ketela pohon / singkong, segar",0.50 g,154.0,1.0,36.8,0.3,0.0,2.0,0.9,7.16,1.67,11.32,0.45,0.13,0.0,0.0,0.0,0.0,0.0,0.0,0.0,"ketela pohon / singkong, segar",Low Sugar
Teh melati daun kering,5.30 g,299.0,24.1,59.0,3.5,0.0,70.0,9.7,13.91,40.17,18.15,5.22,4.67,0.0,0.0,0.0,0.0,0.0,0.0,0.0,teh melati daun kering,High protein
Tony roma's potato skin,0 g,751.0,35.0,41.0,51.0,2.0,0.0,0.0,34.93,58.33,12.62,76.12,0.0,0.0,0.0,59.0,0.0,35.0,77.0,0.0,tony roma's potato skin,High protein
Yogurt mixed berry,4 g,140.0,4.0,22.0,4.0,0.0,30.0,4.0,6.51,6.67,6.77,5.97,2.0,13.0,0.0,0.0,7.0,0.0,0.0,14.0,yogurt mixed berry,Low Sugar
Susu Bear brand gold malt putih,4 g,120.0,4.0,19.0,1.5,0.0,0.0,0.0,5.58,6.67,5.85,2.24,0.0,0.0,0.0,7.0,6.0,6.0,0.0,0.0,susu bear brand gold malt putih,Low Sugar
"Pisang goroho, segar",1 g,119.0,1.5,27.9,0.2,0.0,36.0,4.6,5.53,2.5,8.58,0.3,2.4,0.0,0.0,0.0,0.0,0.0,0.0,0.0,"pisang goroho, segar",Low Sugar
"brokoli , matang",90.50 g,23.2,3.2,1.9,0.2,0.0,15.0,3.0,1.08,5.33,0.58,0.3,1.0,0.0,0.0,0.0,0.0,0.0,0.0,0.0,"brokoli , matang",Low Carb
Keripik oncom,2.20 g,598.0,8.3,42.6,43.8,0.0,0.0,3.3,27.81,13.83,13.11,65.37,0.0,0.0,0.0,0.0,0.0,0.0,0.0,0.0,keripik oncom,Low Sugar
Tepung terigu,1 g,333.0,9.0,77.2,1.0,0.0,2.0,0.3,15.49,15.0,23.75,1.49,0.13,0.0,0.0,0.0,0.0,0.0,0.0,0.0,tepung terigu,Low Sugar
"Kelapa muda,air, segar",0.40 g,17.0,0.2,3.8,0.1,0.0,1.0,0.0,0.79,0.33,1.17,0.15,0.07,0.0,0.0,0.0,0.0,0.0,0.0,0.0,"kelapa muda,air, segar",Low Carb
Richeese Nabati Wafer Krim Keju,0 g,40.0,0.0,6.0,1.5,0.0,30.0,0.0,1.86,0.0,1.85,2.24,2.0,0.0,2.0,0.0,0.0,2.0,3.0,0.0,richeese nabati wafer krim keju,Low Carb
Dairy queen Vanilla cone,0 g,330.0,9.0,52.0,9.0,36.0,0.0,0.0,15.35,15.0,16.0,13.43,0.0,0.0,0.0,15.0,16.0,16.0,0.0,0.0,dairy queen vanilla cone,Snack
Kacang gude rebus,1.50 g,147.0,9.0,27.5,0.5,0.0,14.0,3.4,6.84,15.0,8.46,0.75,0.93,0.0,0.0,0.0,0.0,0.0,0.0,0.0,kacang gude rebus,Low Sugar
Carman's bircher muesli,7.90 g,421.0,14.7,48.1,17.1,16.0,0.0,7.9,19.58,24.5,14.8,25.52,0.0,0.0,0.0,25.0,0.0,0.0,26.0,27.0,carman's bircher muesli,Snack
"Ikan Pomo, segar",1.40 g,147.0,22.5,2.6,5.2,0.0,0.0,0.0,6.84,37.5,0.8,7.76,0.0,0.0,0.0,0.0,0.0,0.0,0.0,0.0,"ikan pomo, segar",High protein
"Taoge, segar",0.40 g,34.0,3.7,4.3,1.2,0.0,19.0,1.1,1.58,6.17,1.32,1.79,1.27,0.0,0.0,0.0,0.0,0.0,0.0,0.0,"taoge, segar",Low Carb
Nutrisari jus jambu,0 g,60.0,0.0,13.0,1.5,12.0,0.0,0.0,2.79,0.0,4.0,2.24,0.0,0.0,0.0,0.0,4.0,3.0,3.0,0.0,nutrisari jus jambu,Healthy
Ultra milk low fat source of calcium,7 g,90.0,7.0,11.0,2.5,0.0,105.0,0.0,4.19,11.67,3.38,3.73,7.0,8.0,7.0,12.0,0.0,0.0,0.0,0.0,ultra milk low fat source of calcium,Low Sugar
Piattos Sambal Terasi Flavor,2 g,45.0,1.0,13.0,5.0,1.0,140.0,2.0,4.65,1.67,4.0,7.46,9.33,13.0,10.0,0.0,0.0,0.0,8.0,0.0,piattos sambal terasi flavor,Low Sugar
"Bengkuang, segar",0.50 g,59.0,1.4,12.8,0.2,0.0,2.0,1.0,2.74,2.33,3.94,0.3,0.13,0.0,0.0,0.0,0.0,0.0,0.0,0.0,"bengkuang, segar",Low Sugar
"Umbut kelapa, segar",1.30 g,39.0,2.0,7.2,0.2,0.0,4.0,2.5,1.81,3.33,2.22,0.3,0.27,0.0,0.0,0.0,0.0,0.0,0.0,0.0,"umbut kelapa, segar",Low Carb
Sarimi Gelas Rasa Kari Ayam,2 g,70.0,8.0,16.0,8.0,1.0,1110.0,2.0,6.51,13.33,4.92,11.94,74.0,18.0,74.0,14.0,0.0,0.0,0.0,0.0,sarimi gelas rasa kari ayam,Low Sugar
Martabak india,1.20 g,153.0,4.5,24.3,4.2,0.0,240.0,0.0,7.12,7.5,7.48,6.27,16.0,0.0,0.0,0.0,0.0,0.0,0.0,0.0,martabak india,Low Sugar
Wajit camilan,0.60 g,303.0,6.3,63.3,2.7,0.0,0.0,6.9,14.09,10.5,19.48,4.03,0.0,0.0,0.0,0.0,0.0,0.0,0.0,0.0,wajit camilan,Low Sugar
Taro net,2 g,80.0,2.0,15.0,2.0,0.0,0.0,0.0,3.72,3.33,4.62,2.99,0.0,0.0,0.0,4.0,5.0,4.0,0.0,0.0,taro net,Low Sugar
Sayur umbut rotan,1.30 g,57.0,5.4,3.1,2.6,0.0,256.0,1.6,2.65,9.0,0.95,3.88,17.07,0.0,0.0,0.0,0.0,0.0,0.0,0.0,sayur umbut rotan,Low Carb
Kakicak,0.90 g,296.0,3.4,36.7,15.1,0.0,0.0,0.0,13.77,5.67,11.29,22.54,0.0,0.0,0.0,0.0,0.0,0.0,0.0,0.0,kakicak,Low Sugar
Yoforia Berry smooth,4 g,130.0,4.0,24.0,2.0,20.0,0.0,0.0,6.05,6.67,7.38,2.99,0.0,0.0,0.0,7.0,8.0,7.0,0.0,0.0,yoforia berry smooth,Healthy
Nissin Butter Coconut Biscuits,2 g,100.0,1.0,14.0,5.0,4.0,55.0,2.0,4.65,1.67,4.31,7.46,3.67,0.0,0.0,0.0,0.0,5.0,8.0,7.0,nissin butter coconut biscuits,Low Sugar
Herslim,2 g,10.0,13.0,13.0,1.5,2.0,120.0,2.0,5.58,21.67,4.0,2.24,8.0,0.0,8.0,22.0,0.0,0.0,0.0,7.0,herslim,Low Sugar
Indomie rasa kaldu ayam,4 g,110.0,6.0,50.0,12.0,0.0,980.0,4.0,15.81,10.0,15.38,17.91,65.33,45.0,66.0,0.0,0.0,0.0,18.0,0.0,indomie rasa kaldu ayam,Low Sugar
Papeda,0.10 g,61.0,0.2,14.9,0.1,0.0,4.0,0.5,2.84,0.33,4.58,0.15,0.27,0.0,0.0,0.0,0.0,0.0,0.0,0.0,papeda,Low Sugar
"Daun oyong, segar",0.60 g,22.0,1.0,5.3,0.1,0.0,40.0,0.0,1.02,1.67,1.63,0.15,2.67,0.0,0.0,0.0,0.0,0.0,0.0,0.0,"daun oyong, segar",Low Carb
The coffe bean & tea leaf pure chocolate ice blended drink,15 g,390.0,15.0,72.0,7.0,59.0,0.0,0.0,18.14,25.0,22.15,10.45,0.0,0.0,0.0,25.0,23.0,19.0,0.0,0.0,the coffe bean & tea leaf pure chocolate ice blended drink,High protein
wrp everyday susu bubuk rasa choco hazelnut,5 g,110.0,5.0,21.0,1.0,0.0,35.0,0.0,5.12,8.33,6.46,1.49,2.33,0.0,0.0,9.0,7.0,6.0,0.0,0.0,wrp everyday susu bubuk rasa choco hazelnut,Low Sugar
Ichi ocha,0 g,0.0,0.0,26.0,0.0,24.0,35.0,0.0,4.65,0.0,8.0,0.0,2.33,0.0,3.0,0.0,8.0,5.0,0.0,0.0,ichi ocha,Healthy
MR. P Honey Peanuts,7 g,150.0,7.0,5.0,12.0,3.0,0.0,0.0,6.98,11.67,1.54,17.91,0.0,0.0,0.0,12.0,0.0,7.0,18.0,0.0,mr. p honey peanuts,Low Carb
Suwir-suwir,1 g,347.0,0.5,84.2,0.9,0.0,0.0,0.8,16.14,0.83,25.91,1.34,0.0,0.0,0.0,0.0,0.0,0.0,0.0,0.0,suwir-suwir,Low Sugar
"Daun labu siam, segar",1.20 g,34.0,4.0,4.7,0.4,0.0,16.0,3.5,1.58,6.67,1.45,0.6,1.07,0.0,0.0,0.0,0.0,0.0,0.0,0.0,"daun labu siam, segar",Low Carb
"Uceng / bunga melinjo, segar",1.70 g,82.0,5.8,11.7,1.3,0.0,0.0,4.8,3.81,9.67,3.6,1.94,0.0,0.0,0.0,0.0,0.0,0.0,0.0,0.0,"uceng / bunga melinjo, segar",Low Sugar
Golden Farm mixed vegetable,3 g,70.0,3.0,14.0,1.0,4.0,0.0,0.0,3.26,5.0,4.31,1.49,0.0,0.0,0.0,5.0,5.0,4.0,0.0,0.0,golden farm mixed vegetable,Low Sugar
Kue pelita,0.60 g,141.0,5.3,17.6,5.5,0.0,0.0,0.0,6.56,8.83,5.42,8.21,0.0,0.0,0.0,0.0,0.0,0.0,0.0,0.0,kue pelita,Low Sugar
Dairy queen chocolate dipped cone,1 g,460.0,9.0,59.0,22.0,43.0,0.0,1.0,21.4,15.0,18.15,32.84,0.0,0.0,0.0,0.0,19.0,22.0,33.0,0.0,dairy queen chocolate dipped cone,Snack
"Jeruk banjar, segar",0.40 g,61.0,0.8,14.1,0.2,0.0,3.0,5.4,2.84,1.33,4.34,0.3,0.2,0.0,0.0,0.0,0.0,0.0,0.0,0.0,"jeruk banjar, segar",Low Sugar
"Daun labu wuluh/kuning, segar",1.60 g,34.0,3.6,4.5,0.6,0.0,16.0,2.9,1.58,6.0,1.38,0.9,1.07,0.0,0.0,0.0,0.0,0.0,0.0,0.0,"daun labu wuluh/kuning, segar",Low Carb
"Ikan Mayong, segar",1.50 g,97.0,17.9,0.4,2.0,0.0,0.0,0.0,4.51,29.83,0.12,2.99,0.0,0.0,0.0,0.0,0.0,0.0,0.0,0.0,"ikan mayong, segar",High protein
"Ikan Tarmon, segar",0.80 g,96.0,19.5,2.0,1.1,0.0,43.0,0.0,4.47,32.5,0.62,1.64,2.87,0.0,0.0,0.0,0.0,0.0,0.0,0.0,"ikan tarmon, segar",High protein
"Soto jeroan, masakan",1.10 g,92.0,11.8,1.4,4.3,0.0,363.0,0.0,4.28,19.67,0.43,6.42,24.2,0.0,0.0,0.0,0.0,0.0,0.0,0.0,"soto jeroan, masakan",Low Carb
"Tedong pallu basa, masakan",1.70 g,83.0,10.4,2.8,3.4,0.0,397.0,0.0,3.86,17.33,0.86,5.07,26.47,0.0,0.0,0.0,0.0,0.0,0.0,0.0,"tedong pallu basa, masakan",Low Carb
Tepung Ganyong,0.30 g,353.0,0.8,83.6,1.7,0.0,3.0,0.7,16.42,1.33,25.72,2.54,0.2,0.0,0.0,0.0,0.0,0.0,0.0,0.0,tepung ganyong,Low Sugar
Umbut rotan,1.30 g,34.0,2.4,5.5,0.3,0.0,8.0,2.2,1.58,4.0,1.69,0.45,0.53,0.0,0.0,0.0,0.0,0.0,0.0,0.0,umbut rotan,Low Carb
"Beras ladang, mentah",0.90 g,376.0,7.5,78.0,3.8,0.0,10.0,5.9,17.49,12.5,24.0,5.67,0.67,0.0,0.0,0.0,0.0,0.0,0.0,0.0,"beras ladang, mentah",Low Sugar
Yogurt frozen pinkberry (Kecil),0 g,150.0,6.0,31.0,0.0,30.0,0.0,0.0,6.98,10.0,9.54,0.0,0.0,0.0,0.0,10.0,10.0,7.0,0.0,0.0,yogurt frozen pinkberry (kecil),Healthy
Golden Farm corn kernel,3 g,70.0,3.0,14.0,1.0,3.0,0.0,0.0,3.26,5.0,4.31,1.49,0.0,0.0,0.0,5.0,5.0,4.0,0.0,0.0,golden farm corn kernel,Low Sugar
"Pempek telur, masakan",1.90 g,156.0,4.7,28.3,2.7,0.0,448.0,0.0,7.26,7.83,8.71,4.03,29.87,0.0,0.0,0.0,0.0,0.0,0.0,0.0,"pempek telur, masakan",Low Sugar
Nutrisari Florida orange,0 g,50.0,0.0,13.0,0.0,11.0,0.0,0.0,2.33,0.0,4.0,0.0,0.0,0.0,0.0,0.0,4.0,3.0,0.0,0.0,nutrisari florida orange,Healthy
NutriBoost rasa kopi,3 g,30.0,3.0,19.0,3.0,14.0,100.0,0.0,5.58,5.0,5.85,4.48,6.67,13.0,7.0,0.0,6.0,0.0,0.0,0.0,nutriboost rasa kopi,Healthy
Ultra Sari Kacang Ijo,2 g,90.0,2.0,22.0,0.0,0.0,0.0,0.0,4.19,3.33,6.77,0.0,0.0,0.0,0.0,4.0,7.0,5.0,0.0,0.0,ultra sari kacang ijo,Low Sugar
Quinoa,4.40 g,120.0,4.4,21.3,1.92,0.0,0.0,0.0,5.58,7.33,6.55,2.87,0.0,0.0,0.0,0.0,0.0,0.0,0.0,0.0,quinoa,Low Sugar
Kacang tolo rebus,1.20 g,138.0,10.7,22.6,1.1,0.0,13.0,0.9,6.42,17.83,6.95,1.64,0.87,0.0,0.0,0.0,0.0,0.0,0.0,0.0,kacang tolo rebus,Low Sugar
"Lamtoro biji muda, segar",1.20 g,85.0,5.7,15.4,0.3,0.0,35.0,10.8,3.95,9.5,4.74,0.45,2.33,0.0,0.0,0.0,0.0,0.0,0.0,0.0,"lamtoro biji muda, segar",Low Sugar
Roma Malkist,2 g,120.0,2.0,19.0,4.5,3.0,0.0,0.0,5.58,3.33,5.85,6.72,0.0,0.0,0.0,0.0,6.0,6.0,7.0,0.0,roma malkist,Low Sugar
Tahu Bakso,2.40 g,231.0,11.8,21.4,12.2,1.2,378.0,2.4,10.74,19.67,6.58,18.21,25.2,0.0,26.0,20.0,0.0,0.0,19.0,0.0,tahu bakso,Low Sugar
Sonice Bakso kuah sapi,8 g,160.0,8.0,20.0,5.0,0.0,0.0,0.0,7.44,13.33,6.15,7.46,0.0,0.0,0.0,14.0,0.0,8.0,8.0,0.0,sonice bakso kuah sapi,Low Sugar
"Ayam goreng church texas, dada",1.50 g,338.0,35.2,0.4,20.6,0.0,800.0,0.0,15.72,58.67,0.12,30.75,53.33,0.0,0.0,0.0,0.0,0.0,0.0,0.0,"ayam goreng church texas, dada",High protein
Saladstop tingtong,13.50 g,843.4,30.6,83.3,46.2,14.5,1004.6,13.5,39.23,51.0,25.63,68.96,66.97,0.0,67.0,51.0,0.0,0.0,69.0,0.0,saladstop tingtong,High protein
Takwa,1.60 g,148.0,13.8,4.0,8.5,0.0,3.0,0.0,6.88,23.0,1.23,12.69,0.2,0.0,0.0,0.0,0.0,0.0,0.0,0.0,takwa,Low Carb
Monde Boromon cookies original flavor,0 g,80.0,0.0,18.0,0.0,0.0,10.0,0.0,3.72,0.0,5.54,0.0,0.67,0.0,1.0,0.0,6.0,4.0,0.0,0.0,monde boromon cookies original flavor,Low Sugar
Keju Lemnos Grated Parmesan,0 g,38.0,3.3,1.0,5.6,1.0,0.0,0.0,1.77,5.5,0.31,8.36,0.0,0.0,0.0,6.0,0.0,2.0,9.0,0.0,keju lemnos grated parmesan,Low Carb
Good Day Mocacinno,1 g,20.0,1.0,16.0,2.0,13.0,10.0,1.0,4.19,1.67,4.92,2.99,0.67,10.0,0.0,0.0,5.0,5.0,0.0,0.0,good day mocacinno,Healthy
kacang garuda roste kacang panggang,5 g,130.0,5.0,16.0,5.0,0.0,115.0,0.0,6.05,8.33,4.92,7.46,7.67,0.0,8.0,9.0,0.0,0.0,8.0,0.0,kacang garuda roste kacang panggang,Low Sugar
Tepung Tales Banten,5.50 g,332.0,5.7,76.1,0.6,0.0,7.0,12.2,15.44,9.5,23.42,0.9,0.47,0.0,0.0,0.0,0.0,0.0,0.0,0.0,tepung tales banten,Low Sugar
Coklat Toblerone,1 g,130.0,1.0,15.0,7.0,15.0,0.0,0.0,6.05,1.67,4.62,10.45,0.0,0.0,0.0,0.0,5.0,7.0,11.0,0.0,coklat toblerone,Healthy
Es Krim Walls Cappuccino,1 g,70.0,1.0,19.0,8.0,10.0,15.0,1.0,6.98,1.67,5.85,11.94,1.0,30.0,0.0,0.0,0.0,7.0,12.0,0.0,es krim walls cappuccino,Healthy
Cashew,3.30 g,553.0,18.22,30.19,43.85,0.0,0.0,3.3,25.72,30.37,9.29,65.45,0.0,0.0,0.0,0.0,0.0,0.0,0.0,0.0,cashew,High protein
"Kucai muda (lokio), segar",1.80 g,42.0,3.8,7.8,0.6,0.0,22.0,4.9,1.95,6.33,2.4,0.9,1.47,0.0,0.0,0.0,0.0,0.0,0.0,0.0,"kucai muda (lokio), segar",Low Carb
"Susu kuda, segar",0.40 g,40.0,2.0,5.4,1.1,0.0,0.0,0.0,1.86,3.33,1.66,1.64,0.0,0.0,0.0,0.0,0.0,0.0,0.0,0.0,"susu kuda, segar",Low Carb
Eskrim cornetto oreo,2 g,240.0,2.0,33.0,11.0,20.0,0.0,2.0,11.16,3.33,10.15,16.42,0.0,0.0,0.0,0.0,11.0,12.0,17.0,0.0,eskrim cornetto oreo,Snack
Keripik Qtela ubi ungu,0 g,100.0,0.0,14.0,5.0,3.0,0.0,0.0,4.65,0.0,4.31,7.46,0.0,0.0,0.0,0.0,5.0,5.0,8.0,0.0,keripik qtela ubi ungu,Low Sugar
"Anak sapi, daging,sedang,segar",0.90 g,190.0,19.1,0.0,12.0,0.0,99.0,0.0,8.84,31.83,0.0,17.91,6.6,0.0,0.0,0.0,0.0,0.0,0.0,0.0,"anak sapi, daging,sedang,segar",High protein
Susu Bear brand gold teh putih,4 g,70.0,4.0,10.0,2.0,0.0,0.0,0.0,3.26,6.67,3.08,2.99,0.0,0.0,0.0,7.0,4.0,4.0,0.0,0.0,susu bear brand gold teh putih,Low Carb
Es teh tawar,0.02 g,2.0,0.02,0.67,0.0,0.0,0.0,0.0,0.09,0.03,0.21,0.0,0.0,0.0,0.0,1.0,1.0,1.0,0.0,0.0,es teh tawar,Low Carb
susu tango kido rasa banana pudding,10 g,90.0,10.0,15.0,2.5,0.0,140.0,0.0,4.19,16.67,4.62,3.73,9.33,0.0,10.0,17.0,5.0,0.0,0.0,0.0,susu tango kido rasa banana pudding,Low Sugar
Biskuit WRP Everyday chocolate chip,2 g,100.0,1.0,11.0,5.0,0.0,0.0,2.0,4.65,1.67,3.38,7.46,0.0,0.0,0.0,0.0,0.0,5.0,8.0,7.0,biskuit wrp everyday chocolate chip,Low Sugar
Ampas tahu mentah,0.60 g,67.0,5.0,8.1,2.1,0.0,8.0,4.1,3.12,8.33,2.49,3.13,0.53,0.0,0.0,0.0,0.0,0.0,0.0,0.0,ampas tahu mentah,Low Carb
"Anyang, sayur",1.50 g,126.0,3.4,10.3,7.9,0.0,290.0,5.4,5.86,5.67,3.17,11.79,19.33,0.0,0.0,0.0,0.0,0.0,0.0,0.0,"anyang, sayur",Low Sugar
"Ikan Banjar, segar",1.40 g,111.0,19.4,4.8,0.9,0.0,99.0,0.0,5.16,32.33,1.48,1.34,6.6,0.0,0.0,0.0,0.0,0.0,0.0,0.0,"ikan banjar, segar",High protein
Misoa,1.30 g,345.0,8.5,78.0,2.2,0.0,3064.0,0.5,16.05,14.17,24.0,3.28,204.27,0.0,0.0,0.0,0.0,0.0,0.0,0.0,misoa,Low Sugar
"Ares,sayur",3 g,113.0,0.9,11.2,7.2,0.0,1413.0,4.7,5.26,1.5,3.45,10.75,94.2,0.0,0.0,0.0,0.0,0.0,0.0,0.0,"ares,sayur",Low Sugar
biskuit Lotte choco pie,1 g,120.0,1.0,19.0,4.5,10.0,0.0,0.0,5.58,1.67,5.85,6.72,0.0,0.0,0.0,0.0,6.0,6.0,7.0,0.0,biskuit lotte choco pie,Healthy
Srikaya ketan,0.80 g,265.0,2.7,49.1,6.4,0.0,0.0,0.0,12.33,4.5,15.11,9.55,0.0,0.0,0.0,0.0,0.0,0.0,0.0,0.0,srikaya ketan,Low Sugar
Dairy queen oreo cookie blizzard,1 g,780.0,15.0,117.0,29.0,84.0,0.0,1.0,36.28,25.0,36.0,43.28,0.0,0.0,0.0,0.0,36.0,37.0,44.0,0.0,dairy queen oreo cookie blizzard,High protein
Puffies Soes Crunchy Cheese,1 g,30.0,2.0,6.0,6.0,0.0,120.0,1.0,4.19,3.33,1.85,8.96,8.0,25.0,8.0,0.0,0.0,0.0,9.0,0.0,puffies soes crunchy cheese,Low Carb
Pocky double choco,4 g,240.0,4.0,29.0,12.0,9.0,0.0,0.0,11.16,6.67,8.92,17.91,0.0,0.0,0.0,0.0,9.0,12.0,18.0,0.0,pocky double choco,Snack
Mie sedap instan kari spesial,3 g,130.0,8.0,47.0,14.0,3.0,1060.0,3.0,16.28,13.33,14.46,20.9,70.67,0.0,71.0,0.0,0.0,0.0,0.0,0.0,mie sedap instan kari spesial,Low Sugar
Jasjus Rasa Lemon,0 g,25.0,0.0,6.0,0.0,5.0,15.0,0.0,1.16,0.0,1.85,0.0,1.0,0.0,1.0,0.0,2.0,2.0,0.0,0.0,jasjus rasa lemon,Low Carb
"Telur ayam kampung, segar",0.90 g,174.0,10.8,1.2,14.0,0.0,190.0,0.0,8.09,18.0,0.37,20.9,12.67,0.0,0.0,0.0,0.0,0.0,0.0,0.0,"telur ayam kampung, segar",Low Carb
Sagu rendang,1 g,364.0,0.1,90.5,0.2,0.0,42.0,1.9,16.93,0.17,27.85,0.3,2.8,0.0,0.0,0.0,0.0,0.0,0.0,0.0,sagu rendang,Low Sugar
Silverqueen Crispy with Milk Chocolate,4 g,170.0,4.0,15.0,10.0,11.0,35.0,0.0,7.91,6.67,4.62,14.93,2.33,0.0,0.0,7.0,0.0,8.0,15.0,0.0,silverqueen crispy with milk chocolate,Snack
Sukun tua,1 g,126.0,1.6,24.5,0.2,0.0,25.0,1.5,5.86,2.67,7.54,0.3,1.67,0.0,0.0,0.0,0.0,0.0,0.0,0.0,sukun tua,Low Sugar
"Kacang belimbing (kecipir), kering",4.20 g,400.0,34.4,34.1,16.9,0.0,37.0,10.7,18.6,57.33,10.49,25.22,2.47,0.0,0.0,0.0,0.0,0.0,0.0,0.0,"kacang belimbing (kecipir), kering",High protein
Lapis legit,0.90 g,389.0,6.6,55.5,15.7,0.0,0.0,0.5,18.09,11.0,17.08,23.43,0.0,0.0,0.0,0.0,0.0,0.0,0.0,0.0,lapis legit,Low Sugar
"Wijen,mentah",5.80 g,568.0,19.3,18.1,51.1,0.0,18.0,3.6,26.42,32.17,5.57,76.27,1.2,0.0,0.0,0.0,0.0,0.0,0.0,0.0,"wijen,mentah",High protein
Susu Ultra Milk Rasa Stroberi,6 g,30.0,6.0,22.0,3.5,17.0,50.0,0.0,6.51,10.0,6.77,5.22,3.33,13.0,0.0,10.0,0.0,0.0,0.0,0.0,susu ultra milk rasa stroberi,Healthy
Agar-agar double swallow sun,6 g,25.0,0.0,6.0,0.0,0.0,10.0,6.0,1.16,0.0,1.85,0.0,0.67,0.0,1.0,0.0,2.0,2.0,0.0,0.0,agar-agar double swallow sun,Low Carb
Cocoa powder Van Houten,6 g,120.0,6.0,15.0,4.0,0.0,0.0,0.0,5.58,10.0,4.62,5.97,0.0,0.0,0.0,10.0,0.0,6.0,6.0,0.0,cocoa powder van houten,Low Sugar
"Jambu bool, segar",0.80 g,49.0,2.3,9.6,0.2,0.0,1.0,3.5,2.28,3.83,2.95,0.3,0.07,0.0,0.0,0.0,0.0,0.0,0.0,0.0,"jambu bool, segar",Low Carb
Tiwul,1.60 g,353.0,2.4,83.4,1.1,0.0,5.0,6.5,16.42,4.0,25.66,1.64,0.33,0.0,0.0,0.0,0.0,0.0,0.0,0.0,tiwul,Low Sugar
Nissin Longer Stick Biscuits,2 g,50.0,2.0,21.0,6.0,5.0,85.0,0.0,6.98,3.33,6.46,8.96,5.67,20.0,0.0,0.0,0.0,7.0,9.0,0.0,nissin longer stick biscuits,Low Sugar
Nasi coklat,2.30 g,112.0,2.3,23.5,0.8,0.0,0.0,0.0,5.21,3.83,7.23,1.19,0.0,0.0,0.0,4.0,8.0,6.0,0.0,0.0,nasi coklat,Low Sugar
Chicki Taro Net rasa BBQ,1 g,90.0,1.0,15.0,2.5,0.0,200.0,0.0,4.19,1.67,4.62,3.73,13.33,0.0,14.0,0.0,5.0,5.0,0.0,0.0,chicki taro net rasa bbq,Low Sugar
Saladstop Jai Ho,7.10 g,324.9,22.3,28.3,14.3,8.4,355.3,7.1,15.11,37.17,8.71,21.34,23.69,0.0,24.0,38.0,0.0,0.0,0.0,24.0,saladstop jai ho,High protein
Chocodrink,2 g,20.0,2.0,23.0,2.5,18.0,100.0,0.0,5.58,3.33,7.08,3.73,6.67,0.0,7.0,0.0,8.0,6.0,0.0,0.0,chocodrink,Healthy
"Asam masak pohon, segar",2.70 g,267.0,2.8,62.5,0.6,0.0,9.0,1.2,12.42,4.67,19.23,0.9,0.6,0.0,0.0,0.0,0.0,0.0,0.0,0.0,"asam masak pohon, segar",Low Sugar
Bayam rebus,1 g,23.0,1.2,3.7,0.6,0.0,16.0,1.1,1.07,2.0,1.14,0.9,1.07,0.0,0.0,0.0,0.0,0.0,0.0,0.0,bayam rebus,Low Carb
"Kelio telur, masakan",1.40 g,193.0,10.6,9.7,12.4,0.0,540.0,0.0,8.98,17.67,2.98,18.51,36.0,0.0,0.0,0.0,0.0,0.0,0.0,0.0,"kelio telur, masakan",Low Carb
Tahu,1.40 g,80.0,10.9,0.8,4.7,0.0,2.0,0.1,3.72,18.17,0.25,7.01,0.13,0.0,0.0,0.0,0.0,0.0,0.0,0.0,tahu,Low Carb
Sariroti roti tawar double soft,3 g,140.0,4.0,23.0,3.0,1.0,105.0,3.0,6.51,6.67,7.08,4.48,7.0,0.0,7.0,0.0,8.0,0.0,0.0,10.0,sariroti roti tawar double soft,Low Sugar
Mcdonald Triple cheeseburger,2 g,520.0,32.0,36.0,28.0,7.0,0.0,2.0,24.19,53.33,11.08,41.79,0.0,0.0,0.0,54.0,0.0,25.0,42.0,0.0,mcdonald triple cheeseburger,High protein
Sagu singkong kering,0.30 g,362.0,0.5,86.9,0.3,0.0,0.0,0.0,16.84,0.83,26.74,0.45,0.0,0.0,0.0,0.0,0.0,0.0,0.0,0.0,sagu singkong kering,Low Sugar
Indomie Hype Abis Seblak Hot Jeletot,7 g,360.0,7.0,44.0,17.0,0.0,1190.0,0.0,16.74,11.67,13.54,25.37,79.33,0.0,80.0,0.0,0.0,17.0,26.0,0.0,indomie hype abis seblak hot jeletot,Low Sugar
Monde Boromon Cookies milk flavour,0 g,0.0,0.0,18.0,0.0,5.0,10.0,0.0,3.72,0.0,5.54,0.0,0.67,0.0,0.0,0.0,6.0,0.0,0.0,0.0,monde boromon cookies milk flavour,Low Sugar
Frisian flag belgian chocolate low fat,7 g,150.0,7.0,25.0,2.5,19.0,100.0,0.0,6.98,11.67,7.69,3.73,6.67,0.0,0.0,12.0,8.0,7.0,0.0,0.0,frisian flag belgian chocolate low fat,Healthy
Subway classic tuna sandwich,2 g,470.0,20.0,41.0,25.0,5.0,0.0,2.0,21.86,33.33,12.62,37.31,0.0,0.0,0.0,34.0,0.0,22.0,38.0,0.0,subway classic tuna sandwich,High protein
Eskrim Magnum classic,4 g,240.0,3.0,30.0,13.0,18.0,0.0,4.0,11.16,5.0,9.23,19.4,0.0,0.0,0.0,0.0,0.0,12.0,20.0,14.0,eskrim magnum classic,Snack
Keripik tempe,2.30 g,581.0,12.1,41.7,40.6,0.0,0.0,2.2,27.02,20.17,12.83,60.6,0.0,0.0,0.0,0.0,0.0,0.0,0.0,0.0,keripik tempe,Low Sugar
Susu Bubuk,5.70 g,513.0,24.6,36.2,30.0,0.0,380.0,0.0,23.86,41.0,11.14,44.78,25.33,0.0,0.0,0.0,0.0,0.0,0.0,0.0,susu bubuk,High protein
"Jangang bintatoeng, masakan",2.40 g,107.0,5.3,16.5,2.2,0.0,482.0,0.0,4.98,8.83,5.08,3.28,32.13,0.0,0.0,0.0,0.0,0.0,0.0,0.0,"jangang bintatoeng, masakan",Low Sugar
Golden Farm french fries,3 g,170.0,3.0,29.0,4.5,0.0,0.0,0.0,7.91,5.0,8.92,6.72,0.0,0.0,0.0,0.0,9.0,8.0,7.0,0.0,golden farm french fries,Low Sugar
"Telur ayam ras bagian kuning, segar",1.70 g,355.0,16.3,0.7,31.9,0.0,111.0,0.0,16.51,27.17,0.22,47.61,7.4,0.0,0.0,0.0,0.0,0.0,0.0,0.0,"telur ayam ras bagian kuning, segar",High protein
"Ayam,hati,segar",1.50 g,261.0,27.4,1.6,16.1,0.0,1068.0,0.0,12.14,45.67,0.49,24.03,71.2,0.0,0.0,0.0,0.0,0.0,0.0,0.0,"ayam,hati,segar",High protein
Bakso ikan,11.27 g,107.0,11.27,11.72,1.23,0.0,255.0,0.0,4.98,18.78,3.61,1.84,17.0,0.0,17.0,19.0,0.0,5.0,0.0,0.0,bakso ikan,Low Sugar
Yogurt frozen pinkberry (Medium),0 g,240.0,9.0,50.0,0.0,47.0,0.0,0.0,11.16,15.0,15.38,0.0,0.0,0.0,0.0,15.0,16.0,12.0,0.0,0.0,yogurt frozen pinkberry (medium),Snack
PRONAS Classic chunky corned beef (340 g),2 g,70.0,8.0,2.0,3.5,0.0,410.0,2.0,3.26,13.33,0.62,5.22,27.33,8.0,28.0,14.0,0.0,0.0,0.0,0.0,pronas classic chunky corned beef (340 g),Low Carb
Sayur lebui,0.90 g,64.0,2.1,12.5,0.6,0.0,124.0,5.7,2.98,3.5,3.85,0.9,8.27,0.0,0.0,0.0,0.0,0.0,0.0,0.0,sayur lebui,Low Sugar
Indomie rasa soto lamongan,6 g,130.0,10.0,48.0,14.0,4.0,1030.0,6.0,16.74,16.67,14.77,20.9,68.67,35.0,69.0,0.0,0.0,0.0,21.0,0.0,indomie rasa soto lamongan,Low Sugar
"Jali, mentah",1 g,324.0,11.0,61.0,4.0,0.0,24.0,3.1,15.07,18.33,18.77,5.97,1.6,0.0,0.0,0.0,0.0,0.0,0.0,0.0,"jali, mentah",Low Sugar
Elle vire yogurt,0.40 g,90.0,2.3,13.0,3.1,11.0,0.0,0.4,4.19,3.83,4.0,4.63,0.0,0.0,0.0,0.0,4.0,5.0,5.0,0.0,elle vire yogurt,Healthy
Markisa squash,0.20 g,217.0,2.5,49.6,1.0,0.0,14.0,0.0,10.09,4.17,15.26,1.49,0.93,0.0,0.0,0.0,0.0,0.0,0.0,0.0,markisa squash,Low Sugar
Putu sopa,0.80 g,215.0,3.3,41.1,4.1,0.0,0.0,0.0,10.0,5.5,12.65,6.12,0.0,0.0,0.0,0.0,0.0,0.0,0.0,0.0,putu sopa,Low Sugar
pop mie rasa soto ayam dengan nasi,3 g,250.0,7.0,48.0,15.0,5.0,1320.0,3.0,11.63,11.67,14.77,22.39,88.0,0.0,88.0,0.0,15.0,0.0,23.0,0.0,pop mie rasa soto ayam dengan nasi,Low Sugar
Geblek,1.40 g,195.0,0.4,44.4,1.7,0.0,353.0,3.6,9.07,0.67,13.66,2.54,23.53,0.0,0.0,0.0,0.0,0.0,0.0,0.0,geblek,Low Sugar
Agar-agar swallow globe brand,8 g,20.0,0.0,8.0,0.0,0.0,0.0,8.0,0.93,0.0,2.46,0.0,0.0,0.0,0.0,0.0,3.0,1.0,0.0,0.0,agar-agar swallow globe brand,Low Carb
Permen Xylitol fresh mint,0 g,10.0,0.0,3.0,0.0,0.0,0.0,0.0,0.47,0.0,0.92,0.0,0.0,0.0,0.0,0.0,1.0,1.0,0.0,0.0,permen xylitol fresh mint,Low Carb
"Gambas (oyong), segar",0.40 g,19.0,0.8,4.1,0.2,0.0,23.0,1.3,0.88,1.33,1.26,0.3,1.53,0.0,0.0,0.0,0.0,0.0,0.0,0.0,"gambas (oyong), segar",Low Carb
Nasi tim,0.20 g,120.0,3.4,26.0,0.4,0.0,0.0,0.5,5.58,5.67,8.0,0.6,0.0,0.0,0.0,0.0,0.0,0.0,0.0,0.0,nasi tim,Low Sugar
"Sei reuboh, masakan",2.20 g,474.0,11.2,11.7,42.5,0.0,677.0,0.0,22.05,18.67,3.6,63.43,45.13,0.0,0.0,0.0,0.0,0.0,0.0,0.0,"sei reuboh, masakan",Low Sugar
Buah merah,0.40 g,87.0,2.6,13.1,2.7,0.0,110.0,4.0,4.05,4.33,4.03,4.03,7.33,0.0,0.0,0.0,0.0,0.0,0.0,0.0,buah merah,Low Sugar
Subway steak and cheese sandwich,2 g,360.0,24.0,43.0,10.0,5.0,0.0,2.0,16.74,40.0,13.23,14.93,0.0,0.0,0.0,40.0,0.0,17.0,15.0,0.0,subway steak and cheese sandwich,High protein
"Beras hitam, mentah",0.90 g,351.0,8.0,76.9,1.3,0.0,15.0,20.1,16.33,13.33,23.66,1.94,1.0,0.0,0.0,0.0,0.0,0.0,0.0,0.0,"beras hitam, mentah",Low Sugar
"Apang kukus, kue",0.50 g,202.0,3.0,46.7,0.3,0.0,0.0,0.0,9.4,5.0,14.37,0.45,0.0,0.0,0.0,0.0,0.0,0.0,0.0,0.0,"apang kukus, kue",Low Sugar
"Talas viqueque, segar",1.20 g,115.0,1.8,25.9,0.5,0.0,1.0,8.6,5.35,3.0,7.97,0.75,0.07,0.0,0.0,0.0,0.0,0.0,0.0,0.0,"talas viqueque, segar",Low Sugar
Indofood Kecap Manis (135 ml),0 g,45.0,0.0,11.0,0.0,9.0,240.0,0.0,2.09,0.0,3.38,0.0,16.0,0.0,16.0,0.0,4.0,3.0,0.0,0.0,indofood kecap manis (135 ml),Healthy
Tanderloin,20.53 g,151.0,20.53,0.01,7.63,0.0,0.0,0.0,7.02,34.22,0.0,11.39,0.0,0.0,0.0,0.0,0.0,0.0,0.0,0.0,tanderloin,High protein
Golden Farm frozen pea,7 g,90.0,7.0,12.0,1.0,3.0,0.0,0.0,4.19,11.67,3.69,1.49,0.0,0.0,0.0,12.0,4.0,5.0,0.0,0.0,golden farm frozen pea,Low Sugar
White Anchovy Powder,3 g,15.0,3.0,0.0,0.0,0.0,70.0,0.0,0.7,5.0,0.0,0.0,4.67,0.0,5.0,5.0,0.0,0.0,0.0,0.0,white anchovy powder,Low Carb
Beef yakiniku,0.80 g,132.0,9.8,20.7,1.1,0.0,409.0,0.3,6.14,16.33,6.37,1.64,27.27,0.0,0.0,0.0,0.0,0.0,0.0,0.0,beef yakiniku,Low Sugar
"Asam arang coklat, segar",1.40 g,130.0,0.5,30.9,1.1,0.0,13.0,1.5,6.05,0.83,9.51,1.64,0.87,0.0,0.0,0.0,0.0,0.0,0.0,0.0,"asam arang coklat, segar",Low Sugar
Mie Sedaap Instant Rasa Soto 75 g,2 g,340.0,8.0,46.0,13.0,3.0,1030.0,2.0,15.81,13.33,14.15,19.4,68.67,30.0,69.0,0.0,0.0,0.0,20.0,0.0,mie sedaap instant rasa soto 75 g,Low Sugar
"Kacang gude, biji kering",4.20 g,316.0,20.7,58.0,1.0,0.0,16.0,4.6,14.7,34.5,17.85,1.49,1.07,0.0,0.0,0.0,0.0,0.0,0.0,0.0,"kacang gude, biji kering",High protein
Entrasol Quick Start Chia Seeds,1 g,130.0,2.0,22.0,3.5,12.0,105.0,1.0,6.05,3.33,6.77,5.22,7.0,10.0,7.0,0.0,7.0,0.0,0.0,0.0,entrasol quick start chia seeds,Healthy
Ketupat kandangan,0.70 g,109.0,2.2,13.4,5.2,0.0,0.0,0.0,5.07,3.67,4.12,7.76,0.0,0.0,0.0,0.0,0.0,0.0,0.0,0.0,ketupat kandangan,Low Sugar
Hickory smoked BBQ  (classic wings),1 g,171.0,15.0,8.0,8.0,7.0,0.0,1.0,7.95,25.0,2.46,11.94,0.0,0.0,0.0,25.0,0.0,8.0,12.0,0.0,hickory smoked bbq  (classic wings),High protein
Susu bubuk dancow fullcream,0 g,120.0,5.0,13.0,6.0,0.0,90.0,0.0,5.58,8.33,4.0,8.96,6.0,18.0,0.0,9.0,0.0,0.0,9.0,0.0,susu bubuk dancow fullcream,Low Sugar
Roma sari gandum,2 g,100.0,2.0,13.0,4.0,3.0,0.0,0.0,4.65,3.33,4.0,5.97,0.0,0.0,0.0,0.0,4.0,5.0,6.0,0.0,roma sari gandum,Low Sugar
"Bihun jagung, mentah",0.50 g,354.0,0.5,87.4,0.3,0.0,49.0,3.0,16.47,0.83,26.89,0.45,3.27,0.0,0.0,0.0,0.0,0.0,0.0,0.0,"bihun jagung, mentah",Low Sugar
Cuka,0.30 g,21.0,0.1,5.0,0.1,0.0,21.0,0.0,0.98,0.17,1.54,0.15,1.4,0.0,0.0,0.0,0.0,0.0,0.0,0.0,cuka,Low Carb
Gadung kukus,0.80 g,88.0,0.6,20.9,0.3,0.0,6.0,0.9,4.09,1.0,6.43,0.45,0.4,0.0,0.0,0.0,0.0,0.0,0.0,0.0,gadung kukus,Low Sugar
"Akar tonjong, segar",1 g,45.0,1.1,10.8,0.4,0.0,96.0,1.2,2.09,1.83,3.32,0.6,6.4,0.0,0.0,0.0,0.0,0.0,0.0,0.0,"akar tonjong, segar",Low Sugar
"Lemon, segar",0.30 g,34.0,0.5,6.2,0.8,0.0,31.0,0.1,1.58,0.83,1.91,1.19,2.07,0.0,0.0,0.0,0.0,0.0,0.0,0.0,"lemon, segar",Low Carb
Sariroti Sandwich kacang,2 g,140.0,5.0,18.0,6.0,2.0,135.0,2.0,6.51,8.33,5.54,8.96,9.0,0.0,9.0,9.0,0.0,0.0,9.0,0.0,sariroti sandwich kacang,Low Sugar
"Model, masakan",1.30 g,79.0,2.2,8.6,4.0,0.0,147.0,0.0,3.67,3.67,2.65,5.97,9.8,0.0,0.0,0.0,0.0,0.0,0.0,0.0,"model, masakan",Low Carb
"Ikan Bawal, segar",1.30 g,91.0,19.0,0.0,1.7,0.0,129.0,0.0,4.23,31.67,0.0,2.54,8.6,0.0,0.0,0.0,0.0,0.0,0.0,0.0,"ikan bawal, segar",High protein
Tauco cap meong,6.70 g,159.0,7.4,21.3,4.9,0.0,1547.0,1.6,7.4,12.33,6.55,7.31,103.13,0.0,0.0,0.0,0.0,0.0,0.0,0.0,tauco cap meong,Low Sugar
donat Krispy kreme oreo chocolate cream,1 g,390.0,4.0,49.0,21.0,27.0,0.0,1.0,18.14,6.67,15.08,31.34,0.0,0.0,0.0,0.0,16.0,19.0,32.0,0.0,donat krispy kreme oreo chocolate cream,Snack
Khong guan malkist sayur,2 g,100.0,2.0,14.0,4.0,0.0,120.0,0.0,4.65,3.33,4.31,5.97,8.0,0.0,8.0,0.0,0.0,5.0,6.0,0.0,khong guan malkist sayur,Low Sugar
Kerupuk udang goreng,1.90 g,477.0,4.7,68.5,20.5,0.0,449.0,5.0,22.19,7.83,21.08,30.6,29.93,0.0,0.0,0.0,0.0,0.0,0.0,0.0,kerupuk udang goreng,Low Sugar
"Steamed Dumpling, Chiu Chow Style",1.90 g,92.0,1.9,13.0,3.5,0.0,220.0,0.0,4.28,3.17,4.0,5.22,14.67,0.0,15.0,0.0,0.0,5.0,6.0,0.0,"steamed dumpling, chiu chow style",Low Sugar
Mi kering,1.40 g,339.0,10.0,6.3,1.7,0.0,760.0,0.4,15.77,16.67,1.94,2.54,50.67,0.0,0.0,0.0,0.0,0.0,0.0,0.0,mi kering,Low Carb
Taoge seduh,0.30 g,28.0,3.0,4.0,0.8,0.0,18.0,1.0,1.3,5.0,1.23,1.19,1.2,0.0,0.0,0.0,0.0,0.0,0.0,0.0,taoge seduh,Low Carb
bebelac gold,2 g,50.0,6.0,24.0,6.0,17.0,75.0,2.0,7.91,10.0,7.38,8.96,5.0,0.0,0.0,0.0,0.0,0.0,0.0,0.0,bebelac gold,Healthy
"Daun leunca, segar",1.70 g,49.0,4.7,8.1,0.5,0.0,0.0,0.0,2.28,7.83,2.49,0.75,0.0,0.0,0.0,0.0,0.0,0.0,0.0,0.0,"daun leunca, segar",Low Carb
"Daun gedi kecil, segar",2 g,61.0,3.2,10.4,0.7,0.0,20.0,3.4,2.84,5.33,3.2,1.04,1.33,0.0,0.0,0.0,0.0,0.0,0.0,0.0,"daun gedi kecil, segar",Low Sugar
Cimory yogurt set,3 g,100.0,3.0,16.0,2.5,11.0,0.0,0.0,4.65,5.0,4.92,3.73,0.0,0.0,0.0,5.0,5.0,5.0,0.0,0.0,cimory yogurt set,Healthy
"Kacang kedelai, kering",5.50 g,381.0,40.4,24.9,16.7,0.0,210.0,3.2,17.72,67.33,7.66,24.93,14.0,0.0,0.0,0.0,0.0,0.0,0.0,0.0,"kacang kedelai, kering",High protein
"Jagung kuning pipil, kering, mentah",2.40 g,366.0,9.8,69.1,7.3,0.0,5.0,2.2,17.02,16.33,21.26,10.9,0.33,0.0,0.0,0.0,0.0,0.0,0.0,0.0,"jagung kuning pipil, kering, mentah",Low Sugar
Royco kaldu ayam,0 g,0.0,0.0,0.0,0.0,0.0,0.0,0.0,0.0,0.0,0.0,0.0,0.0,0.0,0.0,0.0,0.0,0.0,0.0,0.0,royco kaldu ayam,Low Carb
Tempe kacang babi,1.20 g,139.0,12.5,21.9,0.8,0.0,0.0,1.8,6.47,20.83,6.74,1.19,0.0,0.0,0.0,0.0,0.0,0.0,0.0,0.0,tempe kacang babi,Low Sugar
Dairy queen mocha moolatte,1 g,580.0,10.0,88.0,22.0,77.0,0.0,1.0,26.98,16.67,27.08,32.84,0.0,0.0,0.0,0.0,28.0,27.0,33.0,0.0,dairy queen mocha moolatte,Snack
SUP KRIM AYAM ROYCO,2 g,50.0,2.0,0.0,1.0,0.0,710.0,0.0,2.33,3.33,0.0,1.49,47.33,0.0,48.0,4.0,0.0,3.0,0.0,0.0,sup krim ayam royco,Low Carb
Sarimi Kaldu Ayam,2 g,320.0,4.0,45.0,12.0,11.0,670.0,2.0,14.88,6.67,13.85,17.91,44.67,30.0,45.0,0.0,0.0,0.0,18.0,0.0,sarimi kaldu ayam,Snack
"Daun pakis wambateu, segar",1.30 g,53.0,3.4,7.2,1.2,0.0,20.0,4.8,2.47,5.67,2.22,1.79,1.33,0.0,0.0,0.0,0.0,0.0,0.0,0.0,"daun pakis wambateu, segar",Low Carb
"Koro kerupuk, biji",1.70 g,125.0,8.3,22.1,0.7,0.0,16.0,2.2,5.81,13.83,6.8,1.04,1.07,0.0,0.0,0.0,0.0,0.0,0.0,0.0,"koro kerupuk, biji",Low Sugar
"Daun bebuas, segar",1.10 g,41.0,2.7,7.3,1.0,0.0,0.0,2.1,1.91,4.5,2.25,1.49,0.0,0.0,0.0,0.0,0.0,0.0,0.0,0.0,"daun bebuas, segar",Low Carb
Jeruk garut-keprok,0.70 g,44.0,0.8,10.9,0.3,0.0,5.0,1.6,2.05,1.33,3.35,0.45,0.33,0.0,0.0,0.0,0.0,0.0,0.0,0.0,jeruk garut-keprok,Low Sugar
Kue gelang,1 g,448.0,5.8,70.0,16.1,0.0,0.0,0.0,20.84,9.67,21.54,24.03,0.0,0.0,0.0,0.0,0.0,0.0,0.0,0.0,kue gelang,Low Sugar
Sariroti Roti tawar,1 g,200.0,7.0,37.0,3.0,2.0,280.0,1.0,9.3,11.67,11.38,4.48,18.67,0.0,19.0,12.0,12.0,0.0,0.0,0.0,sariroti roti tawar,Low Sugar
Hangop/Butter milk/Whey,1.50 g,65.0,10.0,3.5,1.0,0.0,126.0,0.0,3.02,16.67,1.08,1.49,8.4,0.0,0.0,0.0,0.0,0.0,0.0,0.0,hangop/butter milk/whey,Low Carb
Bagea kenari asin,1.30 g,529.0,3.2,63.6,29.1,0.0,74.0,0.0,24.6,5.33,19.57,43.43,4.93,0.0,0.0,0.0,0.0,0.0,0.0,0.0,bagea kenari asin,Low Sugar
Keripik bayam,1.90 g,586.0,4.9,50.2,40.6,0.0,0.0,0.5,27.26,8.17,15.45,60.6,0.0,0.0,0.0,0.0,0.0,0.0,0.0,0.0,keripik bayam,Low Sugar
Coklat silverqueen chunky almond bar,3 g,170.0,3.0,15.0,11.0,12.0,0.0,0.0,7.91,5.0,4.62,16.42,0.0,0.0,0.0,5.0,0.0,8.0,17.0,0.0,coklat silverqueen chunky almond bar,Snack
RITZ Creackers Original (isis 3 pack),2 g,140.0,2.0,20.0,6.0,0.0,115.0,0.0,6.51,3.33,6.15,8.96,7.67,18.0,8.0,0.0,0.0,0.0,9.0,0.0,ritz creackers original (isis 3 pack),Low Sugar
Ichitan Thai Milk Tea,6 g,45.0,2.0,24.0,5.0,17.0,130.0,6.0,6.98,3.33,7.38,7.46,8.67,225.0,9.0,0.0,0.0,0.0,0.0,20.0,ichitan thai milk tea,Healthy
Indomie mi goreng,2 g,130.0,8.0,54.0,14.0,8.0,1070.0,2.0,13.95,13.33,16.62,20.9,71.33,35.0,72.0,0.0,0.0,0.0,21.0,0.0,indomie mi goreng,Snack
Pop Ice Moccacino,1 g,15.0,1.0,22.0,1.5,15.0,30.0,0.0,5.12,1.67,6.77,2.24,2.0,8.0,0.0,0.0,7.0,6.0,0.0,0.0,pop ice moccacino,Healthy
Cokelat pasta,2 g,130.0,2.0,32.0,14.0,21.0,30.0,0.0,12.09,3.33,9.85,20.9,2.0,40.0,0.0,0.0,0.0,13.0,21.0,0.0,cokelat pasta,Snack
Kacang kedelai segar,4.10 g,286.0,30.2,30.1,15.6,0.0,28.0,2.9,13.3,50.33,9.26,23.28,1.87,0.0,0.0,0.0,0.0,0.0,0.0,0.0,kacang kedelai segar,High protein
Ubi jalar tinta / kemayung kukus,0.60 g,165.0,0.9,39.8,0.2,0.0,1.0,1.1,7.67,1.5,12.25,0.3,0.07,0.0,0.0,0.0,0.0,0.0,0.0,0.0,ubi jalar tinta / kemayung kukus,Low Sugar
"Buah kom, segar",1.70 g,264.0,4.0,59.6,1.1,0.0,0.0,9.0,12.28,6.67,18.34,1.64,0.0,0.0,0.0,0.0,0.0,0.0,0.0,0.0,"buah kom, segar",Low Sugar
Frisian flag cokelat (kental manis),1 g,135.0,1.0,23.0,4.5,19.0,0.0,0.0,6.28,1.67,7.08,6.72,0.0,0.0,0.0,0.0,8.0,7.0,7.0,0.0,frisian flag cokelat (kental manis),Healthy
Bagea kelapa manis,1.30 g,452.0,1.3,80.6,13.8,0.0,75.0,0.0,21.02,2.17,24.8,20.6,5.0,0.0,0.0,0.0,0.0,0.0,0.0,0.0,bagea kelapa manis,Low Sugar
"Jagung muda, kening, mentah",0.90 g,147.0,5.1,31.5,0.7,0.0,5.0,1.3,6.84,8.5,9.69,1.04,0.33,0.0,0.0,0.0,0.0,0.0,0.0,0.0,"jagung muda, kening, mentah",Low Sugar
Keremes,2.10 g,475.0,1.6,64.4,25.2,0.0,0.0,2.1,22.09,2.67,19.82,37.61,0.0,0.0,0.0,0.0,0.0,0.0,0.0,0.0,keremes,Low Sugar
"Paria putih, segar",0.60 g,19.0,1.0,3.6,0.4,0.0,5.0,1.3,0.88,1.67,1.11,0.6,0.33,0.0,0.0,0.0,0.0,0.0,0.0,0.0,"paria putih, segar",Low Carb
Minyak zaitun,0 g,884.0,0.0,0.0,100.0,0.0,7.0,0.0,41.12,0.0,0.0,149.25,0.47,0.0,0.0,0.0,0.0,0.0,0.0,0.0,minyak zaitun,Low Carb
"Soto pemalang, masakan",1.70 g,75.0,3.6,3.5,5.2,0.0,0.0,0.0,3.49,6.0,1.08,7.76,0.0,0.0,0.0,0.0,0.0,0.0,0.0,0.0,"soto pemalang, masakan",Low Carb
"Beras giling, mentah",0.80 g,357.0,8.4,77.1,1.7,0.0,27.0,0.2,16.6,14.0,23.72,2.54,1.8,0.0,0.0,0.0,0.0,0.0,0.0,0.0,"beras giling, mentah",Low Sugar
"Gulai asam keueung, masakan",1.70 g,52.0,10.0,1.8,0.5,0.0,332.0,0.0,2.42,16.67,0.55,0.75,22.13,0.0,0.0,0.0,0.0,0.0,0.0,0.0,"gulai asam keueung, masakan",Low Carb
Pundut nasi,1.10 g,104.0,1.9,15.1,4.1,0.0,74.0,0.4,4.84,3.17,4.65,6.12,4.93,0.0,0.0,0.0,0.0,0.0,0.0,0.0,pundut nasi,Low Sugar
Vodka,0.46 g,43.0,0.46,3.55,0.0,0.0,0.0,0.0,2.0,0.77,1.09,0.0,0.0,0.0,0.0,1.0,2.0,2.0,0.0,0.0,vodka,Low Carb
Pop Ice Mangga,1 g,15.0,1.0,22.0,1.5,15.0,15.0,0.0,5.12,1.67,6.77,2.24,1.0,0.0,0.0,0.0,7.0,6.0,3.0,0.0,pop ice mangga,Healthy
Sardines dalam kaleng,3.80 g,338.0,21.1,1.0,27.0,0.0,0.0,0.0,15.72,35.17,0.31,40.3,0.0,0.0,0.0,0.0,0.0,0.0,0.0,0.0,sardines dalam kaleng,High protein
Ovomaltine,0.80 g,109.0,0.8,11.9,6.4,10.9,50.0,0.0,5.07,1.33,3.66,9.55,3.33,0.0,0.0,0.0,4.0,6.0,10.0,0.0,ovomaltine,Healthy
Susu kedelai,2 g,41.0,3.5,5.0,2.5,0.0,128.0,0.2,1.91,5.83,1.54,3.73,8.53,0.0,0.0,0.0,0.0,0.0,0.0,0.0,susu kedelai,Low Carb
Paku hinela wulelenggapaya,3.10 g,77.0,3.5,5.4,4.6,0.0,469.0,3.6,3.58,5.83,1.66,6.87,31.27,0.0,0.0,0.0,0.0,0.0,0.0,0.0,paku hinela wulelenggapaya,Low Carb
Keju greenfileds mozzarella,7 g,90.0,7.0,2.0,6.0,0.0,0.0,0.0,4.19,11.67,0.62,8.96,0.0,0.0,0.0,12.0,0.0,5.0,9.0,0.0,keju greenfileds mozzarella,Low Carb
Kratingdaeng Pro,0 g,120.0,0.0,27.0,0.0,27.0,0.0,0.0,5.58,0.0,8.31,0.0,0.0,0.0,0.0,0.0,9.0,6.0,0.0,0.0,kratingdaeng pro,Healthy
"Ikan Heu, segar",6.20 g,81.0,10.0,6.6,1.6,0.0,240.0,0.0,3.77,16.67,2.03,2.39,16.0,0.0,0.0,0.0,0.0,0.0,0.0,0.0,"ikan heu, segar",Low Carb
"Daun gandaria, segar",1.60 g,63.0,3.1,14.0,0.3,0.0,3.0,2.1,2.93,5.17,4.31,0.45,0.2,0.0,0.0,0.0,0.0,0.0,0.0,0.0,"daun gandaria, segar",Low Sugar
Sagu aren kering,0.80 g,355.0,0.6,85.6,1.1,0.0,2.0,0.3,16.51,1.0,26.34,1.64,0.13,0.0,0.0,0.0,0.0,0.0,0.0,0.0,sagu aren kering,Low Sugar
Ganyong rebus,1.10 g,100.0,0.8,23.8,0.2,0.0,0.0,0.9,4.65,1.33,7.32,0.3,0.0,0.0,0.0,0.0,0.0,0.0,0.0,0.0,ganyong rebus,Low Sugar
"Rendang sapi, masakan",3.80 g,193.0,22.6,7.8,7.9,0.0,0.0,0.0,8.98,37.67,2.4,11.79,0.0,0.0,0.0,0.0,0.0,0.0,0.0,0.0,"rendang sapi, masakan",High protein
Roma : Biskuit Kelapa,2 g,130.0,2.0,19.0,5.0,6.0,90.0,0.0,6.05,3.33,5.85,7.46,6.0,10.0,0.0,0.0,0.0,7.0,8.0,0.0,roma : biskuit kelapa,Healthy
Superco,1 g,80.0,1.0,13.0,3.0,4.0,80.0,0.0,3.72,1.67,4.0,4.48,5.33,8.0,6.0,0.0,0.0,0.0,5.0,0.0,superco,Low Sugar
Saus Sesame,1 g,100.0,1.0,4.0,9.0,0.0,260.0,0.0,4.65,1.67,1.23,13.43,17.33,8.0,18.0,0.0,0.0,0.0,14.0,0.0,saus sesame,Low Carb
Pepea oncom ampas tahu,1.50 g,76.0,5.2,10.6,1.8,0.0,0.0,2.2,3.53,8.67,3.26,2.69,0.0,0.0,0.0,0.0,0.0,0.0,0.0,0.0,pepea oncom ampas tahu,Low Sugar
Nissin Assorted Biscuits,1 g,45.0,1.0,18.0,5.0,7.0,60.0,1.0,5.58,1.67,5.54,7.46,4.0,0.0,0.0,0.0,6.0,6.0,8.0,0.0,nissin assorted biscuits,Healthy
So you minuman kedelai,4 g,100.0,4.0,15.0,2.5,11.0,0.0,0.0,4.65,6.67,4.62,3.73,0.0,0.0,0.0,7.0,5.0,5.0,0.0,0.0,so you minuman kedelai,Healthy
Sayur asem,0.80 g,29.0,0.7,5.0,0.6,0.0,0.0,0.6,1.35,1.17,1.54,0.9,0.0,0.0,0.0,0.0,0.0,0.0,0.0,0.0,sayur asem,Low Carb
Lamtoro var. gung tanpa kulit,4.40 g,367.0,46.4,32.5,5.4,0.0,65.0,2.6,17.07,77.33,10.0,8.06,4.33,0.0,0.0,0.0,0.0,0.0,0.0,0.0,lamtoro var. gung tanpa kulit,High protein
"Ikan Bambangan, segar",1.30 g,112.0,20.0,3.7,1.3,0.0,148.0,0.0,5.21,33.33,1.14,1.94,9.87,0.0,0.0,0.0,0.0,0.0,0.0,0.0,"ikan bambangan, segar",High protein
Khong guan Saltcheese,0 g,80.0,1.0,10.0,4.0,2.0,0.0,0.0,3.72,1.67,3.08,5.97,0.0,0.0,0.0,0.0,4.0,4.0,6.0,0.0,khong guan saltcheese,Low Carb
Tauco,6.90 g,184.0,11.4,22.2,5.5,0.0,1766.0,1.9,8.56,19.0,6.83,8.21,117.73,0.0,0.0,0.0,0.0,0.0,0.0,0.0,tauco,Low Sugar
"Anak sapi, daging, kurus,segar",1.40 g,174.0,19.6,0.0,10.0,0.0,96.0,0.0,8.09,32.67,0.0,14.93,6.4,0.0,0.0,0.0,0.0,0.0,0.0,0.0,"anak sapi, daging, kurus,segar",High protein
Saladstop Cobb,6.40 g,538.0,34.0,20.1,35.3,6.4,785.6,6.4,25.02,56.67,6.18,52.69,52.37,0.0,0.0,57.0,0.0,0.0,53.0,0.0,saladstop cobb,High protein
SOESNACK CHEESE,1 g,45.0,1.0,3.0,3.5,0.0,35.0,0.0,2.09,1.67,0.92,5.22,2.33,0.0,3.0,0.0,0.0,3.0,6.0,0.0,soesnack cheese,Low Carb
"Batatas kelapa, ubi, segar",0.70 g,89.0,1.1,21.0,0.1,0.0,20.0,4.0,4.14,1.83,6.46,0.15,1.33,0.0,0.0,0.0,0.0,0.0,0.0,0.0,"batatas kelapa, ubi, segar",Low Sugar
Vigus,1.20 g,44.0,2.4,8.3,0.1,0.0,2.0,0.0,2.05,4.0,2.55,0.15,0.13,0.0,0.0,0.0,0.0,0.0,0.0,0.0,vigus,Low Carb
"Sapi, daging, sosis (Worst)",3.30 g,448.0,14.5,2.3,42.3,0.0,765.0,0.0,20.84,24.17,0.71,63.13,51.0,0.0,0.0,0.0,0.0,0.0,0.0,0.0,"sapi, daging, sosis (worst)",Low Carb
permen xylitol jeruk nipis,0 g,10.0,0.0,2.0,0.0,0.0,0.0,0.0,0.47,0.0,0.62,0.0,0.0,0.0,0.0,0.0,1.0,1.0,0.0,0.0,permen xylitol jeruk nipis,Low Carb
Taoge goreng,1.50 g,88.0,3.2,14.0,2.1,0.0,0.0,0.7,4.09,5.33,4.31,3.13,0.0,0.0,0.0,0.0,0.0,0.0,0.0,0.0,taoge goreng,Low Sugar
Sariroti Sandwich pandan sarikaya,1 g,110.0,2.0,19.0,2.5,4.0,180.0,1.0,5.12,3.33,5.85,3.73,12.0,0.0,12.0,0.0,6.0,6.0,0.0,0.0,sariroti sandwich pandan sarikaya,Low Sugar
Garlic parmesan (classic wings),1 g,206.0,16.0,1.0,15.0,0.0,0.0,1.0,9.58,26.67,0.31,22.39,0.0,0.0,0.0,27.0,0.0,10.0,23.0,0.0,garlic parmesan (classic wings),High protein
"Sapi, hati, sosis (Leverworst)",2.40 g,274.0,16.0,3.0,22.0,0.0,654.0,2.3,12.74,26.67,0.92,32.84,43.6,0.0,0.0,0.0,0.0,0.0,0.0,0.0,"sapi, hati, sosis (leverworst)",High protein
Monde Serena Egg Rolls Original,1 g,45.0,1.0,8.0,5.0,4.0,10.0,1.0,3.72,1.67,2.46,7.46,0.67,13.0,0.0,0.0,0.0,0.0,8.0,0.0,monde serena egg rolls original,Low Carb
You C1000 Lemon Water,0 g,150.0,0.0,37.0,0.0,37.0,60.0,0.0,6.98,0.0,11.38,0.0,4.0,0.0,0.0,0.0,12.0,7.0,0.0,0.0,you c1000 lemon water,Healthy
Gery Saluut Malkist,2 g,130.0,2.0,19.0,5.0,5.0,0.0,0.0,6.05,3.33,5.85,7.46,0.0,0.0,0.0,0.0,6.0,7.0,8.0,0.0,gery saluut malkist,Low Sugar
quaker instan oatmeal,4 g,140.0,4.0,24.0,3.5,0.0,0.0,0.0,6.51,6.67,7.38,5.22,0.0,0.0,0.0,7.0,8.0,7.0,0.0,0.0,quaker instan oatmeal,Low Sugar
Koro wedus / polong,0.80 g,46.0,3.0,7.9,0.3,0.0,2.0,3.3,2.14,5.0,2.43,0.45,0.13,0.0,0.0,0.0,0.0,0.0,0.0,0.0,koro wedus / polong,Low Carb
Sirup Sunquick Exotic,0 g,45.0,0.0,11.0,0.0,11.0,0.0,0.0,2.09,0.0,3.38,0.0,0.0,0.0,0.0,0.0,4.0,3.0,0.0,0.0,sirup sunquick exotic,Healthy
Bubur tinotuan (Manado),1 g,156.0,2.3,15.6,0.2,0.0,486.0,8.2,7.26,3.83,4.8,0.3,32.4,0.0,0.0,0.0,0.0,0.0,0.0,0.0,bubur tinotuan (manado),Low Sugar
Tony roma's,72 g,1001.0,72.0,1.0,76.0,0.0,0.0,0.0,46.56,120.0,0.31,113.43,0.0,0.0,0.0,120.0,0.0,47.0,114.0,0.0,tony roma's,High protein
Frisian flag full cream,7 g,140.0,7.0,13.0,7.0,11.0,100.0,0.0,6.51,11.67,4.0,10.45,6.67,0.0,7.0,12.0,0.0,0.0,11.0,0.0,frisian flag full cream,Healthy
Pop Ice flavour strawberry,1 g,20.0,1.0,22.0,2.0,19.0,35.0,0.0,5.12,1.67,6.77,2.99,2.33,0.0,0.0,0.0,7.0,6.0,3.0,0.0,pop ice flavour strawberry,Healthy
Teajus Madu,0 g,30.0,0.0,7.0,0.0,7.0,5.0,0.0,1.4,0.0,2.15,0.0,0.33,0.0,1.0,0.0,3.0,2.0,0.0,0.0,teajus madu,Low Carb
KitKat,1 g,90.0,1.0,10.0,5.0,0.0,15.0,0.0,4.19,1.67,3.08,7.46,1.0,0.0,0.0,0.0,4.0,5.0,8.0,0.0,kitkat,Low Carb
"Daun semanggi, segar",1.90 g,45.0,4.4,8.5,0.5,0.0,64.0,1.9,2.09,7.33,2.62,0.75,4.27,0.0,0.0,0.0,0.0,0.0,0.0,0.0,"daun semanggi, segar",Low Carb
Saus Hoisin,1 g,100.0,1.0,22.0,0.5,21.0,0.0,1.0,4.65,1.67,6.77,0.75,0.0,0.0,0.0,0.0,7.0,5.0,0.0,4.0,saus hoisin,Healthy
Keddo bodong,1 g,290.0,4.6,55.2,5.7,0.0,0.0,0.0,13.49,7.67,16.98,8.51,0.0,0.0,0.0,0.0,0.0,0.0,0.0,0.0,keddo bodong,Low Sugar
"Buah negri, segar",0.80 g,55.0,1.2,12.2,0.1,0.0,10.0,5.2,2.56,2.0,3.75,0.15,0.67,0.0,0.0,0.0,0.0,0.0,0.0,0.0,"buah negri, segar",Low Sugar
"Beras, tapai",0.10 g,99.0,1.7,22.4,0.3,0.0,26.0,0.0,4.6,2.83,6.89,0.45,1.73,0.0,0.0,0.0,0.0,0.0,0.0,0.0,"beras, tapai",Low Sugar
Rempeyek kacang tolo,2.80 g,451.0,11.2,59.7,20.2,0.0,0.0,1.8,20.98,18.67,18.37,30.15,0.0,0.0,0.0,0.0,0.0,0.0,0.0,0.0,rempeyek kacang tolo,Low Sugar
Quiznos Black angus steakhouse,4 g,780.0,47.0,88.0,27.0,19.0,0.0,4.0,36.28,78.33,27.08,40.3,0.0,0.0,0.0,79.0,0.0,37.0,41.0,0.0,quiznos black angus steakhouse,High protein
Kerupuk mie kuning goreng,0.30 g,476.0,0.1,71.3,21.1,0.0,0.0,4.2,22.14,0.17,21.94,31.49,0.0,0.0,0.0,0.0,0.0,0.0,0.0,0.0,kerupuk mie kuning goreng,Low Sugar
Permen Fisherman's friend original,0 g,0.0,0.0,0.0,0.0,0.0,0.0,0.0,0.0,0.0,0.0,0.0,0.0,0.0,0.0,0.0,0.0,0.0,0.0,0.0,permen fisherman's friend original,Low Carb
"Sante, talas, segar",0.40 g,353.0,0.7,84.7,0.2,0.0,30.0,6.6,16.42,1.17,26.06,0.3,2.0,0.0,0.0,0.0,0.0,0.0,0.0,0.0,"sante, talas, segar",Low Sugar
Es krim,0.80 g,210.0,4.0,20.6,12.5,0.0,78.0,0.0,9.77,6.67,6.34,18.66,5.2,0.0,0.0,0.0,0.0,0.0,0.0,0.0,es krim,Low Sugar
Tepung singkong / Tapioka,1.10 g,363.0,1.1,88.2,0.5,0.0,1.0,0.9,16.88,1.83,27.14,0.75,0.07,0.0,0.0,0.0,0.0,0.0,0.0,0.0,tepung singkong / tapioka,Low Sugar
"Durian, segar",8 g,134.0,2.5,28.0,3.0,0.0,1.0,3.5,6.23,4.17,8.62,4.48,0.07,0.0,0.0,0.0,0.0,0.0,0.0,0.0,"durian, segar",Low Sugar
"Buah atung, segar",1.80 g,23.0,0.8,5.2,0.2,0.0,0.0,0.0,1.07,1.33,1.6,0.3,0.0,0.0,0.0,0.0,0.0,0.0,0.0,0.0,"buah atung, segar",Low Carb
Kue lumpur,1.10 g,291.0,3.6,44.1,11.1,0.0,0.0,0.0,13.53,6.0,13.57,16.57,0.0,0.0,0.0,0.0,0.0,0.0,0.0,0.0,kue lumpur,Low Sugar
Sedaap Tasty bakmi ayam,7 g,590.0,15.0,84.0,22.0,6.0,810.0,7.0,27.44,25.0,25.85,32.84,54.0,45.0,54.0,0.0,0.0,0.0,33.0,0.0,sedaap tasty bakmi ayam,High protein
Shabu-shabu,0.90 g,88.0,3.2,0.8,8.0,0.0,514.0,0.9,4.09,5.33,0.25,11.94,34.27,0.0,0.0,0.0,0.0,0.0,0.0,0.0,shabu-shabu,Low Carb
"Labu air, segar",0.40 g,19.0,0.6,3.8,0.2,0.0,2.0,0.6,0.88,1.0,1.17,0.3,0.13,0.0,0.0,0.0,0.0,0.0,0.0,0.0,"labu air, segar",Low Carb
"Buah nona, segar",1 g,101.0,1.7,25.2,0.6,0.0,5.0,2.8,4.7,2.83,7.75,0.9,0.33,0.0,0.0,0.0,0.0,0.0,0.0,0.0,"buah nona, segar",Low Sugar
"Jeruk ragi, segar",0.40 g,49.0,0.7,11.1,0.2,0.0,4.0,0.5,2.28,1.17,3.42,0.3,0.27,0.0,0.0,0.0,0.0,0.0,0.0,0.0,"jeruk ragi, segar",Low Sugar
Susu greenfields full cream,1 g,160.0,8.0,12.0,9.0,7.0,0.0,1.0,7.44,13.33,3.69,13.43,0.0,0.0,0.0,14.0,0.0,8.0,14.0,0.0,susu greenfields full cream,Snack
Kobe Tepung Bumbu Serbaguna Special,1 g,0.0,2.0,13.0,0.0,0.0,450.0,1.0,2.79,3.33,4.0,0.0,30.0,0.0,30.0,4.0,4.0,0.0,0.0,0.0,kobe tepung bumbu serbaguna special,Low Sugar
Auntie anne sour cream and onion pretzel,2 g,360.0,9.0,68.0,5.0,12.0,0.0,2.0,16.74,15.0,20.92,7.46,0.0,0.0,0.0,15.0,21.0,17.0,0.0,0.0,auntie anne sour cream and onion pretzel,Snack
"Tinoransa, masakan",1.20 g,516.0,17.7,0.0,49.5,0.0,1307.0,0.0,24.0,29.5,0.0,73.88,87.13,0.0,0.0,0.0,0.0,0.0,0.0,0.0,"tinoransa, masakan",High protein
Roti putih / roti tawar,0.80 g,248.0,8.0,50.0,1.2,0.0,530.0,9.1,11.53,13.33,15.38,1.79,35.33,0.0,0.0,0.0,0.0,0.0,0.0,0.0,roti putih / roti tawar,Low Sugar
"Daun lompong talas, segar",1.60 g,44.0,3.0,7.4,0.8,0.0,3.0,3.3,2.05,5.0,2.28,1.19,0.2,0.0,0.0,0.0,0.0,0.0,0.0,0.0,"daun lompong talas, segar",Low Carb
prenagen esensis susu bubuk rasa moka,7 g,150.0,7.0,29.0,1.0,0.0,110.0,0.0,6.98,11.67,8.92,1.49,7.33,0.0,8.0,12.0,9.0,0.0,0.0,0.0,prenagen esensis susu bubuk rasa moka,Low Sugar
BANGO kecap manis (400 ml),0 g,60.0,0.0,15.0,0.0,13.0,400.0,0.0,2.79,0.0,4.62,0.0,26.67,0.0,27.0,0.0,5.0,3.0,0.0,0.0,bango kecap manis (400 ml),Healthy
Gulai pliek,2.70 g,176.0,7.3,3.2,14.9,0.0,257.0,0.0,8.19,12.17,0.98,22.24,17.13,0.0,0.0,0.0,0.0,0.0,0.0,0.0,gulai pliek,Low Carb
Kacang hijau rebus,1.20 g,109.0,8.7,18.3,0.5,0.0,447.0,1.5,5.07,14.5,5.63,0.75,29.8,0.0,0.0,0.0,0.0,0.0,0.0,0.0,kacang hijau rebus,Low Sugar
Gendar goreng,3 g,407.0,6.4,32.0,28.2,0.0,0.0,0.1,18.93,10.67,9.85,42.09,0.0,0.0,0.0,0.0,0.0,0.0,0.0,0.0,gendar goreng,Low Sugar
Nestle air minum,0 g,0.0,0.0,0.0,0.0,0.0,0.0,0.0,0.0,0.0,0.0,0.0,0.0,0.0,0.0,0.0,0.0,0.0,0.0,0.0,nestle air minum,Low Carb
Dancow FortiGro rasa vanilla,5 g,50.0,5.0,14.0,6.0,11.0,90.0,0.0,5.58,8.33,4.31,8.96,6.0,15.0,0.0,9.0,0.0,0.0,9.0,0.0,dancow fortigro rasa vanilla,Healthy
Keju kraft quick melt,5 g,100.0,5.0,4.0,7.0,1.0,0.0,0.0,4.65,8.33,1.23,10.45,0.0,0.0,0.0,9.0,0.0,5.0,11.0,0.0,keju kraft quick melt,Low Carb
Haverjoy,8 g,140.0,3.0,25.0,3.5,0.0,0.0,8.0,6.51,5.0,7.69,5.22,0.0,0.0,0.0,0.0,8.0,7.0,0.0,27.0,haverjoy,Low Sugar
Hydromama,0 g,0.0,0.0,18.0,0.0,15.0,85.0,0.0,0.0,0.0,5.54,0.0,5.67,0.0,6.0,0.0,6.0,0.0,0.0,0.0,hydromama,Healthy
"Maizena, tepung",0.70 g,341.0,0.3,85.0,0.0,0.0,6.0,7.0,15.86,0.5,26.15,0.0,0.4,0.0,0.0,0.0,0.0,0.0,0.0,0.0,"maizena, tepung",Low Sugar
Biskuit Serena broniz,1 g,100.0,2.0,13.0,5.0,7.0,0.0,1.0,4.65,3.33,4.0,7.46,0.0,0.0,0.0,0.0,4.0,5.0,8.0,0.0,biskuit serena broniz,Healthy
Pop Mie Goreng Pedas Gledek,6 g,370.0,6.0,45.0,18.0,0.0,930.0,0.0,17.21,10.0,13.85,26.87,62.0,0.0,62.0,0.0,0.0,18.0,27.0,0.0,pop mie goreng pedas gledek,Low Sugar
Pop Mie PAKE NASI,7 g,350.0,7.0,48.0,15.0,0.0,1370.0,0.0,16.28,11.67,14.77,22.39,91.33,0.0,92.0,0.0,0.0,17.0,23.0,0.0,pop mie pake nasi,Low Sugar
"Kacang beracun, segar",0.40 g,118.0,4.4,21.6,1.5,0.0,10.0,0.0,5.49,7.33,6.65,2.24,0.67,0.0,0.0,0.0,0.0,0.0,0.0,0.0,"kacang beracun, segar",Low Sugar
Yoshinoya Veggie beef bowl (Reguler bowl),5 g,650.0,24.0,95.0,20.0,4.0,0.0,5.0,30.23,40.0,29.23,29.85,0.0,0.0,0.0,40.0,0.0,31.0,30.0,0.0,yoshinoya veggie beef bowl (reguler bowl),High protein
SOYJOY FRUIT SOY BAR STRAWBERRY,3 g,40.0,4.0,19.0,4.5,11.0,30.0,3.0,6.05,6.67,5.85,6.72,2.0,10.0,0.0,0.0,0.0,0.0,7.0,10.0,soyjoy fruit soy bar strawberry,Healthy
Teajus Rasa Lemon,0 g,0.0,0.0,6.0,0.0,5.0,0.0,0.0,1.16,0.0,1.85,0.0,0.0,0.0,0.0,0.0,2.0,2.0,0.0,0.0,teajus rasa lemon,Low Carb
Nasi gemuk,1.60 g,192.0,3.8,24.4,8.8,0.0,355.0,0.7,8.93,6.33,7.51,13.13,23.67,0.0,0.0,0.0,0.0,0.0,0.0,0.0,nasi gemuk,Low Sugar
Frisian flag coconut delight,6 g,160.0,6.0,25.0,5.0,14.0,95.0,0.0,7.44,10.0,7.69,7.46,6.33,0.0,0.0,10.0,8.0,0.0,8.0,0.0,frisian flag coconut delight,Snack
"Gudeg,sayur",2.10 g,160.0,3.3,16.0,9.2,0.0,0.0,2.3,7.44,5.5,4.92,13.73,0.0,0.0,0.0,0.0,0.0,0.0,0.0,0.0,"gudeg,sayur",Low Sugar
Bumbu Nasi Goreng Royco,0 g,10.0,0.0,2.0,0.0,0.0,520.0,0.0,0.47,0.0,0.62,0.0,34.67,0.0,35.0,0.0,1.0,1.0,0.0,0.0,bumbu nasi goreng royco,Low Carb
Sarden abc extra pedas,9 g,5.0,9.0,3.0,1.0,0.0,260.0,0.0,0.23,15.0,0.92,1.49,17.33,0.0,18.0,15.0,0.0,0.0,0.0,0.0,sarden abc extra pedas,Low Carb
"Ketan, ketupat",0.90 g,212.0,4.0,38.6,4.6,0.0,0.0,0.2,9.86,6.67,11.88,6.87,0.0,0.0,0.0,0.0,0.0,0.0,0.0,0.0,"ketan, ketupat",Low Sugar
Gowell sereal & susu rasa taro,2 g,120.0,2.0,23.0,2.5,0.0,165.0,0.0,5.58,3.33,7.08,3.73,11.0,0.0,11.0,0.0,8.0,6.0,0.0,0.0,gowell sereal & susu rasa taro,Low Sugar
Subway spicy italian sandwich,3 g,470.0,19.0,43.0,24.0,6.0,0.0,3.0,21.86,31.67,13.23,35.82,0.0,0.0,0.0,32.0,0.0,22.0,36.0,0.0,subway spicy italian sandwich,High protein
Srikaya,1.10 g,63.0,1.1,13.9,0.5,0.0,0.0,2.1,2.93,1.83,4.28,0.75,0.0,0.0,0.0,0.0,0.0,0.0,0.0,0.0,srikaya,Low Sugar
"Markisa, segar",0.80 g,144.0,3.5,29.8,1.2,0.0,37.0,11.4,6.7,5.83,9.17,1.79,2.47,0.0,0.0,0.0,0.0,0.0,0.0,0.0,"markisa, segar",Low Sugar
Kacang kapri segar,0.90 g,98.0,6.7,17.7,0.4,0.0,6.0,6.2,4.56,11.17,5.45,0.6,0.4,0.0,0.0,0.0,0.0,0.0,0.0,0.0,kacang kapri segar,Low Sugar
"Kapri muda, segar",0.70 g,45.0,3.3,9.0,0.2,0.0,2.0,1.8,2.09,5.5,2.77,0.3,0.13,0.0,0.0,0.0,0.0,0.0,0.0,0.0,"kapri muda, segar",Low Carb
Cadbury Dairy Milk,2 g,160.0,2.0,18.0,2.0,15.0,0.0,0.0,7.44,3.33,5.54,2.99,0.0,0.0,0.0,4.0,6.0,8.0,0.0,0.0,cadbury dairy milk,Snack
Coklat Delfi dairy milk,2 g,150.0,2.0,15.0,9.0,12.0,0.0,0.0,6.98,3.33,4.62,13.43,0.0,0.0,0.0,0.0,5.0,7.0,14.0,0.0,coklat delfi dairy milk,Healthy
"Pencok lele, masakan",4.90 g,372.0,7.8,3.5,36.3,0.0,0.0,0.0,17.3,13.0,1.08,54.18,0.0,0.0,0.0,0.0,0.0,0.0,0.0,0.0,"pencok lele, masakan",Low Carb
"Daun bangun-bangun, segar",1.60 g,27.0,1.3,4.0,0.6,0.0,4.0,1.0,1.26,2.17,1.23,0.9,0.27,0.0,0.0,0.0,0.0,0.0,0.0,0.0,"daun bangun-bangun, segar",Low Carb
"Daun bawang merah, segar",0.80 g,41.0,2.0,7.8,0.3,0.0,30.0,2.1,1.91,3.33,2.4,0.45,2.0,0.0,0.0,0.0,0.0,0.0,0.0,0.0,"daun bawang merah, segar",Low Carb
"Daun belem, segar",1.80 g,50.0,4.4,7.8,1.4,0.0,0.0,1.9,2.33,7.33,2.4,2.09,0.0,0.0,0.0,0.0,0.0,0.0,0.0,0.0,"daun belem, segar",Low Carb
"Daun singkong kopang, segar",1.20 g,74.0,6.3,10.7,0.7,0.0,32.0,4.6,3.44,10.5,3.29,1.04,2.13,0.0,0.0,0.0,0.0,0.0,0.0,0.0,"daun singkong kopang, segar",Low Sugar
"Mangga kopek, segar",0.30 g,56.0,0.4,14.6,0.2,0.0,2.0,2.0,2.6,0.67,4.49,0.3,0.13,0.0,0.0,0.0,0.0,0.0,0.0,0.0,"mangga kopek, segar",Low Sugar
"Pisang mas bali kopang, segar",2.40 g,127.0,1.4,31.8,0.2,0.0,43.0,3.7,5.91,2.33,9.78,0.3,2.87,0.0,0.0,0.0,0.0,0.0,0.0,0.0,"pisang mas bali kopang, segar",Low Sugar
Yoshinoya Beef bowl (Reguler bowl),3 g,730.0,30.0,91.0,27.0,5.0,0.0,3.0,33.95,50.0,28.0,40.3,0.0,0.0,0.0,50.0,0.0,34.0,41.0,0.0,yoshinoya beef bowl (reguler bowl),High protein
Yoshinoya Teriyaki (Reguler bowl),5 g,790.0,48.0,110.0,18.0,16.0,0.0,5.0,36.74,80.0,33.85,26.87,0.0,0.0,0.0,80.0,34.0,37.0,0.0,0.0,yoshinoya teriyaki (reguler bowl),High protein
Chatime milk tea(no sugar),1.50 g,142.0,1.5,5.0,13.0,1.0,0.0,0.0,6.6,2.5,1.54,19.4,0.0,0.0,0.0,3.0,0.0,7.0,20.0,0.0,chatime milk tea(no sugar),Low Carb
"Sapi, usus, segar",0.60 g,126.0,14.0,1.5,7.2,0.0,0.0,0.0,5.86,23.33,0.46,10.75,0.0,0.0,0.0,0.0,0.0,0.0,0.0,0.0,"sapi, usus, segar",Low Carb
"Ayam, usus, goreng",10.10 g,473.0,45.2,13.9,26.3,0.0,0.0,0.0,22.0,75.33,4.28,39.25,0.0,0.0,0.0,0.0,0.0,0.0,0.0,0.0,"ayam, usus, goreng",High protein
"Sapi, daging, lemak, sedang, segar",1.20 g,201.0,18.8,0.0,14.0,0.0,105.0,0.0,9.35,31.33,0.0,20.9,7.0,0.0,0.0,0.0,0.0,0.0,0.0,0.0,"sapi, daging, lemak, sedang, segar",High protein
"Sereal ENERGEN ""Kacang Hijau""",1 g,25.0,2.0,24.0,3.0,16.0,70.0,1.0,6.05,3.33,7.38,4.48,4.67,5.0,0.0,0.0,8.0,7.0,0.0,0.0,"sereal energen ""kacang hijau""",Healthy
Energen Oat milk,2 g,100.0,3.0,16.0,2.0,1.0,0.0,2.0,4.65,5.0,4.92,2.99,0.0,0.0,0.0,5.0,5.0,0.0,0.0,7.0,energen oat milk,Low Sugar
"Sop saudara, masakan",1.50 g,89.0,7.2,3.9,5.0,0.0,274.0,0.0,4.14,12.0,1.2,7.46,18.27,0.0,0.0,0.0,0.0,0.0,0.0,0.0,"sop saudara, masakan",Low Carb
Saus sambal,0 g,27.0,0.0,6.7,0.0,6.5,0.0,0.0,1.26,0.0,2.06,0.0,0.0,0.0,0.0,0.0,3.0,2.0,0.0,0.0,saus sambal,Low Carb
Saus tomat,0.18 g,17.0,0.18,4.66,0.02,3.62,0.0,0.0,0.79,0.3,1.43,0.03,0.0,0.0,0.0,1.0,2.0,1.0,0.0,0.0,saus tomat,Low Carb
Saus Teriyaki,0 g,15.0,0.0,4.0,0.0,3.0,0.0,0.0,0.7,0.0,1.23,0.0,0.0,0.0,0.0,0.0,2.0,1.0,0.0,0.0,saus teriyaki,Low Carb
"Jagung muda / semi, segar",0.80 g,35.0,2.2,7.4,0.1,0.0,353.0,1.9,1.63,3.67,2.28,0.15,23.53,0.0,0.0,0.0,0.0,0.0,0.0,0.0,"jagung muda / semi, segar",Low Carb
"Kesemek, segar",0.60 g,78.0,0.8,20.0,0.4,0.0,0.0,0.6,3.63,1.33,6.15,0.6,0.0,0.0,0.0,0.0,0.0,0.0,0.0,0.0,"kesemek, segar",Low Sugar
Chatime milk tea,1.50 g,302.0,1.5,44.5,13.0,39.5,0.0,0.0,14.05,2.5,13.69,19.4,0.0,0.0,0.0,0.0,14.0,15.0,20.0,0.0,chatime milk tea,Snack
Chatime mango smoothie,0.50 g,228.0,0.5,55.5,0.5,54.0,0.0,0.0,10.6,0.83,17.08,0.75,0.0,0.0,0.0,1.0,18.0,11.0,0.0,0.0,chatime mango smoothie,Snack
Chatime matcha red bean smoothie,4.50 g,384.0,4.5,67.0,10.5,58.0,0.0,0.0,17.86,7.5,20.62,15.67,0.0,0.0,0.0,0.0,21.0,18.0,16.0,0.0,chatime matcha red bean smoothie,Snack
"Buah rukam, segar",0.80 g,113.0,0.8,26.8,0.3,0.0,2.0,7.7,5.26,1.33,8.25,0.45,0.13,0.0,0.0,0.0,0.0,0.0,0.0,0.0,"buah rukam, segar",Low Sugar
Daging kambing (segar),3.90 g,149.0,16.6,0.0,9.2,0.0,96.0,0.0,6.93,27.67,0.0,13.73,6.4,0.0,0.0,0.0,0.0,0.0,0.0,0.0,daging kambing (segar),High protein
Gulai kambing,1.80 g,126.0,4.2,6.2,9.4,0.0,302.0,0.0,5.86,7.0,1.91,14.03,20.13,0.0,0.0,0.0,0.0,0.0,0.0,0.0,gulai kambing,Low Carb
"Sop kambing, masakan",1 g,34.0,5.5,1.1,0.8,0.0,348.0,0.0,1.58,9.17,0.34,1.19,23.2,0.0,0.0,0.0,0.0,0.0,0.0,0.0,"sop kambing, masakan",Low Carb
Kacang tanah sari,2.60 g,561.0,25.5,26.0,43.8,0.0,0.0,2.2,26.09,42.5,8.0,65.37,0.0,0.0,0.0,0.0,0.0,0.0,0.0,0.0,kacang tanah sari,High protein
"Saridele, bubuk",4 g,344.0,30.0,43.0,20.0,0.0,56.0,6.2,16.0,50.0,13.23,29.85,3.73,0.0,0.0,0.0,0.0,0.0,0.0,0.0,"saridele, bubuk",High protein
Tempe pasar,0.90 g,150.0,14.0,9.1,7.7,0.0,7.0,1.4,6.98,23.33,2.8,11.49,0.47,0.0,0.0,0.0,0.0,0.0,0.0,0.0,tempe pasar,Low Carb
Diabetasol (vanilla malt),3 g,170.0,8.0,26.0,4.0,0.0,0.0,3.0,7.91,13.33,8.0,5.97,0.0,0.0,0.0,14.0,8.0,0.0,0.0,10.0,diabetasol (vanilla malt),Low Sugar
"Ayam goreng pasundan, paha",2.50 g,245.0,33.1,0.3,11.4,0.0,0.0,0.0,11.4,55.17,0.09,17.01,0.0,0.0,0.0,0.0,0.0,0.0,0.0,0.0,"ayam goreng pasundan, paha",High protein
"Ayam goreng pasundan, dada",2.30 g,246.0,37.9,0.7,9.0,0.0,0.0,0.0,11.44,63.17,0.22,13.43,0.0,0.0,0.0,0.0,0.0,0.0,0.0,0.0,"ayam goreng pasundan, dada",High protein
Minyak wijen,0 g,881.0,0.2,0.0,99.7,0.0,2.0,0.0,40.98,0.33,0.0,148.81,0.13,0.0,0.0,0.0,0.0,0.0,0.0,0.0,minyak wijen,Low Carb
Indomie soto padang,6 g,330.0,8.0,44.0,14.0,0.0,0.0,6.0,15.35,13.33,13.54,20.9,0.0,0.0,0.0,0.0,0.0,16.0,21.0,20.0,indomie soto padang,Low Sugar
Batatas kelapa bakar,0.70 g,110.0,1.4,23.4,1.1,0.0,12.0,4.5,5.12,2.33,7.2,1.64,0.8,0.0,0.0,0.0,0.0,0.0,0.0,0.0,batatas kelapa bakar,Low Sugar
Selai Nutella,2 g,200.0,2.0,23.0,12.0,0.0,0.0,0.0,9.3,3.33,7.08,17.91,0.0,0.0,0.0,0.0,8.0,10.0,18.0,0.0,selai nutella,Low Sugar
Peanut,8.50 g,567.0,25.8,16.13,49.24,0.0,0.0,8.5,26.37,43.0,4.96,73.49,0.0,0.0,0.0,0.0,0.0,0.0,0.0,0.0,peanut,High protein
Kacang walnut,6.70 g,654.0,15.23,13.71,65.21,0.0,0.0,6.7,30.42,25.38,4.22,97.33,0.0,0.0,0.0,0.0,0.0,0.0,0.0,0.0,kacang walnut,High protein
"Langsat, segar",0.50 g,56.0,0.9,14.3,0.2,0.0,1.0,1.4,2.6,1.5,4.4,0.3,0.07,0.0,0.0,0.0,0.0,0.0,0.0,0.0,"langsat, segar",Low Sugar
Bubur sagu,0.30 g,167.0,0.2,33.0,4.0,0.0,7.0,0.0,7.77,0.33,10.15,5.97,0.47,0.0,0.0,0.0,0.0,0.0,0.0,0.0,bubur sagu,Low Sugar
"Burung, sarang, segar",5.30 g,281.0,37.5,32.1,0.3,0.0,0.0,0.0,13.07,62.5,9.88,0.45,0.0,0.0,0.0,0.0,0.0,0.0,0.0,0.0,"burung, sarang, segar",High protein
Promina smooth kacang hijau,8 g,210.0,8.0,35.0,4.5,0.0,150.0,0.0,9.77,13.33,10.77,6.72,10.0,0.0,10.0,14.0,11.0,0.0,0.0,0.0,promina smooth kacang hijau,Low Sugar
Prunes (kering),7.10 g,240.0,2.18,63.88,0.38,0.0,0.0,7.1,11.16,3.63,19.66,0.57,0.0,0.0,0.0,0.0,0.0,0.0,0.0,0.0,prunes (kering),Low Sugar
Minyak ikan,0 g,902.0,0.0,0.0,100.0,0.0,0.0,0.0,41.95,0.0,0.0,149.25,0.0,0.0,0.0,0.0,0.0,0.0,0.0,0.0,minyak ikan,Low Carb
Minyak kacang tanah,0 g,902.0,0.0,0.0,100.0,0.0,0.0,0.0,41.95,0.0,0.0,149.25,0.0,0.0,0.0,0.0,0.0,0.0,0.0,0.0,minyak kacang tanah,Low Carb
Salak pondoh,0.80 g,87.0,0.8,20.1,0.4,0.0,0.0,0.0,4.05,1.33,6.18,0.6,0.0,0.0,0.0,0.0,0.0,0.0,0.0,0.0,salak pondoh,Low Sugar
"Almond, kacang Almond",9.70 g,613.0,19.3,16.13,54.84,0.0,710.0,9.7,28.51,32.17,4.96,81.85,47.33,0.0,0.0,0.0,0.0,0.0,0.0,0.0,"almond, kacang almond",High protein
"Chikiniku, masakan",0.60 g,143.0,9.8,22.8,1.4,0.0,531.0,0.4,6.65,16.33,7.02,2.09,35.4,0.0,0.0,0.0,0.0,0.0,0.0,0.0,"chikiniku, masakan",Low Sugar
Lumpia Sayur,0.60 g,63.0,1.99,7.44,2.84,0.75,207.0,0.6,2.93,3.32,2.29,4.24,13.8,0.0,14.0,0.0,0.0,0.0,5.0,0.0,lumpia sayur,Low Carb
Lumpia ayam,0.50 g,65.0,3.03,7.12,2.61,0.37,124.0,0.5,3.02,5.05,2.19,3.9,8.27,0.0,9.0,6.0,0.0,0.0,0.0,0.0,lumpia ayam,Low Carb
Hokben Bento special 1,24.20 g,612.0,24.2,74.8,23.6,0.0,0.0,0.0,28.47,40.33,23.02,35.22,0.0,0.0,0.0,41.0,0.0,29.0,36.0,0.0,hokben bento special 1,High protein
Hokben paket B,26.30 g,522.0,26.3,52.8,22.4,0.0,0.0,0.0,24.28,43.83,16.25,33.43,0.0,0.0,0.0,44.0,0.0,25.0,34.0,0.0,hokben paket b,High protein
Hoka hemat 4,20.30 g,413.0,20.3,47.2,15.3,0.0,0.0,0.0,19.21,33.83,14.52,22.84,0.0,0.0,0.0,34.0,0.0,20.0,23.0,0.0,hoka hemat 4,High protein
Hokben Paket C,35.40 g,625.0,35.4,64.0,24.1,0.0,0.0,0.0,29.07,59.0,19.69,35.97,0.0,0.0,0.0,59.0,0.0,30.0,36.0,0.0,hokben paket c,High protein
"Tekwan, masakan",1.10 g,53.0,1.9,9.4,0.9,0.0,173.6,0.0,2.47,3.17,2.89,1.34,11.57,0.0,0.0,0.0,0.0,0.0,0.0,0.0,"tekwan, masakan",Low Carb
Kwark / Bagot,2 g,242.0,19.0,3.0,17.0,0.0,37.0,0.0,11.26,31.67,0.92,25.37,2.47,0.0,0.0,0.0,0.0,0.0,0.0,0.0,kwark / bagot,High protein
"Sawi hijau, segar",1.20 g,28.0,2.3,4.0,0.3,0.0,22.0,2.5,1.3,3.83,1.23,0.45,1.47,0.0,0.0,0.0,0.0,0.0,0.0,0.0,"sawi hijau, segar",Low Carb
"Sawi putih / pecai, segar",0.60 g,9.0,1.0,1.7,0.1,0.0,5.0,0.8,0.42,1.67,0.52,0.15,0.33,0.0,0.0,0.0,0.0,0.0,0.0,0.0,"sawi putih / pecai, segar",Low Carb
san remo pasta sauce bolognese mushroom,2.10 g,77.0,2.1,8.6,3.6,4.8,0.0,0.0,3.58,3.5,2.65,5.37,0.0,0.0,0.0,4.0,0.0,4.0,6.0,0.0,san remo pasta sauce bolognese mushroom,Low Carb
Pasta La fonte spaghetti with bolognese sauce,6 g,420.0,10.0,93.0,0.0,0.0,0.0,6.0,19.53,16.67,28.62,0.0,0.0,0.0,0.0,0.0,29.0,20.0,0.0,20.0,pasta la fonte spaghetti with bolognese sauce,Low Sugar
La pasta royale cheese bolognese,8 g,340.0,10.0,64.0,6.0,10.0,0.0,8.0,15.81,16.67,19.69,8.96,0.0,0.0,0.0,17.0,20.0,0.0,0.0,27.0,la pasta royale cheese bolognese,Snack
MR.P Garlic peanut,6 g,240.0,6.0,14.0,17.0,0.0,0.0,0.0,11.16,10.0,4.31,25.37,0.0,0.0,0.0,10.0,0.0,12.0,26.0,0.0,mr.p garlic peanut,Low Sugar
Mr. Bread Roti manis pandan coklat srikaya,7 g,330.0,7.0,50.0,11.0,12.0,330.0,0.0,15.35,11.67,15.38,16.42,22.0,0.0,22.0,0.0,16.0,0.0,17.0,0.0,mr. bread roti manis pandan coklat srikaya,Snack
"Mangga kwini, segar",0.40 g,86.0,0.7,19.8,0.5,0.0,1.0,6.5,4.0,1.17,6.09,0.75,0.07,0.0,0.0,0.0,0.0,0.0,0.0,0.0,"mangga kwini, segar",Low Sugar
Wine,0.07 g,83.0,0.07,2.72,0.0,0.0,0.0,0.0,3.86,0.12,0.84,0.0,0.0,0.0,0.0,1.0,1.0,4.0,0.0,0.0,wine,Low Carb
Sonice Chicken wing,20 g,220.0,20.0,4.0,14.0,0.0,0.0,0.0,10.23,33.33,1.23,20.9,0.0,0.0,0.0,34.0,0.0,11.0,21.0,0.0,sonice chicken wing,High protein
"Ikan Cakalang, perut, segar",0.90 g,86.0,10.2,8.7,1.1,0.0,230.0,0.0,4.0,17.0,2.68,1.64,15.33,0.0,0.0,0.0,0.0,0.0,0.0,0.0,"ikan cakalang, perut, segar",Low Carb
Pizza hut super supreme,3 g,410.0,16.0,37.0,22.0,2.0,0.0,3.0,19.07,26.67,11.38,32.84,0.0,0.0,0.0,27.0,0.0,20.0,33.0,0.0,pizza hut super supreme,High protein
"Apel malang, segar",0.30 g,57.0,0.5,12.8,0.4,0.0,3.6,0.8,2.65,0.83,3.94,0.6,0.24,0.0,0.0,0.0,0.0,0.0,0.0,0.0,"apel malang, segar",Low Sugar
"Apel, segar",0.30 g,58.0,0.3,14.9,0.4,0.0,2.0,2.6,2.7,0.5,4.58,0.6,0.13,0.0,0.0,0.0,0.0,0.0,0.0,0.0,"apel, segar",Low Sugar
Beetroot (mentah),1.61 g,43.0,1.61,9.56,0.17,0.0,0.0,0.0,2.0,2.68,2.94,0.25,0.0,0.0,0.0,0.0,0.0,0.0,0.0,0.0,beetroot (mentah),Low Carb
French fries 2000 dengan saos sambal colek,0 g,45.0,0.0,8.0,1.5,0.0,125.0,0.0,2.09,0.0,2.46,2.24,8.33,0.0,9.0,0.0,3.0,0.0,3.0,0.0,french fries 2000 dengan saos sambal colek,Low Carb
Saori Saus Mentega,0 g,0.0,0.0,2.0,0.0,0.0,200.0,0.0,0.47,0.0,0.62,0.0,13.33,0.0,14.0,0.0,1.0,1.0,0.0,0.0,saori saus mentega,Low Carb
Pizza hut super supreme personal,1 g,170.0,7.0,17.0,9.0,2.0,0.0,1.0,7.91,11.67,5.23,13.43,0.0,0.0,0.0,12.0,0.0,8.0,14.0,0.0,pizza hut super supreme personal,Low Sugar
Super bihun kuah,3 g,190.0,4.0,36.0,2.5,0.0,1190.0,3.0,8.84,6.67,11.08,3.73,79.33,13.0,80.0,0.0,12.0,0.0,0.0,0.0,super bihun kuah,Low Sugar
Super bihun goreng,4 g,250.0,4.0,46.0,5.0,3.0,0.0,4.0,11.63,6.67,14.15,7.46,0.0,0.0,0.0,0.0,15.0,12.0,0.0,14.0,super bihun goreng,Low Sugar
Burger Carl's Jr super star with cheese,4 g,920.0,48.0,59.0,56.0,13.0,0.0,4.0,42.79,80.0,18.15,83.58,0.0,0.0,0.0,80.0,0.0,43.0,84.0,0.0,burger carl's jr super star with cheese,High protein
Coca cola,0.26 g,136.0,0.26,35.18,0.07,0.0,0.0,0.0,6.33,0.43,10.82,0.1,0.0,0.0,0.0,1.0,11.0,7.0,0.0,0.0,coca cola,Low Sugar
Gulai pakis,2.60 g,143.0,4.0,6.0,11.4,0.0,0.0,1.4,6.65,6.67,1.85,17.01,0.0,0.0,0.0,0.0,0.0,0.0,0.0,0.0,gulai pakis,Low Carb
Hydro coco,7 g,60.0,0.0,18.0,0.0,10.0,0.0,7.0,2.79,0.0,5.54,0.0,0.0,0.0,0.0,0.0,6.0,3.0,0.0,24.0,hydro coco,Healthy
"Gulai ikan, masakan",2 g,106.0,16.5,2.5,3.3,0.0,743.0,0.0,4.93,27.5,0.77,4.93,49.53,0.0,0.0,0.0,0.0,0.0,0.0,0.0,"gulai ikan, masakan",High protein
Tim tam chocolate,2 g,150.0,2.0,21.0,7.0,0.0,0.0,0.0,6.98,3.33,6.46,10.45,0.0,0.0,0.0,0.0,7.0,7.0,11.0,0.0,tim tam chocolate,Low Sugar
Loacker chocolate,7.70 g,511.0,7.7,59.0,26.0,0.0,0.0,0.0,23.77,12.83,18.15,38.81,0.0,0.0,0.0,0.0,19.0,24.0,39.0,0.0,loacker chocolate,Low Sugar
Tango chocolate,1 g,100.0,1.0,14.0,4.0,0.0,0.0,0.0,4.65,1.67,4.31,5.97,0.0,0.0,0.0,0.0,5.0,5.0,6.0,0.0,tango chocolate,Low Sugar
"Sapi, keleponan, segar",0.90 g,84.0,10.5,0.2,4.6,0.0,73.0,0.0,3.91,17.5,0.06,6.87,4.87,0.0,0.0,0.0,0.0,0.0,0.0,0.0,"sapi, keleponan, segar",Low Carb
Klepon,4.75 g,366.0,4.75,65.82,9.34,0.0,79.0,0.0,17.02,7.92,20.25,13.94,5.27,0.0,0.0,0.0,21.0,18.0,14.0,0.0,klepon,Low Sugar
"Pisang raja sereh, segar",1 g,108.0,1.3,28.2,0.3,0.0,31.0,0.7,5.02,2.17,8.68,0.45,2.07,0.0,0.0,0.0,0.0,0.0,0.0,0.0,"pisang raja sereh, segar",Low Sugar
"Pisang raja, segar",1 g,120.0,1.2,31.8,0.2,0.0,35.0,5.3,5.58,2.0,9.78,0.3,2.33,0.0,0.0,0.0,0.0,0.0,0.0,0.0,"pisang raja, segar",Low Sugar
Geplak,1 g,350.0,1.4,53.6,14.4,0.0,0.0,1.8,16.28,2.33,16.49,21.49,0.0,0.0,0.0,0.0,0.0,0.0,0.0,0.0,geplak,Low Sugar
"Kalakai, segar",0.90 g,38.0,2.4,6.6,0.2,0.0,7.0,5.8,1.77,4.0,2.03,0.3,0.47,0.0,0.0,0.0,0.0,0.0,0.0,0.0,"kalakai, segar",Low Carb
Yakult,1 g,50.0,1.0,11.0,0.0,10.0,0.0,0.0,2.33,1.67,3.38,0.0,0.0,0.0,0.0,2.0,4.0,3.0,0.0,0.0,yakult,Healthy
Cheesecake Factory ultimate red velvet cake cheesecake,1 g,1570.0,14.0,125.0,116.0,105.0,0.0,1.0,73.02,23.33,38.46,173.13,0.0,0.0,0.0,0.0,39.0,74.0,174.0,0.0,cheesecake factory ultimate red velvet cake cheesecake,Snack
Susu kedelai V Soy Multigrain,6.10 g,169.0,6.1,20.4,6.9,16.3,0.0,0.0,7.86,10.17,6.28,10.3,0.0,0.0,0.0,11.0,0.0,8.0,11.0,0.0,susu kedelai v soy multigrain,Snack
Multigrain Bread,8 g,240.0,8.0,38.0,6.0,5.0,0.0,0.0,11.16,13.33,11.69,8.96,0.0,0.0,0.0,14.0,12.0,12.0,0.0,0.0,multigrain bread,Low Sugar
Beberuk,1.10 g,65.0,1.1,3.5,5.2,0.0,53.0,3.1,3.02,1.83,1.08,7.76,3.53,0.0,0.0,0.0,0.0,0.0,0.0,0.0,beberuk,Low Carb
"Bebek, daging, goreng",2 g,300.0,24.0,4.5,20.7,0.0,34.0,0.0,13.95,40.0,1.38,30.9,2.27,0.0,0.0,0.0,0.0,0.0,0.0,0.0,"bebek, daging, goreng",High protein
Sagu kasbi segar,0.20 g,230.0,0.6,56.5,0.2,0.0,100.0,3.0,10.7,1.0,17.38,0.3,6.67,0.0,0.0,0.0,0.0,0.0,0.0,0.0,sagu kasbi segar,Low Sugar
"Kedongdong masak, segar",0.60 g,46.0,1.0,10.3,0.1,0.0,2.0,2.6,2.14,1.67,3.17,0.15,0.13,0.0,0.0,0.0,0.0,0.0,0.0,0.0,"kedongdong masak, segar",Low Sugar
Tauji cap singa,6.20 g,277.0,9.1,49.6,4.7,0.0,0.0,1.2,12.88,15.17,15.26,7.01,0.0,0.0,0.0,0.0,0.0,0.0,0.0,0.0,tauji cap singa,Low Sugar
"Kawista, segar",1.40 g,120.0,3.5,20.8,2.5,0.0,9.0,4.6,5.58,5.83,6.4,3.73,0.6,0.0,0.0,0.0,0.0,0.0,0.0,0.0,"kawista, segar",Low Sugar
So good Almond milk original,0.70 g,74.0,1.4,9.0,3.4,8.6,0.0,0.7,3.44,2.33,2.77,5.07,0.0,0.0,0.0,0.0,3.0,4.0,6.0,0.0,so good almond milk original,Low Carb
Susu almond So good Almond Milk unsweetend,0.80 g,41.0,1.4,0.8,3.5,0.3,0.0,0.8,1.91,2.33,0.25,5.22,0.0,0.0,0.0,3.0,0.0,0.0,6.0,3.0,susu almond so good almond milk unsweetend,Low Carb
Pocky Chocolate,3 g,230.0,3.0,32.0,10.0,12.0,0.0,0.0,10.7,5.0,9.85,14.93,0.0,0.0,0.0,0.0,10.0,11.0,15.0,0.0,pocky chocolate,Snack
Pocky Cookies dan cream,3 g,210.0,3.0,26.0,10.0,11.0,0.0,0.0,9.77,5.0,8.0,14.93,0.0,0.0,0.0,0.0,8.0,10.0,15.0,0.0,pocky cookies dan cream,Snack
Pocky Strawberry,3 g,220.0,3.0,31.0,10.0,9.0,0.0,0.0,10.23,5.0,9.54,14.93,0.0,0.0,0.0,0.0,10.0,11.0,15.0,0.0,pocky strawberry,Snack
Buavita royale sunshine carrot,2 g,120.0,0.0,28.0,0.0,25.0,0.0,2.0,5.58,0.0,8.62,0.0,0.0,0.0,0.0,0.0,9.0,6.0,0.0,7.0,buavita royale sunshine carrot,Healthy
Buavita royale chloro broccoli,0 g,120.0,0.0,29.0,0.0,27.0,0.0,0.0,5.58,0.0,8.92,0.0,0.0,0.0,0.0,0.0,9.0,6.0,0.0,0.0,buavita royale chloro broccoli,Healthy
Ades,0 g,0.0,0.0,0.0,0.0,0.0,0.0,0.0,0.0,0.0,0.0,0.0,0.0,0.0,0.0,0.0,0.0,0.0,0.0,0.0,ades,Low Carb
Ademsari chingku,0 g,110.0,0.0,27.0,0.0,25.0,0.0,0.0,5.12,0.0,8.31,0.0,0.0,0.0,0.0,0.0,9.0,6.0,0.0,0.0,ademsari chingku,Healthy
Sprite (kaleng),0 g,100.0,0.0,25.0,0.0,25.0,0.0,0.0,4.65,0.0,7.69,0.0,0.0,0.0,0.0,0.0,8.0,5.0,0.0,0.0,sprite (kaleng),Healthy
Chicken teriyaki,1.70 g,168.0,13.0,7.5,9.6,0.0,959.0,0.8,7.81,21.67,2.31,14.33,63.93,0.0,0.0,0.0,0.0,0.0,0.0,0.0,chicken teriyaki,Low Carb
"Kura-kura, segar",0.70 g,83.0,19.1,0.0,0.2,0.0,0.0,0.0,3.86,31.83,0.0,0.3,0.0,0.0,0.0,0.0,0.0,0.0,0.0,0.0,"kura-kura, segar",High protein
"Kuro, segar",0.90 g,87.0,16.0,1.0,2.2,0.0,0.0,0.0,4.05,26.67,0.31,3.28,0.0,0.0,0.0,0.0,0.0,0.0,0.0,0.0,"kuro, segar",High protein
Mcdonald Cheeseburger,2 g,300.0,15.0,33.0,12.0,7.0,0.0,2.0,13.95,25.0,10.15,17.91,0.0,0.0,0.0,25.0,0.0,14.0,18.0,0.0,mcdonald cheeseburger,High protein
"Sapi, babat, segar",1.50 g,108.0,17.6,0.0,4.2,0.0,147.0,0.0,5.02,29.33,0.0,6.27,9.8,0.0,0.0,0.0,0.0,0.0,0.0,0.0,"sapi, babat, segar",High protein
Mcdonald Big mac burger,3 g,540.0,25.0,46.0,28.0,9.0,0.0,3.0,25.12,41.67,14.15,41.79,0.0,0.0,0.0,42.0,0.0,26.0,42.0,0.0,mcdonald big mac burger,High protein
Mcdonald Hamburge,1 g,250.0,13.0,31.0,8.0,6.0,0.0,1.0,11.63,21.67,9.54,11.94,0.0,0.0,0.0,22.0,0.0,12.0,12.0,0.0,mcdonald hamburge,Snack
Lovy cookies chocobutter,2 g,150.0,2.0,20.0,8.0,8.0,0.0,0.0,6.98,3.33,6.15,11.94,0.0,0.0,0.0,0.0,7.0,7.0,12.0,0.0,lovy cookies chocobutter,Healthy
Lovy cookies coffeeccino,2 g,150.0,2.0,20.0,7.0,7.0,0.0,0.0,6.98,3.33,6.15,10.45,0.0,0.0,0.0,0.0,7.0,7.0,11.0,0.0,lovy cookies coffeeccino,Healthy
Susu bebelove 6-12bln,0.80 g,140.0,3.0,18.0,6.0,16.2,64.0,0.8,6.51,5.0,5.54,8.96,4.27,0.0,0.0,0.0,0.0,0.0,0.0,0.0,susu bebelove 6-12bln,Healthy
Promina milky beras merah,8 g,210.0,8.0,35.0,4.5,0.0,150.0,0.0,9.77,13.33,10.77,6.72,10.0,0.0,10.0,14.0,11.0,0.0,0.0,0.0,promina milky beras merah,Low Sugar
Promina pisang susu,8 g,210.0,8.0,35.0,4.5,0.0,150.0,0.0,9.77,13.33,10.77,6.72,10.0,0.0,10.0,14.0,11.0,0.0,0.0,0.0,promina pisang susu,Low Sugar
"Mangga indramayu, segar",0.10 g,72.0,0.8,18.7,0.2,0.0,3.0,2.5,3.35,1.33,5.75,0.3,0.2,0.0,0.0,0.0,0.0,0.0,0.0,0.0,"mangga indramayu, segar",Low Sugar
Maestro light Mayonnaise,0 g,50.0,0.0,7.0,5.0,0.0,130.0,0.0,3.72,0.0,2.15,7.46,8.67,5.0,9.0,0.0,0.0,0.0,8.0,0.0,maestro light mayonnaise,Low Carb
"Ikan Pindang banjar,mentah",7 g,157.0,28.0,1.8,4.2,0.0,0.0,0.0,7.3,46.67,0.55,6.27,0.0,0.0,0.0,0.0,0.0,0.0,0.0,0.0,"ikan pindang banjar,mentah",High protein
"Ikan Pindang benggol, mentah",7.80 g,170.0,31.0,0.0,4.2,0.0,0.0,0.0,7.91,51.67,0.0,6.27,0.0,0.0,0.0,0.0,0.0,0.0,0.0,0.0,"ikan pindang benggol, mentah",High protein
"Ikan Pindang layang, mentah",7.20 g,153.0,30.0,0.0,2.8,0.0,0.0,0.0,7.12,50.0,0.0,4.18,0.0,0.0,0.0,0.0,0.0,0.0,0.0,0.0,"ikan pindang layang, mentah",High protein
La Fonte Fettuccine-30 Pasta,2 g,0.0,8.0,45.0,0.0,3.0,40.0,2.0,10.23,13.33,13.85,0.0,2.67,0.0,0.0,14.0,14.0,11.0,0.0,0.0,la fonte fettuccine-30 pasta,Low Sugar
"Daun jampang, segar",1.50 g,34.0,3.8,5.3,0.5,0.0,0.0,1.4,1.58,6.33,1.63,0.75,0.0,0.0,0.0,0.0,0.0,0.0,0.0,0.0,"daun jampang, segar",Low Carb
sambal pecel,9 g,220.0,9.0,23.0,10.0,0.0,0.0,0.0,10.23,15.0,7.08,14.93,0.0,0.0,0.0,15.0,0.0,11.0,15.0,0.0,sambal pecel,Low Sugar
Cerebrofort Marine Gummy Strawberry,1 g,0.0,1.0,8.0,0.0,6.0,10.0,0.0,1.63,1.67,2.46,0.0,0.67,0.0,0.0,2.0,3.0,2.0,0.0,0.0,cerebrofort marine gummy strawberry,Low Carb
Pecel sayur dengan lauk,25.17 g,408.0,25.17,27.07,25.18,0.0,272.0,0.0,18.98,41.95,8.33,37.58,18.13,0.0,0.0,42.0,0.0,19.0,38.0,0.0,pecel sayur dengan lauk,High protein
Teh celup sosro,0 g,0.0,0.0,0.0,0.0,0.0,0.0,0.0,0.0,0.0,0.0,0.0,0.0,0.0,0.0,0.0,0.0,0.0,0.0,0.0,teh celup sosro,Low Carb
teh cap dandang black tea,0 g,0.0,0.0,0.0,0.0,0.0,0.0,0.0,0.0,0.0,0.0,0.0,0.0,0.0,0.0,0.0,0.0,0.0,0.0,0.0,teh cap dandang black tea,Low Carb
"Bawang merah, segar",1 g,46.0,1.5,9.2,0.3,0.0,7.0,1.7,2.14,2.5,2.83,0.45,0.47,0.0,0.0,0.0,0.0,0.0,0.0,0.0,"bawang merah, segar",Low Carb
"Bawang putih, segar",1.80 g,112.0,4.5,21.3,0.2,0.0,46.0,0.6,5.21,7.5,6.55,0.3,3.07,0.0,0.0,0.0,0.0,0.0,0.0,0.0,"bawang putih, segar",Low Sugar
Balichong,3.60 g,152.0,13.2,22.9,0.8,0.0,120.0,1.5,7.07,22.0,7.05,1.19,8.0,0.0,0.0,0.0,0.0,0.0,0.0,0.0,balichong,Low Sugar
Batatas kelapa kukus,1.80 g,92.0,1.2,21.0,0.3,0.0,10.0,4.1,4.28,2.0,6.46,0.45,0.67,0.0,0.0,0.0,0.0,0.0,0.0,0.0,batatas kelapa kukus,Low Sugar
Kuaci Rebo origial,3 g,110.0,5.0,3.0,9.0,0.0,130.0,3.0,5.12,8.33,0.92,13.43,8.67,0.0,9.0,0.0,0.0,0.0,14.0,10.0,kuaci rebo origial,Low Carb
KFC Original recipe dada,39 g,390.0,39.0,11.0,21.0,0.0,0.0,0.0,18.14,65.0,3.38,31.34,0.0,0.0,0.0,65.0,0.0,19.0,32.0,0.0,kfc original recipe dada,High protein
KFC Original recipe paha bawah,12 g,130.0,12.0,4.0,8.0,0.0,0.0,0.0,6.05,20.0,1.23,11.94,0.0,0.0,0.0,20.0,0.0,7.0,12.0,0.0,kfc original recipe paha bawah,Low Carb
KFC Original recipe paha atas,19 g,280.0,19.0,8.0,19.0,0.0,0.0,0.0,13.02,31.67,2.46,28.36,0.0,0.0,0.0,32.0,0.0,14.0,29.0,0.0,kfc original recipe paha atas,High protein
KFC Original recipe sayap,10 g,130.0,10.0,3.0,8.0,0.0,0.0,0.0,6.05,16.67,0.92,11.94,0.0,0.0,0.0,17.0,0.0,7.0,12.0,0.0,kfc original recipe sayap,Low Carb
"Keribang, ubi, segar",0.80 g,137.0,1.3,29.8,1.1,0.0,10.0,0.6,6.37,2.17,9.17,1.64,0.67,0.0,0.0,0.0,0.0,0.0,0.0,0.0,"keribang, ubi, segar",Low Sugar
Kue bangket,0.90 g,388.0,1.5,80.3,1.2,0.0,67.0,0.0,18.05,2.5,24.71,1.79,4.47,0.0,0.0,0.0,0.0,0.0,0.0,0.0,kue bangket,Low Sugar
"Lengkuas/Boros laja, segar",1 g,26.0,1.0,4.7,0.3,0.0,24.0,1.1,1.21,1.67,1.45,0.45,1.6,0.0,0.0,0.0,0.0,0.0,0.0,0.0,"lengkuas/boros laja, segar",Low Carb
Cheesecake Factory carrot cake,5 g,1710.0,15.0,146.0,122.0,117.0,0.0,5.0,79.53,25.0,44.92,182.09,0.0,0.0,0.0,0.0,45.0,80.0,183.0,0.0,cheesecake factory carrot cake,High protein
Tummy yogurt mango carrot,11 g,150.0,3.0,29.0,2.0,18.0,0.0,11.0,6.98,5.0,8.92,2.99,0.0,0.0,0.0,0.0,9.0,7.0,0.0,37.0,tummy yogurt mango carrot,Healthy
Corn flakes,1 g,110.0,2.0,26.0,0.0,3.0,0.0,1.0,5.12,3.33,8.0,0.0,0.0,0.0,0.0,4.0,8.0,6.0,0.0,0.0,corn flakes,Low Sugar
Eskrim cornetto chocolate,2 g,260.0,3.0,34.0,12.0,22.0,0.0,2.0,12.09,5.0,10.46,17.91,0.0,0.0,0.0,0.0,11.0,13.0,18.0,0.0,eskrim cornetto chocolate,Snack
"Kerokot, segar",1.10 g,26.0,1.7,3.8,0.4,0.0,4.0,1.0,1.21,2.83,1.17,0.6,0.27,0.0,0.0,0.0,0.0,0.0,0.0,0.0,"kerokot, segar",Low Carb
Coklat Lindt 70% Cocoa smooth dark,3 g,250.0,3.0,17.0,19.0,12.0,0.0,3.0,11.63,5.0,5.23,28.36,0.0,0.0,0.0,0.0,0.0,12.0,29.0,10.0,coklat lindt 70% cocoa smooth dark,Snack
Teh Kotak Less Sugar,0 g,70.0,0.0,19.0,0.0,0.0,5.0,0.0,3.26,0.0,5.85,0.0,0.33,0.0,1.0,0.0,6.0,4.0,0.0,0.0,teh kotak less sugar,Low Sugar
Granola creation tropical fruit and nuts,2 g,162.0,7.0,23.0,5.0,5.0,0.0,2.0,7.53,11.67,7.08,7.46,0.0,0.0,0.0,12.0,0.0,8.0,8.0,0.0,granola creation tropical fruit and nuts,Low Sugar
Go Natural fruit and nut delight,5.40 g,230.0,6.2,20.7,13.5,12.1,0.0,5.4,10.7,10.33,6.37,20.15,0.0,0.0,0.0,0.0,0.0,11.0,21.0,18.0,go natural fruit and nut delight,Snack
Carman's fruit and nut,3.10 g,183.0,4.1,25.1,6.7,7.8,0.0,3.1,8.51,6.83,7.72,10.0,0.0,0.0,0.0,0.0,0.0,9.0,10.0,11.0,carman's fruit and nut,Snack
Sonice Chicken Stick,13 g,250.0,13.0,13.0,17.0,0.0,0.0,0.0,11.63,21.67,4.0,25.37,0.0,0.0,0.0,22.0,0.0,12.0,26.0,0.0,sonice chicken stick,Low Sugar
Sonice Chicken karage,12 g,300.0,12.0,21.0,18.0,0.0,0.0,0.0,13.95,20.0,6.46,26.87,0.0,0.0,0.0,20.0,0.0,14.0,27.0,0.0,sonice chicken karage,Low Sugar
"Ikan Tongkol, segar",2.10 g,100.0,13.7,8.0,1.5,0.0,202.0,0.0,4.65,22.83,2.46,2.24,13.47,0.0,0.0,0.0,0.0,0.0,0.0,0.0,"ikan tongkol, segar",Low Carb
lontong,1.20 g,144.0,2.76,31.76,0.23,0.12,0.0,1.2,6.7,4.6,9.77,0.34,0.0,0.0,0.0,5.0,10.0,7.0,0.0,0.0,lontong,Low Sugar
Cimory Soyamilk,10 g,260.0,10.0,42.0,6.0,18.0,0.0,0.0,12.09,16.67,12.92,8.96,0.0,0.0,0.0,17.0,13.0,13.0,0.0,0.0,cimory soyamilk,Snack
Cimory yogurt set low fat,5 g,60.0,5.0,8.0,1.5,0.0,0.0,0.0,2.79,8.33,2.46,2.24,0.0,0.0,0.0,9.0,3.0,3.0,0.0,0.0,cimory yogurt set low fat,Low Carb
Cimory yogurt drink,26 g,180.0,6.0,32.0,2.0,0.0,0.0,26.0,8.37,10.0,9.85,2.99,0.0,0.0,0.0,10.0,10.0,0.0,0.0,87.0,cimory yogurt drink,Low Sugar
Salak bali,0.70 g,57.0,0.5,13.6,0.1,0.0,0.0,1.3,2.65,0.83,4.18,0.15,0.0,0.0,0.0,0.0,0.0,0.0,0.0,0.0,salak bali,Low Sugar
Salak medan,8.50 g,55.0,0.4,12.8,0.2,0.0,39.0,3.2,2.56,0.67,3.94,0.3,2.6,0.0,0.0,0.0,0.0,0.0,0.0,0.0,salak medan,Low Sugar
Salak,0.70 g,77.0,0.4,20.9,0.0,0.0,0.0,0.0,3.58,0.67,6.43,0.0,0.0,0.0,0.0,0.0,0.0,0.0,0.0,0.0,salak,Low Sugar
"Jamur tiram, segar",0.60 g,30.0,1.9,5.5,0.1,0.0,22.0,3.6,1.4,3.17,1.69,0.15,1.47,0.0,0.0,0.0,0.0,0.0,0.0,0.0,"jamur tiram, segar",Low Carb
Rujak cingur,1.40 g,153.0,11.3,8.0,8.4,0.0,0.0,1.4,7.12,18.83,2.46,12.54,0.0,0.0,0.0,0.0,0.0,0.0,0.0,0.0,rujak cingur,Low Carb
"Pisang angleng (pisang ampyang), segar",1 g,68.0,1.3,17.2,0.2,0.0,23.0,0.8,3.16,2.17,5.29,0.3,1.53,0.0,0.0,0.0,0.0,0.0,0.0,0.0,"pisang angleng (pisang ampyang), segar",Low Sugar
"Anggur hutan, segar",0.20 g,30.0,0.5,6.8,0.2,0.0,0.0,1.2,1.4,0.83,2.09,0.3,0.0,0.0,0.0,0.0,0.0,0.0,0.0,0.0,"anggur hutan, segar",Low Carb
"Gurame asem manis, masakan",2.40 g,192.0,12.7,12.7,10.1,0.0,0.0,0.0,8.93,21.17,3.91,15.07,0.0,0.0,0.0,0.0,0.0,0.0,0.0,0.0,"gurame asem manis, masakan",Low Sugar
kopi kapal api special mix,1 g,100.0,1.0,23.0,1.0,0.0,10.0,0.0,4.65,1.67,7.08,1.49,0.67,0.0,0.0,2.0,8.0,5.0,0.0,0.0,kopi kapal api special mix,Low Sugar
WRP truil bar,2 g,80.0,1.0,14.0,3.5,7.0,0.0,2.0,3.72,1.67,4.31,5.22,0.0,0.0,0.0,0.0,5.0,0.0,6.0,7.0,wrp truil bar,Healthy
WRP deli chips,3 g,210.0,1.0,26.0,11.0,1.0,0.0,3.0,9.77,1.67,8.0,16.42,0.0,0.0,0.0,0.0,0.0,10.0,17.0,10.0,wrp deli chips,Low Sugar
Arwan sirsir,2.90 g,277.0,2.4,10.7,25.0,0.0,240.0,4.6,12.88,4.0,3.29,37.31,16.0,0.0,0.0,0.0,0.0,0.0,0.0,0.0,arwan sirsir,Low Sugar
Sirsak,0.70 g,65.0,1.0,16.3,0.3,0.0,2.0,3.2,3.02,1.67,5.02,0.45,0.13,0.0,0.0,0.0,0.0,0.0,0.0,0.0,sirsak,Low Sugar
Gula putih / Gula Pasir,0.60 g,394.0,0.0,94.0,0.0,0.0,1.0,0.0,18.33,0.0,28.92,0.0,0.07,0.0,0.0,0.0,0.0,0.0,0.0,0.0,gula putih / gula pasir,Low Sugar
Sirup,1 g,213.0,0.0,55.0,0.0,0.0,3.0,0.0,9.91,0.0,16.92,0.0,0.2,0.0,0.0,0.0,0.0,0.0,0.0,0.0,sirup,Low Sugar
yoghurt cimory,5 g,180.0,6.0,36.0,2.0,26.0,90.0,5.0,8.37,10.0,11.08,2.99,6.0,0.0,0.0,10.0,12.0,0.0,0.0,17.0,yoghurt cimory,Snack
Kelapa parut,3 g,283.0,3.0,10.0,27.0,0.0,0.0,0.0,13.16,5.0,3.08,40.3,0.0,0.0,0.0,5.0,0.0,14.0,41.0,0.0,kelapa parut,Low Carb
"Ikan Layang, segar",2.30 g,109.0,22.0,0.0,1.7,0.0,0.0,0.0,5.07,36.67,0.0,2.54,0.0,0.0,0.0,0.0,0.0,0.0,0.0,0.0,"ikan layang, segar",High protein
"Ikan Layur, segar",0.50 g,82.0,18.0,0.4,1.0,0.0,0.0,0.0,3.81,30.0,0.12,1.49,0.0,0.0,0.0,0.0,0.0,0.0,0.0,0.0,"ikan layur, segar",High protein
Lays krim dan bawang,2 g,110.0,2.0,11.0,6.0,0.0,0.0,0.0,5.12,3.33,3.38,8.96,0.0,0.0,0.0,0.0,4.0,6.0,9.0,0.0,lays krim dan bawang,Low Sugar
"Bunga pepaya, segar",1.70 g,45.0,2.6,8.1,0.3,0.0,2.0,1.6,2.09,4.33,2.49,0.45,0.13,0.0,0.0,0.0,0.0,0.0,0.0,0.0,"bunga pepaya, segar",Low Carb
"Daun kubis, kol, segar",2.20 g,51.0,2.5,8.0,1.1,0.0,50.0,3.4,2.37,4.17,2.46,1.64,3.33,0.0,0.0,0.0,0.0,0.0,0.0,0.0,"daun kubis, kol, segar",Low Carb
"Erbis, segar",0.50 g,70.0,0.6,18.9,0.0,0.0,21.0,7.7,3.26,1.0,5.82,0.0,1.4,0.0,0.0,0.0,0.0,0.0,0.0,0.0,"erbis, segar",Low Sugar
"Belibis, daging, segar",1.40 g,131.0,20.2,2.8,4.3,0.0,46.0,0.0,6.09,33.67,0.86,6.42,3.07,0.0,0.0,0.0,0.0,0.0,0.0,0.0,"belibis, daging, segar",High protein
Jagung titi,0.10 g,374.0,9.4,79.1,2.2,0.0,0.0,0.8,17.4,15.67,24.34,3.28,0.0,0.0,0.0,0.0,0.0,0.0,0.0,0.0,jagung titi,Low Sugar
"Kepiting, , segar",0.20 g,151.0,13.8,14.1,3.8,0.0,0.0,0.0,7.02,23.0,4.34,5.67,0.0,0.0,0.0,0.0,0.0,0.0,0.0,0.0,"kepiting, , segar",Low Sugar
Del Monte Barbaque Sauce (250 g),0 g,60.0,0.0,14.0,0.0,10.0,880.0,0.0,2.79,0.0,4.31,0.0,58.67,0.0,59.0,0.0,5.0,3.0,0.0,0.0,del monte barbaque sauce (250 g),Healthy
Kacang belimbing rebus,1.20 g,204.0,16.9,17.5,8.8,0.0,43.0,4.8,9.49,28.17,5.38,13.13,2.87,0.0,0.0,0.0,0.0,0.0,0.0,0.0,kacang belimbing rebus,High protein
Tempe kacang belimbing,1.40 g,212.0,17.5,12.9,10.0,0.0,0.0,2.9,9.86,29.17,3.97,14.93,0.0,0.0,0.0,0.0,0.0,0.0,0.0,0.0,tempe kacang belimbing,High protein
"Belimbing, segar",0.40 g,36.0,0.4,8.8,0.4,0.0,4.0,3.2,1.67,0.67,2.71,0.6,0.27,0.0,0.0,0.0,0.0,0.0,0.0,0.0,"belimbing, segar",Low Carb
Nutrisari Es Rujak,0 g,50.0,0.0,12.0,0.0,10.0,150.0,0.0,2.33,0.0,3.69,0.0,10.0,0.0,0.0,0.0,0.0,0.0,0.0,0.0,nutrisari es rujak,Healthy
Rujak lontong,11.98 g,243.0,11.98,24.7,12.3,0.0,278.0,0.0,11.3,19.97,7.6,18.36,18.53,0.0,19.0,20.0,0.0,0.0,19.0,0.0,rujak lontong,Low Sugar
Belitung kukus,1.10 g,145.0,1.2,34.2,0.4,0.0,7.0,1.0,6.74,2.0,10.52,0.6,0.47,0.0,0.0,0.0,0.0,0.0,0.0,0.0,belitung kukus,Low Sugar
Enting-enting gepuk kacang tanah,1.40 g,524.0,13.3,52.0,29.2,0.0,0.0,0.2,24.37,22.17,16.0,43.58,0.0,0.0,0.0,0.0,0.0,0.0,0.0,0.0,enting-enting gepuk kacang tanah,Low Sugar
"Pisang kepok, segar",1 g,109.0,0.8,26.3,0.5,0.0,10.0,5.7,5.07,1.33,8.09,0.75,0.67,0.0,0.0,0.0,0.0,0.0,0.0,0.0,"pisang kepok, segar",Low Sugar
Pisang kepok rebus,1.55 g,145.0,1.55,37.91,0.44,0.0,5.0,0.0,6.74,2.58,11.66,0.66,0.33,0.0,0.0,3.0,12.0,7.0,0.0,0.0,pisang kepok rebus,Low Sugar
Meiji Plain Crackers with Oat,2 g,120.0,3.0,19.0,3.5,0.0,120.0,2.0,5.58,5.0,5.85,5.22,8.0,8.0,8.0,0.0,0.0,0.0,0.0,7.0,meiji plain crackers with oat,Low Sugar
Meiji Plain Crackers (isi 4 bungkus),2 g,120.0,3.0,19.0,3.5,1.0,125.0,2.0,5.58,5.0,5.85,5.22,8.33,8.0,9.0,0.0,0.0,0.0,0.0,7.0,meiji plain crackers (isi 4 bungkus),Low Sugar
Barongko,0.70 g,159.0,3.1,23.5,5.8,0.0,46.0,0.0,7.4,5.17,7.23,8.66,3.07,0.0,0.0,0.0,0.0,0.0,0.0,0.0,barongko,Low Sugar
"Ikan Baubara, segar",1.60 g,100.0,14.7,4.9,2.4,0.0,390.0,0.0,4.65,24.5,1.51,3.58,26.0,0.0,0.0,0.0,0.0,0.0,0.0,0.0,"ikan baubara, segar",Low Carb
"Ketumbar, kering",4.40 g,418.0,14.1,54.2,16.1,0.0,91.0,12.3,19.44,23.5,16.68,24.03,6.07,0.0,0.0,0.0,0.0,0.0,0.0,0.0,"ketumbar, kering",Low Sugar
Saladstop Omega 3 baby,6.70 g,391.3,17.3,18.6,28.7,9.6,0.0,6.7,18.2,28.83,5.72,42.84,0.0,0.0,0.0,29.0,0.0,0.0,43.0,23.0,saladstop omega 3 baby,High protein
Blue Band,0 g,90.0,0.0,0.0,10.0,0.0,125.0,0.0,4.19,0.0,0.0,14.93,8.33,20.0,0.0,0.0,0.0,0.0,15.0,0.0,blue band,Low Carb
Gilus mix sensasi aroma pandan (isi 10 sachet),1 g,90.0,1.0,21.0,0.5,17.0,0.0,0.0,4.19,1.67,6.46,0.75,0.0,0.0,0.0,2.0,7.0,5.0,0.0,0.0,gilus mix sensasi aroma pandan (isi 10 sachet),Healthy
Sasa Santan Kelapa,0 g,35.0,0.0,1.0,4.0,0.0,15.0,0.0,1.86,0.0,0.31,5.97,1.0,18.0,0.0,0.0,0.0,0.0,0.0,0.0,sasa santan kelapa,Low Carb
Sasa Santan Kelapa Coconut Cream,0 g,35.0,0.0,1.0,4.0,0.0,15.0,0.0,1.86,0.0,0.31,5.97,1.0,18.0,0.0,0.0,0.0,2.0,6.0,0.0,sasa santan kelapa coconut cream,Low Carb
Sasa Tepung Bakwan,0 g,0.0,1.0,8.0,0.0,1.0,150.0,0.0,1.63,1.67,2.46,0.0,10.0,0.0,10.0,2.0,3.0,0.0,0.0,0.0,sasa tepung bakwan,Low Carb
Goldenfil Choco Crunchy,1 g,30.0,1.0,13.0,6.0,10.0,20.0,0.0,5.12,1.67,4.0,8.96,1.33,18.0,0.0,0.0,0.0,6.0,9.0,0.0,goldenfil choco crunchy,Healthy
san remo sauce tomato basil,2 g,96.0,2.0,11.5,4.6,7.4,0.0,0.0,4.47,3.33,3.54,6.87,0.0,0.0,0.0,0.0,4.0,5.0,7.0,0.0,san remo sauce tomato basil,Healthy
Silky Pudding Coklat,3 g,130.0,3.0,23.0,3.5,0.0,35.0,0.0,6.05,5.0,7.08,5.22,2.33,0.0,0.0,0.0,8.0,7.0,6.0,0.0,silky pudding coklat,Low Sugar
Kacang kedelai rebus,2.10 g,189.0,20.2,12.7,8.2,0.0,181.0,1.6,8.79,33.67,3.91,12.24,12.07,0.0,0.0,0.0,0.0,0.0,0.0,0.0,kacang kedelai rebus,High protein
"Kacang komak, segar",2.60 g,327.0,16.4,55.8,4.3,0.0,22.0,0.5,15.21,27.33,17.17,6.42,1.47,0.0,0.0,0.0,0.0,0.0,0.0,0.0,"kacang komak, segar",High protein
Emping komak,2.70 g,355.0,17.8,60.7,4.6,0.0,24.0,0.0,16.51,29.67,18.68,6.87,1.6,0.0,0.0,0.0,0.0,0.0,0.0,0.0,emping komak,High protein
"Komak, segar",1.10 g,99.0,3.3,21.2,0.1,0.0,15.0,10.3,4.6,5.5,6.52,0.15,1.0,0.0,0.0,0.0,0.0,0.0,0.0,0.0,"komak, segar",Low Sugar
Chatime hazelnut milk tea,1 g,244.0,1.0,36.0,10.5,28.5,0.0,0.0,11.35,1.67,11.08,15.67,0.0,0.0,0.0,0.0,12.0,12.0,16.0,0.0,chatime hazelnut milk tea,Snack
Chatime hazelnut milk tea (no sugar),1 g,185.0,1.0,20.5,11.0,15.0,0.0,0.0,8.6,1.67,6.31,16.42,0.0,0.0,0.0,0.0,7.0,9.0,17.0,0.0,chatime hazelnut milk tea (no sugar),Snack
gastone lago poker wafer with hazelnut cream,1 g,130.0,1.0,17.0,6.0,0.0,35.0,0.0,6.05,1.67,5.23,8.96,2.33,0.0,0.0,0.0,6.0,7.0,9.0,0.0,gastone lago poker wafer with hazelnut cream,Low Sugar
"Saga merah terkupas, mentah",3.90 g,449.0,30.6,31.9,25.5,0.0,66.0,3.5,20.88,51.0,9.82,38.06,4.4,0.0,0.0,0.0,0.0,0.0,0.0,0.0,"saga merah terkupas, mentah",High protein
Mom's Recipe Silky Pudding rasa peach (155 g),9 g,430.0,9.0,76.0,10.0,56.0,150.0,0.0,20.0,15.0,23.38,14.93,10.0,45.0,0.0,0.0,24.0,20.0,0.0,0.0,mom's recipe silky pudding rasa peach (155 g),Snack
Mom's Recipe Silky Pudding rasa biskuit (155 g),7 g,440.0,7.0,75.0,13.0,51.0,320.0,0.0,20.47,11.67,23.08,19.4,21.33,60.0,22.0,0.0,24.0,0.0,0.0,0.0,mom's recipe silky pudding rasa biskuit (155 g),Snack
Mom's Recipe Silky Pudding rasa cokelat (155 g),3 g,130.0,3.0,23.0,3.5,17.0,35.0,0.0,6.05,5.0,7.08,5.22,2.33,15.0,0.0,0.0,8.0,7.0,0.0,0.0,mom's recipe silky pudding rasa cokelat (155 g),Healthy
Mom's Recipe Silky Pudding rasa permen karet (155 g),3 g,130.0,3.0,24.0,3.0,17.0,40.0,0.0,6.05,5.0,7.38,4.48,2.67,13.0,0.0,0.0,8.0,7.0,0.0,0.0,mom's recipe silky pudding rasa permen karet (155 g),Healthy
Kewpie mayonais original,1 g,100.0,1.0,0.0,11.0,0.0,70.0,0.0,4.65,1.67,0.0,16.42,4.67,0.0,5.0,0.0,0.0,5.0,17.0,0.0,kewpie mayonais original,Low Carb
Kewpie Thousand island,1 g,70.0,1.0,4.0,6.0,0.0,260.0,0.0,3.26,1.67,1.23,8.96,17.33,0.0,18.0,0.0,0.0,4.0,9.0,0.0,kewpie thousand island,Low Carb
Kewpie Tomat pedas,1 g,80.0,1.0,5.0,6.0,0.0,350.0,0.0,3.72,1.67,1.54,8.96,23.33,0.0,24.0,0.0,0.0,4.0,9.0,0.0,kewpie tomat pedas,Low Carb
Kewpie Wijen sangrai,1 g,90.0,1.0,5.0,7.0,0.0,190.0,0.0,4.19,1.67,1.54,10.45,12.67,0.0,13.0,0.0,0.0,5.0,11.0,0.0,kewpie wijen sangrai,Low Carb
"Kentang, segar",0.80 g,62.0,2.1,13.5,0.2,0.0,7.0,0.5,2.88,3.5,4.15,0.3,0.47,0.0,0.0,0.0,0.0,0.0,0.0,0.0,"kentang, segar",Low Sugar
Happytos,1 g,144.0,2.0,16.0,7.0,0.0,0.0,1.0,6.7,3.33,4.92,10.45,0.0,0.0,0.0,0.0,0.0,7.0,11.0,0.0,happytos,Low Sugar
japato potato chips rasa happy honey butter,1 g,100.0,1.0,13.0,5.0,0.0,270.0,0.0,4.65,1.67,4.0,7.46,18.0,0.0,18.0,0.0,0.0,5.0,8.0,0.0,japato potato chips rasa happy honey butter,Low Sugar
Happy Tos Corn Chips,1 g,130.0,2.0,16.0,6.0,1.0,100.0,1.0,6.05,3.33,4.92,8.96,6.67,13.0,7.0,0.0,0.0,0.0,9.0,0.0,happy tos corn chips,Low Sugar
Yoshinoya Beef bowl (Large bowl),5 g,1040.0,43.0,131.0,38.0,8.0,0.0,5.0,48.37,71.67,40.31,56.72,0.0,0.0,0.0,72.0,0.0,49.0,57.0,0.0,yoshinoya beef bowl (large bowl),High protein
Yoshinoya Teriyaki (Large bowl),9 g,1140.0,66.0,165.0,25.0,25.0,0.0,9.0,53.02,110.0,50.77,37.31,0.0,0.0,0.0,110.0,51.0,54.0,0.0,0.0,yoshinoya teriyaki (large bowl),High protein
"Daun sintrong, segar",1.90 g,36.0,2.6,6.1,0.9,0.0,64.0,1.7,1.67,4.33,1.88,1.34,4.27,0.0,0.0,0.0,0.0,0.0,0.0,0.0,"daun sintrong, segar",Low Carb
"Daun ubi tinta, segar",1.20 g,55.0,1.7,11.9,0.1,0.0,10.0,7.6,2.56,2.83,3.66,0.15,0.67,0.0,0.0,0.0,0.0,0.0,0.0,0.0,"daun ubi tinta, segar",Low Sugar
Sukun muda,1 g,119.0,1.4,28.1,0.2,0.0,24.0,1.4,5.53,2.33,8.65,0.3,1.6,0.0,0.0,0.0,0.0,0.0,0.0,0.0,sukun muda,Low Sugar
Kacang tanah sangan tanpa selaput,2.70 g,559.0,26.9,23.6,44.2,0.0,33.0,2.6,26.0,44.83,7.26,65.97,2.2,0.0,0.0,0.0,0.0,0.0,0.0,0.0,kacang tanah sangan tanpa selaput,High protein
"Daun selasih, segar",1.90 g,62.0,4.0,10.5,0.5,0.0,3.0,5.3,2.88,6.67,3.23,0.75,0.2,0.0,0.0,0.0,0.0,0.0,0.0,0.0,"daun selasih, segar",Low Sugar
"Peterseli, segar",2.40 g,53.0,3.7,9.0,1.0,0.0,18.0,0.0,2.47,6.17,2.77,1.49,1.2,0.0,0.0,0.0,0.0,0.0,0.0,0.0,"peterseli, segar",Low Carb
Kenari kering,3 g,657.0,15.0,13.0,66.0,0.0,3.0,0.0,30.56,25.0,4.0,98.51,0.2,0.0,0.0,0.0,0.0,0.0,0.0,0.0,kenari kering,High protein
"Pindang kenari, masakan",2.80 g,124.0,9.5,0.0,9.6,0.0,370.0,0.0,5.77,15.83,0.0,14.33,24.67,0.0,0.0,0.0,0.0,0.0,0.0,0.0,"pindang kenari, masakan",Low Carb
"Daun pepaya, segar",2.70 g,87.0,8.0,11.9,2.0,0.0,4.0,1.5,4.05,13.33,3.66,2.99,0.27,0.0,0.0,0.0,0.0,0.0,0.0,0.0,"daun pepaya, segar",Low Sugar
"Kabau, segar",0.60 g,130.0,6.7,25.2,0.3,0.0,1.0,2.9,6.05,11.17,7.75,0.45,0.07,0.0,0.0,0.0,0.0,0.0,0.0,0.0,"kabau, segar",Low Sugar
"Ayam goreng sukabumi, dada",3.40 g,244.0,36.7,1.0,9.2,0.0,0.0,0.0,11.35,61.17,0.31,13.73,0.0,0.0,0.0,0.0,0.0,0.0,0.0,0.0,"ayam goreng sukabumi, dada",High protein
"Ayam goreng sukabumi, paha",3.60 g,283.0,35.7,0.5,14.3,0.0,0.0,0.0,13.16,59.5,0.15,21.34,0.0,0.0,0.0,0.0,0.0,0.0,0.0,0.0,"ayam goreng sukabumi, paha",High protein
Jamur encik,2.70 g,296.0,9.4,62.0,0.1,0.0,2.0,0.0,13.77,15.67,19.08,0.15,0.13,0.0,0.0,0.0,0.0,0.0,0.0,0.0,jamur encik,Low Sugar
French fries,4 g,380.0,5.0,53.0,17.0,0.0,0.0,4.0,17.67,8.33,16.31,25.37,0.0,0.0,0.0,0.0,17.0,18.0,26.0,0.0,french fries,Low Sugar
Curry Croquette,1 g,180.0,1.0,21.0,9.0,1.0,0.0,1.0,8.37,1.67,6.46,13.43,0.0,0.0,0.0,0.0,7.0,9.0,14.0,0.0,curry croquette,Low Sugar
Jantung pisang segar,1.20 g,32.0,1.2,7.1,0.3,0.0,3.0,3.2,1.49,2.0,2.18,0.45,0.2,0.0,0.0,0.0,0.0,0.0,0.0,0.0,jantung pisang segar,Low Carb
"Jeruk nipis, segar",0.40 g,44.0,0.5,10.0,0.2,0.0,3.0,0.4,2.05,0.83,3.08,0.3,0.2,0.0,0.0,0.0,0.0,0.0,0.0,0.0,"jeruk nipis, segar",Low Carb
"Pempek belida, masakan",1.40 g,156.0,4.2,31.6,1.4,0.0,0.0,0.2,7.26,7.0,9.72,2.09,0.0,0.0,0.0,0.0,0.0,0.0,0.0,0.0,"pempek belida, masakan",Low Sugar
"Pempek kapal selam, masakan",1.60 g,152.0,4.5,28.2,2.3,0.0,628.0,0.0,7.07,7.5,8.68,3.43,41.87,0.0,0.0,0.0,0.0,0.0,0.0,0.0,"pempek kapal selam, masakan",Low Sugar
"Sapi, daleman, segar",2.10 g,183.0,12.0,1.4,14.4,0.0,277.0,0.0,8.51,20.0,0.43,21.49,18.47,0.0,0.0,0.0,0.0,0.0,0.0,0.0,"sapi, daleman, segar",Low Carb
Ayam brand tuna dalam air,13 g,50.0,13.0,0.0,0.0,0.0,0.0,0.0,2.33,21.67,0.0,0.0,0.0,0.0,0.0,22.0,0.0,3.0,0.0,0.0,ayam brand tuna dalam air,Low Carb
"Daun matel ambon, segar",3 g,71.0,6.8,11.5,1.6,0.0,0.0,4.6,3.3,11.33,3.54,2.39,0.0,0.0,0.0,0.0,0.0,0.0,0.0,0.0,"daun matel ambon, segar",Low Sugar
"Daun singkong ambon, segar",2.90 g,144.0,12.7,25.2,1.2,0.0,44.0,10.2,6.7,21.17,7.75,1.79,2.93,0.0,0.0,0.0,0.0,0.0,0.0,0.0,"daun singkong ambon, segar",Low Sugar
"Pisang ambon, segar",1 g,108.0,1.0,24.3,0.8,0.0,10.0,1.9,5.02,1.67,7.48,1.19,0.67,0.0,0.0,0.0,0.0,0.0,0.0,0.0,"pisang ambon, segar",Low Sugar
WRP lose weight meal replacement,3 g,15.0,14.0,35.0,1.5,16.0,260.0,3.0,9.77,23.33,10.77,2.24,17.33,0.0,18.0,24.0,0.0,0.0,0.0,0.0,wrp lose weight meal replacement,Healthy
Ayam bacem,13.70 g,147.0,13.7,8.3,6.7,0.0,0.0,0.0,6.84,22.83,2.55,10.0,0.0,0.0,0.0,23.0,0.0,7.0,10.0,0.0,ayam bacem,Low Carb
Tahu bacem,1.90 g,24.0,1.9,1.09,1.47,0.0,34.0,0.0,1.12,3.17,0.34,2.19,2.27,0.0,3.0,4.0,0.0,0.0,3.0,0.0,tahu bacem,Low Carb
cemcem pilus rasa keju panggang,1 g,100.0,1.0,13.0,5.0,0.0,270.0,0.0,4.65,1.67,4.0,7.46,18.0,0.0,18.0,0.0,0.0,5.0,8.0,0.0,cemcem pilus rasa keju panggang,Low Sugar
Pronas kornet ayam,2 g,70.0,5.0,5.0,3.0,0.0,0.0,2.0,3.26,8.33,1.54,4.48,0.0,0.0,0.0,9.0,0.0,0.0,5.0,7.0,pronas kornet ayam,Low Carb
"Tebu terubuk (lilin), segar",1 g,30.0,4.6,3.0,0.4,0.0,699.0,0.8,1.4,7.67,0.92,0.6,46.6,0.0,0.0,0.0,0.0,0.0,0.0,0.0,"tebu terubuk (lilin), segar",Low Carb
Bentul kukus,0.90 g,71.0,2.3,15.4,0.3,0.0,0.0,0.5,3.3,3.83,4.74,0.45,0.0,0.0,0.0,0.0,0.0,0.0,0.0,0.0,bentul kukus,Low Sugar
"Nanas palembang, segar",0.30 g,58.0,0.7,13.3,0.2,0.0,7.0,1.6,2.7,1.17,4.09,0.3,0.47,0.0,0.0,0.0,0.0,0.0,0.0,0.0,"nanas palembang, segar",Low Sugar
"Empal (daging) goreng, masakan",2 g,248.0,36.2,10.1,6.9,0.0,848.0,0.0,11.53,60.33,3.11,10.3,56.53,0.0,0.0,0.0,0.0,0.0,0.0,0.0,"empal (daging) goreng, masakan",High protein
"Ikan Paling, segar",1 g,303.0,14.0,0.0,27.0,0.0,43.0,0.0,14.09,23.33,0.0,40.3,2.87,0.0,0.0,0.0,0.0,0.0,0.0,0.0,"ikan paling, segar",Low Carb
Esprecielo caramel macchiato,0 g,110.0,1.0,17.0,4.0,10.0,0.0,0.0,5.12,1.67,5.23,5.97,0.0,0.0,0.0,0.0,6.0,6.0,6.0,0.0,esprecielo caramel macchiato,Healthy
Starbucks Espresso Brownie,4 g,370.0,4.0,43.0,21.0,30.0,115.0,0.0,17.21,6.67,13.23,31.34,7.67,0.0,0.0,0.0,14.0,18.0,32.0,0.0,starbucks espresso brownie,Snack
Piatos iga penyet,0 g,60.0,0.0,7.0,3.5,0.0,80.0,0.0,2.79,0.0,2.15,5.22,5.33,0.0,6.0,0.0,0.0,3.0,6.0,0.0,piatos iga penyet,Low Carb
piattos iga penyet,1 g,60.0,1.0,13.0,7.0,0.0,160.0,0.0,5.58,1.67,4.0,10.45,10.67,15.0,11.0,0.0,0.0,0.0,11.0,0.0,piattos iga penyet,Low Sugar
Pia 100 Rasa Kacang Hijau,2 g,100.0,2.0,17.0,3.0,0.0,15.0,0.0,4.65,3.33,5.23,4.48,1.0,0.0,0.0,0.0,6.0,5.0,5.0,0.0,pia 100 rasa kacang hijau,Low Sugar
japato potato chips rasa rumput laut,1 g,150.0,1.0,15.0,10.0,0.0,150.0,0.0,6.98,1.67,4.62,14.93,10.0,0.0,10.0,0.0,0.0,7.0,15.0,0.0,japato potato chips rasa rumput laut,Low Sugar
Pork rib,19.90 g,211.0,19.9,0.0,12.01,0.0,0.0,0.0,9.81,33.17,0.0,17.93,0.0,0.0,0.0,0.0,0.0,0.0,0.0,0.0,pork rib,High protein
Kacang tanah sangan,2.10 g,560.0,29.5,24.1,43.0,0.0,34.0,2.9,26.05,49.17,7.42,64.18,2.27,0.0,0.0,0.0,0.0,0.0,0.0,0.0,kacang tanah sangan,High protein
Frozen food Puff Pastry Sheet,3 g,200.0,3.0,18.0,13.0,0.0,0.0,0.0,9.3,5.0,5.54,19.4,0.0,0.0,0.0,0.0,6.0,10.0,20.0,0.0,frozen food puff pastry sheet,Low Sugar
Cheetos Puffs,0.90 g,160.0,2.0,16.0,10.0,0.9,0.0,0.9,7.44,3.33,4.92,14.93,0.0,0.0,0.0,0.0,5.0,8.0,15.0,0.0,cheetos puffs,Low Sugar
Promina puff rasa blueberry,1 g,80.0,1.0,10.0,3.0,0.0,0.0,0.0,3.72,1.67,3.08,4.48,0.0,0.0,0.0,0.0,4.0,4.0,5.0,0.0,promina puff rasa blueberry,Low Carb
Floridina Orange Pulp & Coco Bitz,0 g,90.0,0.0,21.0,0.0,19.0,25.0,0.0,4.19,0.0,6.46,0.0,1.67,0.0,2.0,0.0,7.0,5.0,0.0,0.0,floridina orange pulp & coco bitz,Healthy
Minute Maid Pulpy rasa jambu,0 g,0.0,0.0,23.0,0.0,22.0,20.0,0.0,4.19,0.0,7.08,0.0,1.33,0.0,2.0,0.0,8.0,5.0,0.0,0.0,minute maid pulpy rasa jambu,Healthy
Minute Maid Pulpy rasa jeruk,0 g,130.0,0.0,34.0,0.0,27.0,45.0,0.0,6.05,0.0,10.46,0.0,3.0,0.0,3.0,0.0,11.0,7.0,0.0,0.0,minute maid pulpy rasa jeruk,Healthy
Minute Maid Pulpy rasa anggur dengan nata de coco,0 g,0.0,0.0,28.0,0.0,24.0,10.0,0.0,5.12,0.0,8.62,0.0,0.67,0.0,1.0,0.0,9.0,6.0,0.0,0.0,minute maid pulpy rasa anggur dengan nata de coco,Healthy
kentang rebus,2.50 g,76.0,1.37,17.72,0.14,5.74,27.0,2.5,3.53,2.28,5.45,0.21,1.8,0.0,0.0,0.0,0.0,0.0,0.0,9.0,kentang rebus,Healthy
"Ikan Cakalang, segar",1.20 g,107.0,19.6,5.5,0.7,0.0,66.0,0.0,4.98,32.67,1.69,1.04,4.4,0.0,0.0,0.0,0.0,0.0,0.0,0.0,"ikan cakalang, segar",High protein
Jawara cabai tabur jambal,0 g,10.0,0.0,2.0,0.0,0.0,150.0,0.0,0.47,0.0,0.62,0.0,10.0,0.0,10.0,0.0,1.0,1.0,0.0,0.0,jawara cabai tabur jambal,Low Carb
Jawara cabai tabur bawang goreng,0 g,10.0,0.0,2.0,0.0,0.0,150.0,0.0,0.47,0.0,0.62,0.0,10.0,0.0,10.0,0.0,1.0,1.0,0.0,0.0,jawara cabai tabur bawang goreng,Low Carb
Red Bull,0 g,112.0,0.0,28.0,0.0,0.0,0.0,0.0,5.21,0.0,8.62,0.0,0.0,0.0,0.0,0.0,9.0,6.0,0.0,0.0,red bull,Low Sugar
Sushi red bull roll,1 g,484.0,28.0,72.0,7.5,28.0,0.0,1.0,22.51,46.67,22.15,11.19,0.0,0.0,0.0,47.0,23.0,23.0,0.0,0.0,sushi red bull roll,High protein
OREO SOFT CAKE,1 g,80.0,1.0,8.0,5.0,0.0,50.0,0.0,3.72,1.67,2.46,7.46,3.33,0.0,4.0,0.0,0.0,4.0,8.0,0.0,oreo soft cake,Low Carb
Koko krunch,1 g,110.0,2.0,23.0,1.0,9.0,0.0,1.0,5.12,3.33,7.08,1.49,0.0,0.0,0.0,4.0,8.0,6.0,0.0,0.0,koko krunch,Healthy
Krupuk udang Ny. Siok (mentah),2 g,70.0,2.0,16.0,0.0,2.0,260.0,0.0,3.26,3.33,4.92,0.0,17.33,0.0,18.0,4.0,5.0,0.0,0.0,0.0,krupuk udang ny. siok (mentah),Low Sugar
Cookies Oat krunch coklat gelap,2 g,120.0,2.0,18.0,4.5,6.0,0.0,2.0,5.58,3.33,5.54,6.72,0.0,0.0,0.0,0.0,0.0,6.0,7.0,7.0,cookies oat krunch coklat gelap,Healthy
Kacang tunis,3.20 g,351.0,12.2,72.9,1.2,0.0,1.0,29.5,16.33,20.33,22.43,1.79,0.07,0.0,0.0,0.0,0.0,0.0,0.0,0.0,kacang tunis,Low Sugar
"Carica papaya, segar",0.90 g,24.0,1.9,3.7,0.2,0.0,0.0,1.0,1.12,3.17,1.14,0.3,0.0,0.0,0.0,0.0,0.0,0.0,0.0,0.0,"carica papaya, segar",Low Carb
Rica-rica taipa,1.40 g,49.0,1.6,10.0,0.3,0.0,426.0,0.0,2.28,2.67,3.08,0.45,28.4,0.0,0.0,0.0,0.0,0.0,0.0,0.0,rica-rica taipa,Low Carb
Babi hutan masak rica,2.70 g,491.0,24.6,0.2,16.3,0.0,1415.0,0.0,22.84,41.0,0.06,24.33,94.33,0.0,0.0,0.0,0.0,0.0,0.0,0.0,babi hutan masak rica,High protein
"Tikus rica, masakan",4 g,257.0,18.8,3.8,18.5,0.0,1724.0,0.0,11.95,31.33,1.17,27.61,114.93,0.0,0.0,0.0,0.0,0.0,0.0,0.0,"tikus rica, masakan",High protein
"Merica, kering",4.40 g,365.0,11.5,64.4,6.8,0.0,4.0,1.0,16.98,19.17,19.82,10.15,0.27,0.0,0.0,0.0,0.0,0.0,0.0,0.0,"merica, kering",Low Sugar
"Ale, toge, tauge, kecambah, segar",0.70 g,37.0,4.4,3.8,0.5,0.0,2.0,1.7,1.72,7.33,1.17,0.75,0.13,0.0,0.0,0.0,0.0,0.0,0.0,0.0,"ale, toge, tauge, kecambah, segar",Low Carb
Folabee rasa coklat,2 g,25.0,3.0,26.0,5.0,9.0,190.0,2.0,7.44,5.0,8.0,7.46,12.67,13.0,13.0,0.0,8.0,0.0,0.0,0.0,folabee rasa coklat,Healthy
Pop Ice Rasa Cokelat,1 g,10.0,1.0,22.0,1.0,17.0,35.0,0.0,4.65,1.67,6.77,1.49,2.33,0.0,3.0,0.0,7.0,5.0,0.0,0.0,pop ice rasa cokelat,Healthy
Matcha Tea Latte,6.50 g,190.0,6.5,31.5,4.0,30.0,0.0,0.0,8.84,10.83,9.69,5.97,0.0,0.0,0.0,11.0,10.0,9.0,0.0,0.0,matcha tea latte,Snack
"Labu kuning, segar",1.20 g,51.0,1.7,10.0,0.5,0.0,280.0,2.7,2.37,2.83,3.08,0.75,18.67,0.0,0.0,0.0,0.0,0.0,0.0,0.0,"labu kuning, segar",Low Carb
Susu Slim dan fit coklat,5 g,200.0,15.0,30.0,3.0,12.0,0.0,5.0,9.3,25.0,9.23,4.48,0.0,0.0,0.0,25.0,0.0,10.0,0.0,17.0,susu slim dan fit coklat,High protein
Susu Slim dan fit vanila,5 g,200.0,15.0,30.0,2.5,13.0,0.0,5.0,9.3,25.0,9.23,3.73,0.0,0.0,0.0,25.0,0.0,10.0,0.0,17.0,susu slim dan fit vanila,High protein
Fitmee mie goreng Korea,3 g,150.0,1.0,29.0,4.0,6.0,400.0,3.0,6.98,1.67,8.92,5.97,26.67,0.0,27.0,0.0,9.0,0.0,0.0,10.0,fitmee mie goreng korea,Healthy
Fitmee rasa soto,2 g,60.0,0.0,10.0,2.0,2.0,430.0,2.0,2.79,0.0,3.08,2.99,28.67,0.0,29.0,0.0,4.0,0.0,0.0,7.0,fitmee rasa soto,Low Carb
"Terong asam, segar",0.80 g,37.0,2.0,6.3,0.4,0.0,3.0,3.2,1.72,3.33,1.94,0.6,0.2,0.0,0.0,0.0,0.0,0.0,0.0,0.0,"terong asam, segar",Low Carb
Lema / rebung asam,0.40 g,15.0,1.0,1.9,0.4,0.0,3.0,0.0,0.7,1.67,0.58,0.6,0.2,0.0,0.0,0.0,0.0,0.0,0.0,0.0,lema / rebung asam,Low Carb
san remo pasta sauce spaghetti (mentah),3.80 g,457.0,15.0,90.0,2.5,3.1,0.0,3.8,21.26,25.0,27.69,3.73,0.0,0.0,0.0,25.0,28.0,22.0,0.0,0.0,san remo pasta sauce spaghetti (mentah),High protein
Pasta La fonte spaghetti with mushroom sauce,3 g,340.0,8.0,60.0,4.0,7.0,0.0,3.0,15.81,13.33,18.46,5.97,0.0,0.0,0.0,14.0,19.0,16.0,0.0,0.0,pasta la fonte spaghetti with mushroom sauce,Snack
Pasta La fonte spaghetti with chicken sauce,4 g,340.0,10.0,57.0,8.0,0.0,0.0,4.0,15.81,16.67,17.54,11.94,0.0,0.0,0.0,17.0,18.0,16.0,0.0,0.0,pasta la fonte spaghetti with chicken sauce,Low Sugar
tini mini biti,1 g,60.0,1.0,8.0,2.5,0.0,140.0,0.0,2.79,1.67,2.46,3.73,9.33,0.0,10.0,0.0,0.0,3.0,4.0,0.0,tini mini biti,Low Carb
Kacang atom,2.20 g,533.0,27.8,28.8,38.1,0.0,0.0,2.5,24.79,46.33,8.86,56.87,0.0,0.0,0.0,0.0,0.0,0.0,0.0,0.0,kacang atom,High protein
"Tomat merah, segar",0.60 g,24.0,1.3,4.7,0.5,0.0,10.0,1.5,1.12,2.17,1.45,0.75,0.67,0.0,0.0,0.0,0.0,0.0,0.0,0.0,"tomat merah, segar",Low Carb
"Tomat muda, segar",2 g,24.0,2.0,3.3,0.7,0.0,10.0,1.8,1.12,3.33,1.02,1.04,0.67,0.0,0.0,0.0,0.0,0.0,0.0,0.0,"tomat muda, segar",Low Carb
Ikan Katombo asin,15.50 g,162.0,31.7,0.3,2.8,0.0,4393.0,0.0,7.53,52.83,0.09,4.18,292.87,0.0,0.0,0.0,0.0,0.0,0.0,0.0,ikan katombo asin,High protein
Yogurt greek yummy strawberry,8 g,120.0,8.0,16.0,3.0,9.0,70.0,0.0,5.58,13.33,4.92,4.48,4.67,0.0,0.0,14.0,5.0,6.0,0.0,0.0,yogurt greek yummy strawberry,Healthy
Mayumi saus creamy serbaguna rasa pedas (180 g),591 g,100.0,0.0,3.0,10.0,3.0,270.0,0.0,4.65,0.0,0.92,14.93,18.0,0.0,18.0,0.0,0.0,0.0,0.0,0.0,mayumi saus creamy serbaguna rasa pedas (180 g),Low Carb
Yummy bites Originak,2 g,50.0,2.0,8.0,1.0,2.0,35.0,0.0,2.33,3.33,2.46,1.49,2.33,0.0,3.0,4.0,3.0,0.0,0.0,0.0,yummy bites originak,Low Carb
Soboro Bread,1 g,300.0,7.0,56.0,7.0,16.0,0.0,1.0,13.95,11.67,17.23,10.45,0.0,0.0,0.0,12.0,18.0,14.0,0.0,0.0,soboro bread,Snack
Beras siger,0.70 g,344.0,1.1,28.3,0.2,0.0,106.0,5.6,16.0,1.83,8.71,0.3,7.07,0.0,0.0,0.0,0.0,0.0,0.0,0.0,beras siger,Low Sugar
Doritos Nacho Cheese,2 g,100.0,2.0,12.0,5.0,0.0,125.0,0.0,4.65,3.33,3.69,7.46,8.33,0.0,9.0,0.0,0.0,5.0,8.0,0.0,doritos nacho cheese,Low Sugar
"Ayam, ampela, goreng",1.80 g,270.0,32.3,9.9,11.2,0.0,980.0,0.0,12.56,53.83,3.05,16.72,65.33,0.0,0.0,0.0,0.0,0.0,0.0,0.0,"ayam, ampela, goreng",High protein
"Sop daging sapi, masakan",0.90 g,49.0,5.8,5.3,0.5,0.0,391.0,0.0,2.28,9.67,1.63,0.75,26.07,0.0,0.0,0.0,0.0,0.0,0.0,0.0,"sop daging sapi, masakan",Low Carb
"Sop kaki sapi, masakan",0.90 g,68.0,9.0,3.7,1.9,0.0,435.0,0.0,3.16,15.0,1.14,2.84,29.0,0.0,0.0,0.0,0.0,0.0,0.0,0.0,"sop kaki sapi, masakan",Low Carb
"Gatep, segar",1.60 g,191.0,4.5,39.7,1.5,0.0,17.0,13.4,8.88,7.5,12.22,2.24,1.13,0.0,0.0,0.0,0.0,0.0,0.0,0.0,"gatep, segar",Low Sugar
Teh botol sosro tawar,0 g,0.0,0.0,0.0,0.0,0.0,0.0,0.0,0.0,0.0,0.0,0.0,0.0,0.0,0.0,0.0,0.0,0.0,0.0,0.0,teh botol sosro tawar,Low Carb
Keju Castello Brie,0 g,73.0,5.0,0.03,6.0,0.03,0.0,0.0,3.4,8.33,0.01,8.96,0.0,0.0,0.0,9.0,0.0,4.0,9.0,0.0,keju castello brie,Low Carb
Keju Castello camembert,5 g,73.0,5.0,0.03,6.0,0.03,0.0,0.0,3.4,8.33,0.01,8.96,0.0,0.0,0.0,9.0,0.0,4.0,9.0,0.0,keju castello camembert,Low Carb
"Betok wadi, masakan",3.40 g,145.0,16.3,4.1,7.0,0.0,69.0,0.0,6.74,27.17,1.26,10.45,4.6,0.0,0.0,0.0,0.0,0.0,0.0,0.0,"betok wadi, masakan",High protein
"Ikan Papuyu / betok, segar",1.20 g,120.0,14.3,4.6,4.9,0.0,240.0,0.0,5.58,23.83,1.42,7.31,16.0,0.0,0.0,0.0,0.0,0.0,0.0,0.0,"ikan papuyu / betok, segar",Low Carb
Diabetasol sweetener,0 g,0.0,0.0,1.0,0.0,0.0,0.0,0.0,0.0,0.0,0.31,0.0,0.0,0.0,0.0,0.0,1.0,0.0,0.0,0.0,diabetasol sweetener,Low Carb
MILO cereal,2 g,110.0,2.0,23.0,1.0,9.0,0.0,2.0,5.12,3.33,7.08,1.49,0.0,0.0,0.0,0.0,8.0,6.0,0.0,7.0,milo cereal,Healthy
Origo coffe cereal latte,6.80 g,238.0,6.8,38.69,6.0,17.39,0.0,0.0,11.07,11.33,11.9,8.96,0.0,0.0,0.0,12.0,12.0,12.0,0.0,0.0,origo coffe cereal latte,Snack
Ayam brand chilli tuna,8 g,100.0,8.0,3.0,6.0,2.0,0.0,0.0,4.65,13.33,0.92,8.96,0.0,0.0,0.0,14.0,0.0,5.0,9.0,0.0,ayam brand chilli tuna,Low Carb
Baked Potato Chili'n cheese,8 g,460.0,19.0,71.0,11.0,7.0,0.0,8.0,21.4,31.67,21.85,16.42,0.0,0.0,0.0,32.0,22.0,0.0,0.0,27.0,baked potato chili'n cheese,High protein
Chili Cheese Fries ( 1 porsi),6 g,500.0,16.0,53.0,25.0,4.0,0.0,6.0,23.26,26.67,16.31,37.31,0.0,0.0,0.0,27.0,0.0,24.0,38.0,0.0,chili cheese fries ( 1 porsi),High protein
hilo teen,6 g,25.0,6.0,33.0,2.5,26.0,135.0,0.0,8.37,10.0,10.15,3.73,9.0,0.0,0.0,0.0,0.0,0.0,0.0,0.0,hilo teen,Healthy
Gemez Enaak Snack Mi,2 g,40.0,2.0,13.0,4.0,0.0,240.0,0.0,4.65,3.33,4.0,5.97,16.0,0.0,16.0,0.0,0.0,0.0,6.0,0.0,gemez enaak snack mi,Low Sugar
Pankreas kambing (mentah),0 g,152.0,14.84,0.0,9.82,0.0,0.0,0.0,7.07,24.73,0.0,14.66,0.0,0.0,0.0,25.0,0.0,0.0,15.0,0.0,pankreas kambing (mentah),Low Carb
Domino Pizza Beef Pepperoni feast,2 g,370.0,16.0,36.0,17.0,3.0,890.0,2.0,17.21,26.67,11.08,25.37,59.33,0.0,60.0,27.0,0.0,0.0,26.0,0.0,domino pizza beef pepperoni feast,High protein
"Jasuke, jagung susu keju",3.22 g,86.0,3.22,19.02,1.18,0.0,0.0,0.0,4.0,5.37,5.85,1.76,0.0,0.0,0.0,6.0,6.0,4.0,0.0,0.0,"jasuke, jagung susu keju",Low Sugar
TEH KOTAK JASMINE TEA,0 g,100.0,0.0,26.0,0.0,26.0,15.0,0.0,4.65,0.0,8.0,0.0,1.0,0.0,1.0,0.0,8.0,5.0,0.0,0.0,teh kotak jasmine tea,Healthy
Sayur lilin-terubuk,1.40 g,36.0,2.7,4.8,0.7,0.0,30.0,1.4,1.67,4.5,1.48,1.04,2.0,0.0,0.0,0.0,0.0,0.0,0.0,0.0,sayur lilin-terubuk,Low Carb
Yupi Gummy Pizza,1 g,0.0,1.0,12.0,0.0,8.0,0.0,0.0,2.33,1.67,3.69,0.0,0.0,0.0,0.0,2.0,4.0,3.0,0.0,0.0,yupi gummy pizza,Healthy
"Labu waluh, segar",1 g,32.0,1.1,6.6,0.1,0.0,1.0,0.5,1.49,1.83,2.03,0.15,0.07,0.0,0.0,0.0,0.0,0.0,0.0,0.0,"labu waluh, segar",Low Carb
Waluh balamak,1 g,45.0,0.8,8.1,0.9,0.0,61.0,7.9,2.09,1.33,2.49,1.34,4.07,0.0,0.0,0.0,0.0,0.0,0.0,0.0,waluh balamak,Low Carb
"Ikan Kawalinya, segar",1.70 g,110.0,12.6,5.4,4.2,0.0,340.0,0.0,5.12,21.0,1.66,6.27,22.67,0.0,0.0,0.0,0.0,0.0,0.0,0.0,"ikan kawalinya, segar",Low Carb
Brongkos,2.40 g,141.0,15.3,12.6,3.3,0.0,0.0,1.0,6.56,25.5,3.88,4.93,0.0,0.0,0.0,0.0,0.0,0.0,0.0,0.0,brongkos,High protein
"Mujahir acar kuning, masakan",4.60 g,330.0,17.8,12.1,23.4,0.0,0.0,1.1,15.35,29.67,3.72,34.93,0.0,0.0,0.0,0.0,0.0,0.0,0.0,0.0,"mujahir acar kuning, masakan",High protein
Kuaci Rebo salted caramel,1 g,50.0,2.0,1.0,4.0,0.0,90.0,1.0,2.33,3.33,0.31,5.97,6.0,0.0,6.0,0.0,0.0,0.0,6.0,4.0,kuaci rebo salted caramel,Low Carb
Wajik,1.99 g,152.0,1.99,34.2,0.68,0.0,70.0,0.0,7.07,3.32,10.52,1.01,4.67,0.0,5.0,0.0,11.0,8.0,0.0,0.0,wajik,Low Sugar
"Lantar, segar",0.80 g,34.0,2.2,5.5,0.3,0.0,3.0,2.9,1.58,3.67,1.69,0.45,0.2,0.0,0.0,0.0,0.0,0.0,0.0,0.0,"lantar, segar",Low Carb
"Lontar, segar",0.40 g,27.0,0.4,6.0,0.2,0.0,0.0,1.6,1.26,0.67,1.85,0.3,0.0,0.0,0.0,0.0,0.0,0.0,0.0,0.0,"lontar, segar",Low Carb
"Tekokak, segar",1 g,34.0,2.0,7.9,0.1,0.0,3.0,4.9,1.58,3.33,2.43,0.15,0.2,0.0,0.0,0.0,0.0,0.0,0.0,0.0,"tekokak, segar",Low Carb
Tekokak kering,8.10 g,302.0,8.3,72.6,1.7,0.0,9.0,21.2,14.05,13.83,22.34,2.54,0.6,0.0,0.0,0.0,0.0,0.0,0.0,0.0,tekokak kering,Low Sugar
"Ikan Kakap, segar",2.30 g,92.0,20.0,0.0,0.7,0.0,0.0,0.0,4.28,33.33,0.0,1.04,0.0,0.0,0.0,0.0,0.0,0.0,0.0,0.0,"ikan kakap, segar",High protein
Ikan Papuyu bakar,3 g,152.0,17.6,6.7,6.1,0.0,320.0,0.0,7.07,29.33,2.06,9.1,21.33,0.0,0.0,0.0,0.0,0.0,0.0,0.0,ikan papuyu bakar,High protein
"Udang papay, mentah",11.50 g,273.0,47.8,12.5,3.8,0.0,651.0,0.0,12.7,79.67,3.85,5.67,43.4,0.0,0.0,0.0,0.0,0.0,0.0,0.0,"udang papay, mentah",High protein
san remo pasta sauce wholemeal (mentah),11 g,452.0,19.0,78.0,4.0,4.0,0.0,11.0,21.02,31.67,24.0,5.97,0.0,0.0,0.0,32.0,24.0,0.0,0.0,37.0,san remo pasta sauce wholemeal (mentah),High protein
san remo pasta sauce spinach fettuccine(mentah),6 g,457.0,15.0,89.0,2.5,4.0,0.0,6.0,21.26,25.0,27.38,3.73,0.0,0.0,0.0,25.0,28.0,22.0,0.0,0.0,san remo pasta sauce spinach fettuccine(mentah),High protein
Ongol-ongol sagu,0.50 g,111.0,0.3,21.2,2.7,0.0,0.0,0.3,5.16,0.5,6.52,4.03,0.0,0.0,0.0,0.0,0.0,0.0,0.0,0.0,ongol-ongol sagu,Low Sugar
"Mangga golek, segar",0.40 g,63.0,0.5,16.7,0.2,0.0,3.0,2.3,2.93,0.83,5.14,0.3,0.2,0.0,0.0,0.0,0.0,0.0,0.0,0.0,"mangga golek, segar",Low Sugar
Indomie salted Egg,2 g,480.0,11.0,53.0,25.0,6.0,0.0,2.0,22.33,18.33,16.31,37.31,0.0,0.0,0.0,19.0,0.0,23.0,38.0,0.0,indomie salted egg,Snack
Sirup Sunquick Mango,0 g,45.0,0.0,10.0,0.0,9.0,0.0,0.0,2.09,0.0,3.08,0.0,0.0,0.0,0.0,0.0,4.0,3.0,0.0,0.0,sirup sunquick mango,Low Carb
"Sapi, otak, segar",1.30 g,123.0,10.4,0.8,8.6,0.0,112.0,0.0,5.72,17.33,0.25,12.84,7.47,0.0,0.0,0.0,0.0,0.0,0.0,0.0,"sapi, otak, segar",Low Carb
Susu kental tak manis,1.50 g,138.0,7.0,9.9,7.9,0.0,140.0,0.0,6.42,11.67,3.05,11.79,9.33,0.0,0.0,0.0,0.0,0.0,0.0,0.0,susu kental tak manis,Low Carb
"Kucai, segar",0.90 g,45.0,2.2,10.3,0.3,0.0,21.0,4.8,2.09,3.67,3.17,0.45,1.4,0.0,0.0,0.0,0.0,0.0,0.0,0.0,"kucai, segar",Low Sugar
"Tumis bandeng, masakan",1.90 g,189.0,11.3,0.6,15.7,0.0,314.0,0.0,8.79,18.83,0.18,23.43,20.93,0.0,0.0,0.0,0.0,0.0,0.0,0.0,"tumis bandeng, masakan",Low Carb
Biji wijen,17.73 g,573.0,17.73,23.45,49.67,0.0,0.0,0.0,26.65,29.55,7.22,74.13,0.0,0.0,0.0,0.0,0.0,0.0,0.0,0.0,biji wijen,High protein
Domino Pizza Extravaganza,2 g,390.0,17.0,38.0,18.0,3.0,970.0,2.0,18.14,28.33,11.69,26.87,64.67,0.0,65.0,29.0,0.0,0.0,27.0,0.0,domino pizza extravaganza,High protein
"Daun kacang panjang, segar",1.10 g,30.0,3.1,5.8,0.3,0.0,7.0,1.7,1.4,5.17,1.78,0.45,0.47,0.0,0.0,0.0,0.0,0.0,0.0,0.0,"daun kacang panjang, segar",Low Carb
"Kacang panjang, segar",0.50 g,31.0,2.3,5.3,0.1,0.0,30.0,2.7,1.44,3.83,1.63,0.15,2.0,0.0,0.0,0.0,0.0,0.0,0.0,0.0,"kacang panjang, segar",Low Carb
"Terung panjang, segar",0.70 g,25.0,2.1,5.3,0.1,0.0,9.0,0.5,1.16,3.5,1.63,0.15,0.6,0.0,0.0,0.0,0.0,0.0,0.0,0.0,"terung panjang, segar",Low Carb
"Ubi jalar merah, segar",0.60 g,151.0,1.6,35.4,0.3,0.0,92.0,0.7,7.02,2.67,10.89,0.45,6.13,0.0,0.0,0.0,0.0,0.0,0.0,0.0,"ubi jalar merah, segar",Low Sugar
"Ubi jalar putih, segar",0.80 g,88.0,0.4,20.6,0.4,0.0,2.0,4.0,4.09,0.67,6.34,0.6,0.13,0.0,0.0,0.0,0.0,0.0,0.0,0.0,"ubi jalar putih, segar",Low Sugar
Pork Belly,9.34 g,518.0,9.34,0.0,53.01,0.0,0.0,0.0,24.09,15.57,0.0,79.12,0.0,0.0,0.0,0.0,0.0,0.0,0.0,0.0,pork belly,Low Carb
Nugget Ayam Akumo,13 g,340.0,13.0,30.0,19.0,0.0,610.0,0.0,15.81,21.67,9.23,28.36,40.67,40.0,41.0,0.0,0.0,0.0,29.0,0.0,nugget ayam akumo,Low Sugar
NUtrijell Balanced Color Delima,1 g,0.0,0.0,3.0,0.0,1.0,15.0,1.0,0.47,0.0,0.92,0.0,1.0,0.0,1.0,0.0,1.0,0.0,0.0,4.0,nutrijell balanced color delima,Low Carb
Ellenka Fiber Creme,1 g,10.0,0.0,2.0,1.0,0.0,5.0,1.0,0.7,0.0,0.62,1.49,0.33,5.0,0.0,0.0,0.0,0.0,2.0,4.0,ellenka fiber creme,Low Carb
Teh pucuk harum,0 g,140.0,0.0,36.0,0.0,36.0,0.0,0.0,6.51,0.0,11.08,0.0,0.0,0.0,0.0,0.0,12.0,7.0,0.0,0.0,teh pucuk harum,Healthy
Sambal cuk original cabe,4 g,160.0,1.0,9.0,13.0,3.0,0.0,4.0,7.44,1.67,2.77,19.4,0.0,0.0,0.0,0.0,0.0,8.0,20.0,14.0,sambal cuk original cabe,Low Carb
Sambal cuk ikan roa asap,3 g,220.0,4.0,7.0,20.0,4.0,0.0,3.0,10.23,6.67,2.15,29.85,0.0,0.0,0.0,0.0,0.0,11.0,30.0,10.0,sambal cuk ikan roa asap,Low Carb
Ladaku Merica Bubuk,0 g,10.0,0.0,2.0,0.0,0.0,0.0,0.0,0.47,0.0,0.62,0.0,0.0,0.0,0.0,0.0,1.0,1.0,0.0,0.0,ladaku merica bubuk,Low Carb
gerry salut malkist rasa chocolate,2 g,130.0,2.0,19.0,5.0,5.0,120.0,0.0,6.05,3.33,5.85,7.46,8.0,13.0,8.0,0.0,0.0,0.0,8.0,0.0,gerry salut malkist rasa chocolate,Low Sugar
Lobster,1.88 g,77.0,16.52,0.0,0.75,0.0,423.0,0.0,3.58,27.53,0.0,1.12,28.2,0.0,0.0,0.0,0.0,0.0,0.0,0.0,lobster,High protein
Teh frestea,0 g,160.0,0.0,40.0,0.0,36.0,0.0,0.0,7.44,0.0,12.31,0.0,0.0,0.0,0.0,0.0,13.0,8.0,0.0,0.0,teh frestea,Snack
Baked lotus paste mooncake,1.34 g,191.0,2.78,25.38,8.66,0.0,0.0,1.34,8.88,4.63,7.81,12.93,0.0,0.0,0.0,0.0,8.0,9.0,13.0,0.0,baked lotus paste mooncake,Low Sugar
Sushi hand roll unagi,1 g,152.0,9.0,14.0,6.0,1.0,0.0,1.0,7.07,15.0,4.31,8.96,0.0,0.0,0.0,15.0,0.0,8.0,9.0,0.0,sushi hand roll unagi,Low Sugar
Sushi hand roll shrimp,1 g,90.0,8.0,9.0,2.0,0.5,0.0,1.0,4.19,13.33,2.77,2.99,0.0,0.0,0.0,14.0,0.0,5.0,0.0,4.0,sushi hand roll shrimp,Low Carb
"Saboko gurita, masakan",4.10 g,87.0,15.7,2.6,1.5,0.0,200.0,0.0,4.05,26.17,0.8,2.24,13.33,0.0,0.0,0.0,0.0,0.0,0.0,0.0,"saboko gurita, masakan",High protein
Coklat Ritter Sport Whole Almonds,3 g,140.0,3.0,13.0,9.0,9.0,0.0,0.0,6.51,5.0,4.0,13.43,0.0,0.0,0.0,5.0,0.0,7.0,14.0,0.0,coklat ritter sport whole almonds,Healthy
"Daun paku, segar",1.20 g,29.0,3.4,6.5,0.1,0.0,19.0,4.3,1.35,5.67,2.0,0.15,1.27,0.0,0.0,0.0,0.0,0.0,0.0,0.0,"daun paku, segar",Low Carb
"Ketimun krai, segar",0.50 g,10.0,0.5,2.0,0.2,0.0,10.0,0.6,0.47,0.83,0.62,0.3,0.67,0.0,0.0,0.0,0.0,0.0,0.0,0.0,"ketimun krai, segar",Low Carb
"Kranji, segar",2.90 g,315.0,2.1,73.5,1.4,0.0,0.0,3.6,14.65,3.5,22.62,2.09,0.0,0.0,0.0,0.0,0.0,0.0,0.0,0.0,"kranji, segar",Low Sugar
Quaker 3 in 1,1 g,120.0,1.0,22.0,3.0,11.0,0.0,1.0,5.58,1.67,6.77,4.48,0.0,0.0,0.0,0.0,7.0,6.0,5.0,0.0,quaker 3 in 1,Healthy
"Ikan Teri, bubuk, mentah",20.90 g,277.0,60.0,1.8,2.3,0.0,0.0,0.0,12.88,100.0,0.55,3.43,0.0,0.0,0.0,0.0,0.0,0.0,0.0,0.0,"ikan teri, bubuk, mentah",High protein
Heavenly Kitchen Thai Tea Latte,1 g,100.0,1.0,19.0,2.5,0.0,70.0,0.0,4.65,1.67,5.85,3.73,4.67,0.0,5.0,0.0,6.0,5.0,0.0,0.0,heavenly kitchen thai tea latte,Low Sugar
Milkita Assorted Milk Candy,0 g,15.0,0.0,14.0,1.5,9.0,5.0,0.0,3.26,0.0,4.31,2.24,0.33,0.0,0.0,0.0,5.0,4.0,3.0,0.0,milkita assorted milk candy,Healthy
"Kundur, segar",0.70 g,22.0,0.4,4.7,0.2,0.0,2.0,1.3,1.02,0.67,1.45,0.3,0.13,0.0,0.0,0.0,0.0,0.0,0.0,0.0,"kundur, segar",Low Carb
Lempog durian,1.90 g,320.0,3.5,63.7,5.7,0.0,0.0,4.9,14.88,5.83,19.6,8.51,0.0,0.0,0.0,0.0,0.0,0.0,0.0,0.0,lempog durian,Low Sugar
Saladstop Go Geisha,5.80 g,259.2,13.6,31.2,9.6,15.9,0.0,5.8,12.06,22.67,9.6,14.33,0.0,0.0,0.0,23.0,0.0,0.0,15.0,20.0,saladstop go geisha,Snack
beng beng shake it,1 g,45.0,1.0,6.0,2.5,0.0,20.0,0.0,2.09,1.67,1.85,3.73,1.33,0.0,0.0,0.0,2.0,3.0,4.0,0.0,beng beng shake it,Low Carb
F1 Shake Mix,9 g,100.0,9.0,13.0,1.0,0.0,180.0,0.0,4.65,15.0,4.0,1.49,12.0,0.0,12.0,15.0,0.0,5.0,0.0,0.0,f1 shake mix,Low Sugar
Tepung bumbu kobe kentucky super crispy,1 g,70.0,2.0,14.0,0.0,1.0,0.0,1.0,3.26,3.33,4.31,0.0,0.0,0.0,0.0,4.0,5.0,0.0,0.0,4.0,tepung bumbu kobe kentucky super crispy,Low Sugar
Tepung bumbu kobe bakwan & perkedel,2 g,70.0,2.0,15.0,0.0,1.0,0.0,2.0,3.26,3.33,4.62,0.0,0.0,0.0,0.0,4.0,5.0,0.0,0.0,7.0,tepung bumbu kobe bakwan & perkedel,Low Sugar
Tepung bumbu kobe pisang goreng,2 g,70.0,1.0,16.0,0.0,2.0,0.0,2.0,3.26,1.67,4.92,0.0,0.0,0.0,0.0,0.0,5.0,4.0,0.0,7.0,tepung bumbu kobe pisang goreng,Low Sugar
Tepung bumbu kobe bumbu kalasan,1 g,70.0,0.0,15.0,0.0,3.0,0.0,1.0,3.26,0.0,4.62,0.0,0.0,0.0,0.0,0.0,5.0,4.0,0.0,4.0,tepung bumbu kobe bumbu kalasan,Low Sugar
Tepung bumbu kobe tempe goreng,1 g,70.0,2.0,14.0,0.0,1.0,0.0,1.0,3.26,3.33,4.31,0.0,0.0,0.0,0.0,4.0,5.0,0.0,0.0,4.0,tepung bumbu kobe tempe goreng,Low Sugar
"Ikan Bandeng Presto, masakan",6 g,296.0,17.1,11.3,20.3,0.0,0.0,0.0,13.77,28.5,3.48,30.3,0.0,0.0,0.0,0.0,0.0,0.0,0.0,0.0,"ikan bandeng presto, masakan",High protein
Haverjoy Havermix Instant Oats & Choco Chips,4 g,25.0,4.0,25.0,3.0,0.0,10.0,0.0,6.51,6.67,7.69,4.48,0.67,0.0,0.0,7.0,8.0,0.0,0.0,0.0,haverjoy havermix instant oats & choco chips,Low Sugar
Haverjoy Rolled Oats,4 g,140.0,4.0,24.0,3.5,0.0,0.0,0.0,6.51,6.67,7.38,5.22,0.0,0.0,0.0,7.0,8.0,7.0,0.0,0.0,haverjoy rolled oats,Low Sugar
Susu kedelai V Soy,8 g,188.0,8.0,21.0,8.5,15.0,0.0,0.0,8.74,13.33,6.46,12.69,0.0,0.0,0.0,14.0,0.0,9.0,13.0,0.0,susu kedelai v soy,Snack
Soyjoy,5 g,150.0,5.0,12.0,9.0,7.0,0.0,5.0,6.98,8.33,3.69,13.43,0.0,0.0,0.0,9.0,0.0,0.0,14.0,17.0,soyjoy,Healthy
Soylicious sweetened,7 g,70.0,7.0,6.0,3.5,0.0,0.0,0.0,3.26,11.67,1.85,5.22,0.0,0.0,0.0,12.0,0.0,4.0,6.0,0.0,soylicious sweetened,Low Carb
Keripik singkong bumbu,2.30 g,481.0,2.2,73.6,19.7,0.0,0.0,1.6,22.37,3.67,22.65,29.4,0.0,0.0,0.0,0.0,0.0,0.0,0.0,0.0,keripik singkong bumbu,Low Sugar
Serimping talas kebumen,2.30 g,478.0,2.5,69.2,21.2,0.0,0.0,1.7,22.23,4.17,21.29,31.64,0.0,0.0,0.0,0.0,0.0,0.0,0.0,0.0,serimping talas kebumen,Low Sugar
Cadbury Dairy Milk Oreo,2 g,100.0,2.0,17.0,11.0,13.0,60.0,0.0,7.91,3.33,5.23,16.42,4.0,30.0,0.0,0.0,0.0,8.0,17.0,0.0,cadbury dairy milk oreo,Snack
Top Avocado Coffee,1 g,90.0,1.0,15.0,3.0,10.0,25.0,0.0,4.19,1.67,4.62,4.48,1.67,15.0,0.0,0.0,5.0,0.0,5.0,0.0,top avocado coffee,Healthy
"Daun singkong ampenan, segar",1.20 g,50.0,6.2,7.1,1.1,0.0,49.0,2.4,2.33,10.33,2.18,1.64,3.27,0.0,0.0,0.0,0.0,0.0,0.0,0.0,"daun singkong ampenan, segar",Low Carb
"Pisang mas bali ampenan, segar",0.50 g,92.0,1.4,21.0,0.2,0.0,32.0,3.7,4.28,2.33,6.46,0.3,2.13,0.0,0.0,0.0,0.0,0.0,0.0,0.0,"pisang mas bali ampenan, segar",Low Sugar
"Lawar penyu, masakan",1.60 g,141.0,23.0,7.6,1.5,0.0,0.0,0.0,6.56,38.33,2.34,2.24,0.0,0.0,0.0,0.0,0.0,0.0,0.0,0.0,"lawar penyu, masakan",High protein
"Daun gunda serang, segar",1.10 g,62.0,4.2,9.2,0.9,0.0,0.0,1.3,2.88,7.0,2.83,1.34,0.0,0.0,0.0,0.0,0.0,0.0,0.0,0.0,"daun gunda serang, segar",Low Carb
"Penyu, serapah, masakan",1.20 g,174.0,13.1,2.2,12.2,0.0,0.0,0.0,8.09,21.83,0.68,18.21,0.0,0.0,0.0,0.0,0.0,0.0,0.0,0.0,"penyu, serapah, masakan",Low Carb
Anlene (cokelat),7 g,135.0,7.0,21.0,3.0,20.0,0.0,0.0,6.28,11.67,6.46,4.48,0.0,0.0,0.0,12.0,7.0,7.0,0.0,0.0,anlene (cokelat),Healthy
Energen sereal cokelat,1 g,130.0,1.0,23.0,3.5,17.0,0.0,1.0,6.05,1.67,7.08,5.22,0.0,0.0,0.0,0.0,8.0,7.0,6.0,0.0,energen sereal cokelat,Healthy
Nutrive Benecol,0 g,60.0,1.0,9.0,2.0,4.0,0.0,0.0,2.79,1.67,2.77,2.99,0.0,0.0,0.0,0.0,3.0,3.0,3.0,0.0,nutrive benecol,Low Carb
Sale kesemek,1.80 g,296.0,1.1,71.4,0.6,0.0,0.0,0.0,13.77,1.83,21.97,0.9,0.0,0.0,0.0,0.0,0.0,0.0,0.0,0.0,sale kesemek,Low Sugar
buah pir / pear,83.96 g,57.0,0.36,15.23,0.14,0.0,1.0,3.1,2.65,0.6,4.69,0.21,0.07,0.0,0.0,0.0,0.0,0.0,0.0,0.0,buah pir / pear,Low Sugar
Ikan salmon,1.33 g,179.0,19.93,0.0,10.43,0.0,47.0,0.0,8.33,33.22,0.0,15.57,3.13,0.0,0.0,0.0,0.0,0.0,0.0,0.0,ikan salmon,High protein
"Ikan Pepetek, mentah",28.60 g,176.0,32.0,2.0,4.4,0.0,79.0,0.0,8.19,53.33,0.62,6.57,5.27,0.0,0.0,0.0,0.0,0.0,0.0,0.0,"ikan pepetek, mentah",High protein
"Ketimun, mentimun, timun, segar",0.30 g,8.0,0.2,1.4,0.2,0.0,2.0,0.3,0.37,0.33,0.43,0.3,0.13,0.0,0.0,0.0,0.0,0.0,0.0,0.0,"ketimun, mentimun, timun, segar",Low Carb
A&W Root beer float,0 g,350.0,2.0,77.0,5.0,64.0,0.0,0.0,16.28,3.33,23.69,7.46,0.0,0.0,0.0,0.0,24.0,17.0,8.0,0.0,a&w root beer float,Snack
Indomie tengkleng,7 g,350.0,9.0,45.0,14.0,2.0,0.0,7.0,16.28,15.0,13.85,20.9,0.0,0.0,0.0,0.0,0.0,17.0,21.0,24.0,indomie tengkleng,Low Sugar
V-soy Multigrain,1.20 g,138.0,5.4,15.2,6.0,14.0,106.0,1.2,6.42,9.0,4.68,8.96,7.07,0.0,0.0,0.0,0.0,0.0,0.0,0.0,v-soy multigrain,Healthy
"Sukiyaki, masakan",0.80 g,75.0,5.6,12.2,0.4,0.0,426.0,0.2,3.49,9.33,3.75,0.6,28.4,0.0,0.0,0.0,0.0,0.0,0.0,0.0,"sukiyaki, masakan",Low Sugar
Jules drestrooper speculoos,3 g,545.0,3.0,53.0,35.0,41.0,600.0,0.0,25.35,5.0,16.31,52.24,40.0,0.0,40.0,0.0,0.0,26.0,53.0,0.0,jules drestrooper speculoos,Snack
"Balingo, segar",0.30 g,15.0,0.4,3.0,0.2,0.0,2.0,0.4,0.7,0.67,0.92,0.3,0.13,0.0,0.0,0.0,0.0,0.0,0.0,0.0,"balingo, segar",Low Carb
"Daun gunda bali, segar",1.10 g,50.0,4.6,7.0,0.9,0.0,0.0,1.4,2.33,7.67,2.15,1.34,0.0,0.0,0.0,0.0,0.0,0.0,0.0,0.0,"daun gunda bali, segar",Low Carb
Kacang ranti polong,0.30 g,37.0,3.1,7.9,0.2,0.0,0.0,2.5,1.72,5.17,2.43,0.3,0.0,0.0,0.0,0.0,0.0,0.0,0.0,0.0,kacang ranti polong,Low Carb
Jambu biji putih tidak berbiji,0.60 g,61.0,0.9,15.4,0.3,0.0,20.0,4.5,2.84,1.5,4.74,0.45,1.33,0.0,0.0,0.0,0.0,0.0,0.0,0.0,jambu biji putih tidak berbiji,Low Sugar
"Kerbau, daging, segar",0.80 g,79.0,18.7,0.0,0.5,0.0,91.0,0.0,3.67,31.17,0.0,0.75,6.07,0.0,0.0,0.0,0.0,0.0,0.0,0.0,"kerbau, daging, segar",High protein
"Ikan Terbang, segar",1.60 g,98.0,19.6,1.0,1.7,0.0,90.0,0.0,4.56,32.67,0.31,2.54,6.0,0.0,0.0,0.0,0.0,0.0,0.0,0.0,"ikan terbang, segar",High protein
Bluberry,7.50 g,317.0,2.5,80.0,2.5,0.0,0.0,7.5,14.74,4.17,24.62,3.73,0.0,0.0,0.0,0.0,0.0,0.0,0.0,0.0,bluberry,Low Sugar
Selai Smucker's Blueberry,0 g,50.0,0.0,13.0,0.0,12.0,0.0,0.0,2.33,0.0,4.0,0.0,0.0,0.0,0.0,0.0,4.0,3.0,0.0,0.0,selai smucker's blueberry,Healthy
Gilus mix aroma vanila (isi 10 sachet),1 g,90.0,1.0,21.0,0.5,17.0,0.0,0.0,4.19,1.67,6.46,0.75,0.0,0.0,0.0,2.0,7.0,5.0,0.0,0.0,gilus mix aroma vanila (isi 10 sachet),Healthy
"Petai, segar",1.10 g,92.0,5.4,15.2,1.1,0.0,55.0,2.0,4.28,9.0,4.68,1.64,3.67,0.0,0.0,0.0,0.0,0.0,0.0,0.0,"petai, segar",Low Sugar
Nagasari,2.09 g,154.0,2.09,30.25,2.87,0.0,91.0,0.0,7.16,3.48,9.31,4.28,6.07,0.0,7.0,0.0,10.0,8.0,0.0,0.0,nagasari,Low Sugar
Petis ikan,3 g,165.0,20.0,20.8,0.2,0.0,0.0,0.0,7.67,33.33,6.4,0.3,0.0,0.0,0.0,0.0,0.0,0.0,0.0,0.0,petis ikan,High protein
Petis udang kering,7.10 g,345.0,23.8,59.3,1.4,0.0,11998.0,0.0,16.05,39.67,18.25,2.09,799.87,0.0,0.0,0.0,0.0,0.0,0.0,0.0,petis udang kering,High protein
Saus Curry,1 g,70.0,1.0,7.0,4.5,5.0,0.0,1.0,3.26,1.67,2.15,6.72,0.0,0.0,0.0,0.0,0.0,4.0,7.0,4.0,saus curry,Low Carb
Bihunku white curry,2 g,220.0,2.0,38.0,6.0,4.0,0.0,0.0,10.23,3.33,11.69,8.96,0.0,0.0,0.0,0.0,12.0,11.0,9.0,0.0,bihunku white curry,Low Sugar
Steamed Beancurd Sheet Roll,6.20 g,150.0,6.2,3.0,12.0,0.0,250.0,0.0,6.98,10.33,0.92,17.91,16.67,0.0,17.0,11.0,0.0,0.0,18.0,0.0,steamed beancurd sheet roll,Low Carb
Froot Loops,3 g,120.0,2.0,26.0,0.5,11.0,0.0,3.0,5.58,3.33,8.0,0.75,0.0,0.0,0.0,0.0,8.0,6.0,0.0,10.0,froot loops,Healthy
Mcfloat,1.04 g,107.0,1.04,1.36,11.03,0.0,25.0,0.0,4.98,1.73,0.42,16.46,1.67,0.0,0.0,2.0,0.0,5.0,17.0,0.0,mcfloat,Low Carb
"Daun mangkokan, segar",2.20 g,57.0,3.7,11.8,0.3,0.0,0.0,0.0,2.65,6.17,3.63,0.45,0.0,0.0,0.0,0.0,0.0,0.0,0.0,0.0,"daun mangkokan, segar",Low Sugar
"Kokosan, segar",0.20 g,86.0,1.6,13.0,0.2,0.0,2.0,1.4,4.0,2.67,4.0,0.3,0.13,0.0,0.0,0.0,0.0,0.0,0.0,0.0,"kokosan, segar",Low Sugar
Coolant minuman,0 g,100.0,0.0,25.0,0.0,23.0,0.0,0.0,4.65,0.0,7.69,0.0,0.0,0.0,0.0,0.0,8.0,5.0,0.0,0.0,coolant minuman,Healthy
Etira singkong stik,3 g,170.0,1.0,40.0,1.0,0.0,0.0,3.0,7.91,1.67,12.31,1.49,0.0,0.0,0.0,0.0,13.0,8.0,0.0,10.0,etira singkong stik,Low Sugar
Kacang merah kering,2.90 g,314.0,22.1,56.2,1.1,0.0,11.0,4.0,14.6,36.83,17.29,1.64,0.73,0.0,0.0,0.0,0.0,0.0,0.0,0.0,kacang merah kering,High protein
Sariroti roti sobek coklat,2 g,370.0,7.0,56.0,13.0,17.0,250.0,2.0,17.21,11.67,17.23,19.4,16.67,0.0,0.0,0.0,18.0,18.0,20.0,0.0,sariroti roti sobek coklat,Snack
Roti Mr.Bread sobek keju,5 g,200.0,5.0,33.0,6.0,0.0,250.0,0.0,9.3,8.33,10.15,8.96,16.67,0.0,17.0,0.0,11.0,10.0,0.0,0.0,roti mr.bread sobek keju,Low Sugar
Roti Sobek Cokelat Keju Sari Roti,6 g,350.0,9.0,51.0,12.0,16.0,500.0,6.0,16.28,15.0,15.69,17.91,33.33,30.0,34.0,0.0,0.0,0.0,0.0,20.0,roti sobek cokelat keju sari roti,Snack
"Domba, ginjal, segar",1.30 g,100.0,16.6,1.0,3.3,0.0,155.0,0.0,4.65,27.67,0.31,4.93,10.33,0.0,0.0,0.0,0.0,0.0,0.0,0.0,"domba, ginjal, segar",High protein
YUPI BOLICIOUS VERY STRAWBERRY,1 g,50.0,1.0,12.0,0.0,0.0,5.0,0.0,2.33,1.67,3.69,0.0,0.33,0.0,0.0,2.0,4.0,3.0,0.0,0.0,yupi bolicious very strawberry,Low Sugar
Yupi Fruit Bites,1 g,0.0,1.0,12.0,0.0,6.0,0.0,0.0,2.33,1.67,3.69,0.0,0.0,0.0,0.0,2.0,4.0,3.0,0.0,0.0,yupi fruit bites,Healthy
"Ikan Dendeng mujahir, mentah",14.10 g,582.0,68.3,37.2,15.2,0.0,0.0,0.0,27.07,113.83,11.45,22.69,0.0,0.0,0.0,0.0,0.0,0.0,0.0,0.0,"ikan dendeng mujahir, mentah",High protein
"Dendeng mujahir goreng, masakan",13.10 g,598.0,74.3,9.2,26.9,0.0,0.0,0.0,27.81,123.83,2.83,40.15,0.0,0.0,0.0,0.0,0.0,0.0,0.0,0.0,"dendeng mujahir goreng, masakan",High protein
chicken nugget,15.58 g,297.0,15.58,16.32,18.82,0.0,574.0,0.0,13.81,25.97,5.02,28.09,38.27,0.0,39.0,26.0,0.0,0.0,29.0,0.0,chicken nugget,High protein
belfoods chicken Nugget crunch,15 g,290.0,15.0,15.0,19.0,0.0,460.0,0.0,13.49,25.0,4.62,28.36,30.67,0.0,31.0,25.0,0.0,0.0,29.0,0.0,belfoods chicken nugget crunch,High protein
Champ Combination Chicken Nugget,12 g,90.0,12.0,8.0,20.0,0.0,720.0,0.0,11.63,20.0,2.46,29.85,48.0,50.0,48.0,0.0,0.0,0.0,30.0,0.0,champ combination chicken nugget,Low Carb
"Selada, segar",0.90 g,18.0,1.2,2.9,0.2,0.0,19.0,1.8,0.84,2.0,0.89,0.3,1.27,0.0,0.0,0.0,0.0,0.0,0.0,0.0,"selada, segar",Low Carb
Selada rebus,0.70 g,19.0,2.7,2.9,0.2,0.0,24.0,0.7,0.88,4.5,0.89,0.3,1.6,0.0,0.0,0.0,0.0,0.0,0.0,0.0,selada rebus,Low Carb
"Teri belado, masakan",10.90 g,365.0,23.7,17.5,22.3,0.0,0.0,0.0,16.98,39.5,5.38,33.28,0.0,0.0,0.0,0.0,0.0,0.0,0.0,0.0,"teri belado, masakan",High protein
"Daun lobak, segar",1.40 g,30.0,2.3,5.8,0.4,0.0,16.0,3.2,1.4,3.83,1.78,0.6,1.07,0.0,0.0,0.0,0.0,0.0,0.0,0.0,"daun lobak, segar",Low Carb
"Lobak, segar",0.70 g,21.0,0.9,4.2,0.1,0.0,49.0,1.4,0.98,1.5,1.29,0.15,3.27,0.0,0.0,0.0,0.0,0.0,0.0,0.0,"lobak, segar",Low Carb
Swallow Globe Agar Agar Bubuk Vanilla,0 g,5.0,0.0,2.0,0.0,0.0,0.0,0.0,0.23,0.0,0.62,0.0,0.0,0.0,0.0,0.0,1.0,1.0,0.0,0.0,swallow globe agar agar bubuk vanilla,Low Carb
"Saboko saltan, masakan",0.30 g,113.0,17.1,3.0,3.6,0.0,40.0,0.0,5.26,28.5,0.92,5.37,2.67,0.0,0.0,0.0,0.0,0.0,0.0,0.0,"saboko saltan, masakan",High protein
"Saboko sardin, masakan",7.90 g,110.0,12.9,4.9,4.3,0.0,200.0,0.0,5.12,21.5,1.51,6.42,13.33,0.0,0.0,0.0,0.0,0.0,0.0,0.0,"saboko sardin, masakan",Low Carb
"Lawar babi, masakan",1.20 g,174.0,17.0,3.0,10.0,0.0,0.0,0.0,8.09,28.33,0.92,14.93,0.0,0.0,0.0,0.0,0.0,0.0,0.0,0.0,"lawar babi, masakan",High protein
"Lawara jangang, masakan",1.60 g,159.0,5.0,10.1,10.9,0.0,400.0,0.0,7.4,8.33,3.11,16.27,26.67,0.0,0.0,0.0,0.0,0.0,0.0,0.0,"lawara jangang, masakan",Low Sugar
susu anlene gold plus Hi-Calsium,6 g,10.0,6.0,20.0,1.0,0.0,90.0,0.0,5.12,10.0,6.15,1.49,6.0,0.0,0.0,0.0,0.0,0.0,0.0,0.0,susu anlene gold plus hi-calsium,Low Sugar
A&W,0 g,170.0,0.0,43.0,0.0,43.0,0.0,0.0,7.91,0.0,13.23,0.0,0.0,0.0,0.0,0.0,14.0,8.0,0.0,0.0,a&w,Snack
A&W root beer,0 g,290.0,0.0,78.0,0.0,75.0,0.0,0.0,13.49,0.0,24.0,0.0,0.0,0.0,0.0,0.0,24.0,14.0,0.0,0.0,a&w root beer,Snack
A&W burger mozza,2 g,550.0,25.0,43.0,33.0,12.0,0.0,2.0,25.58,41.67,13.23,49.25,0.0,0.0,0.0,42.0,0.0,26.0,50.0,0.0,a&w burger mozza,High protein
A&W Burger cheeseburger,1 g,398.0,15.0,39.0,21.0,9.0,0.0,1.0,18.51,25.0,12.0,31.34,0.0,0.0,0.0,25.0,0.0,19.0,32.0,0.0,a&w burger cheeseburger,High protein
V-soy Soya bean Milk Low Sugar,2.70 g,56.0,2.7,5.2,2.7,2.2,0.0,0.0,2.6,4.5,1.6,4.03,0.0,6.0,0.0,5.0,0.0,0.0,5.0,0.0,v-soy soya bean milk low sugar,Low Carb
Prenagen Esensis,6 g,150.0,6.0,29.0,1.0,0.0,150.0,0.0,6.98,10.0,8.92,1.49,10.0,0.0,10.0,10.0,9.0,0.0,0.0,0.0,prenagen esensis,Low Sugar
"Pisang ketip, segar",0.70 g,145.0,1.1,34.5,0.3,0.0,4.0,6.6,6.74,1.83,10.62,0.45,0.27,0.0,0.0,0.0,0.0,0.0,0.0,0.0,"pisang ketip, segar",Low Sugar
"Buaya, daging, dendeng, mentah",2.50 g,365.0,49.6,30.8,4.8,0.0,500.0,0.0,16.98,82.67,9.48,7.16,33.33,0.0,0.0,0.0,0.0,0.0,0.0,0.0,"buaya, daging, dendeng, mentah",High protein
Kacang tanah rebus dengan kulit,2.30 g,360.0,13.5,12.8,31.2,0.0,32.0,0.0,16.74,22.5,3.94,46.57,2.13,0.0,0.0,0.0,0.0,0.0,0.0,0.0,kacang tanah rebus dengan kulit,Low Sugar
